id,query,success,error
1,"-- meta {""num_joins"":3,""num_aggregates"":0,""has_union"":false,""has_intersect"":false,""has_negation"":false} select results_1.resultid , provsql.sr_why(provsql.provenance(), 'provmap') from circuits as circuits_1 inner join constructors as constructors_1 inner join constructors as constructors_2 inner join results as results_1 on (constructors_2.constructorid = results_1.resultid ) on (constructors_1.constructorid = results_1.resultid ) on (circuits_1.circuitid = constructors_2.constructorid ) where constructors_1.constructorid is not NULL limit 3;",YES,""
2,"-- meta {""num_joins"":0,""num_aggregates"":0,""has_union"":false,""has_intersect"":false,""has_negation"":true} (select standings_1.position, standings_1.wins , provsql.sr_why(provsql.provenance(), 'provmap') from standings as standings_1 where standings_1.points is not NULL limit 1) EXCEPT (select races_1.round, races_1.round , provsql.sr_why(provsql.provenance(), 'provmap') from races as races_1 where races_1.round >= races_1.raceid limit 25);",YES,""
3,"-- meta {""num_joins"":3,""num_aggregates"":1,""has_union"":true,""has_intersect"":false,""has_negation"":false} (select circuits_1.lat, races_1.round, circuits_1.lng, drivers_1.nationality, races_1.year , provsql.sr_why(provsql.provenance(), 'provmap') from drivers as drivers_1 inner join races as races_1 inner join circuits as circuits_1 on (races_1.raceid = circuits_1.circuitid ) on (drivers_1.driverid = circuits_1.circuitid ) where drivers_1.nationality is not NULL limit 42) UNION (select constructor_results_1.points, constructor_results_1.constructorid, min( constructor_results_1.date), drivers_2.forename, constructor_results_1.constructorresultsid , provsql.sr_why(provsql.provenance(), 'provmap') from drivers as drivers_2 inner join constructor_results as constructor_results_1 on (drivers_2.driverid = constructor_results_1.constructorresultsid ) where constructor_results_1.date is not NULL group by constructor_results_1.constructorresultsid, constructor_results_1.date, constructor_results_1.raceid, drivers_2.driverid, drivers_2.forename limit 23);",NO,"ERREUR:  les UNION types double precision et timestamp without time zone ne peuvent pas correspondre LIGNE 19 : min(            ^"
4,"-- meta {""num_joins"":2,""num_aggregates"":10,""has_union"":false,""has_intersect"":false,""has_negation"":true} (select standings_1.position, max( drivers_1.dob), results_1.fastestlap, drivers_1.driverid, results_1.resultid, max( standings_1.points), min( standings_1.date), standings_1.driverid, count(*), drivers_1.dob, max( standings_1.date), min( results_1.milliseconds), drivers_1.driverref, results_1.constructorid , provsql.sr_why(provsql.provenance(), 'provmap') from results as results_1 inner join drivers as drivers_1 inner join standings as standings_1 on (drivers_1.driverid = standings_1.driverstandingsid ) on (results_1.resultid = standings_1.driverstandingsid ) where drivers_1.surname is not NULL group by drivers_1.dob, drivers_1.driverid, drivers_1.driverref, results_1.constructorid, results_1.fastestlap, results_1.resultid, standings_1.driverid, standings_1.position limit 35) EXCEPT (select results_2.resultid, min( results_2.date), max( results_2.rank), results_2.grid, results_2.driverid, avg( results_2.points), max( results_2.date), results_2.raceid, count(*), results_2.date, min( results_2.date), avg( results_2.rank), min( results_2.date), results_2.constructorid , provsql.sr_why(provsql.provenance(), 'provmap') from results as results_2 where results_2.rank = results_2.milliseconds group by results_2.constructorid, results_2.date, results_2.driverid, results_2.grid, results_2.position, results_2.rank, results_2.statusid limit 13);",NO,"ERREUR:  la colonne « results_2.resultid » doit apparaître dans la clause GROUP BY ou doit être utilisé dans une fonction d'agrégat LIGNE 32 : results_2.resultid,            ^"
5,"-- meta {""num_joins"":0,""num_aggregates"":1,""has_union"":false,""has_intersect"":false,""has_negation"":false} select constructor_standings_1.wins, constructor_standings_1.position, count(*), constructor_standings_1.raceid, constructor_standings_1.constructorid, constructor_standings_1.points , provsql.sr_why(provsql.provenance(), 'provmap') from constructor_standings as constructor_standings_1 where constructor_standings_1.date < constructor_standings_1.date group by constructor_standings_1.constructorid, constructor_standings_1.points, constructor_standings_1.position, constructor_standings_1.raceid, constructor_standings_1.wins limit 7;",YES,""
6,"-- meta {""num_joins"":1,""num_aggregates"":2,""has_union"":false,""has_intersect"":true,""has_negation"":false} (select drivers_1.driverref, drivers_1.dob , provsql.sr_why(provsql.provenance(), 'provmap') from drivers as drivers_1 where drivers_1.surname is not NULL limit 19) INTERSECT (select sum( constructor_standings_1.wins), max( constructor_results_1.date) , provsql.sr_why(provsql.provenance(), 'provmap') from constructor_standings as constructor_standings_1 inner join constructor_results as constructor_results_1 on (constructor_standings_1.constructorstandingsid = constructor_results_1.constructorresultsid ) where constructor_results_1.date is not NULL group by constructor_results_1.constructorid, constructor_standings_1.constructorstandingsid, constructor_standings_1.position, constructor_standings_1.raceid limit 28);",NO,"ERREUR:  les INTERSECT types text et numeric ne peuvent pas correspondre LIGNE 10 : sum(            ^"
7,"-- meta {""num_joins"":1,""num_aggregates"":1,""has_union"":false,""has_intersect"":false,""has_negation"":false} select constructor_standings_1.raceid, constructor_standings_2.wins, constructor_standings_1.wins, constructor_standings_2.constructorstandingsid, constructor_standings_2.date, min( constructor_standings_2.date) , provsql.sr_why(provsql.provenance(), 'provmap') from constructor_standings as constructor_standings_1 inner join constructor_standings as constructor_standings_2 on (constructor_standings_1.constructorstandingsid = constructor_standings_2.constructorstandingsid ) where constructor_standings_1.position is not NULL group by constructor_standings_1.raceid, constructor_standings_1.wins, constructor_standings_2.constructorstandingsid, constructor_standings_2.date, constructor_standings_2.wins limit 40;",YES,""
8,"-- meta {""num_joins"":5,""num_aggregates"":3,""has_union"":false,""has_intersect"":true,""has_negation"":false} (select results_1.date, standings_1.date , provsql.sr_why(provsql.provenance(), 'provmap') from circuits as circuits_1 inner join results as results_1 on (circuits_1.circuitid = results_1.resultid ) inner join standings as standings_1 on (circuits_1.circuitid = standings_1.driverstandingsid ) inner join constructors as constructors_1 on (circuits_1.circuitid = constructors_1.constructorid ) where constructors_1.constructorid is not NULL limit 28) INTERSECT (select results_3.date, results_2.date , provsql.sr_why(provsql.provenance(), 'provmap') from constructors as constructors_2 inner join results as results_2 on (constructors_2.constructorid = results_2.resultid ) inner join results as results_3 on (results_2.resultid = results_3.resultid ) where results_3.milliseconds is not NULL group by constructors_2.constructorref, constructors_2.name, results_2.fastestlap, results_2.grid, results_2.raceid, results_3.constructorid, results_3.driverid, results_3.laps, results_3.rank limit 20);",NO,"ERREUR:  la colonne « results_3.date » doit apparaître dans la clause GROUP BY ou doit être utilisé dans une fonction d'agrégat LIGNE 16 : results_3.date,            ^"
9,"-- meta {""num_joins"":0,""num_aggregates"":0,""has_union"":false,""has_intersect"":true,""has_negation"":false} (select races_1.round, races_1.circuitid, races_1.raceid , provsql.sr_why(provsql.provenance(), 'provmap') from races as races_1 where races_1.time is not NULL limit 42) INTERSECT (select circuits_1.circuitid, circuits_1.circuitid, circuits_1.circuitid , provsql.sr_why(provsql.provenance(), 'provmap') from circuits as circuits_1 where circuits_1.circuitref is not NULL limit 28);",NO,"ERREUR:  Set operations other than UNION and EXCEPT not supported by provsql"
10,"-- meta {""num_joins"":4,""num_aggregates"":1,""has_union"":false,""has_intersect"":false,""has_negation"":true} (select constructors_1.constructorref , provsql.sr_why(provsql.provenance(), 'provmap') from constructor_results as constructor_results_1 inner join drivers as drivers_1 inner join races as races_1 on (drivers_1.driverid = races_1.raceid ) on (constructor_results_1.constructorresultsid = races_1.raceid ) inner join constructors as constructors_1 inner join constructors as constructors_2 on (constructors_1.constructorid = constructors_2.constructorid ) on (drivers_1.driverid = constructors_1.constructorid ) where constructors_1.constructorref is not NULL limit 9) EXCEPT (select constructors_3.name , provsql.sr_why(provsql.provenance(), 'provmap') from constructors as constructors_3 where constructors_3.name is not NULL group by constructors_3.constructorid, constructors_3.constructorref, constructors_3.nationality limit 1);",YES,""
11,"-- meta {""num_joins"":3,""num_aggregates"":3,""has_union"":true,""has_intersect"":false,""has_negation"":false} (select constructors_1.nationality, constructors_1.constructorid, constructor_results_1.constructorid, max( constructor_results_1.points), max( constructor_results_1.date), constructors_1.constructorref, constructor_results_1.points, constructors_1.name, constructor_results_1.date, constructor_results_1.raceid, constructor_results_1.constructorresultsid , provsql.sr_why(provsql.provenance(), 'provmap') from constructor_results as constructor_results_1 inner join constructors as constructors_1 on (constructor_results_1.constructorresultsid = constructors_1.constructorid ) where constructor_results_1.points is not NULL group by constructor_results_1.constructorid, constructor_results_1.constructorresultsid, constructor_results_1.date, constructor_results_1.points, constructor_results_1.raceid, constructors_1.constructorid, constructors_1.constructorref, constructors_1.name, constructors_1.nationality limit 2) UNION (select count(*), constructor_results_2.constructorid, constructor_results_2.constructorid, max( constructor_results_2.points), max( standings_1.date), max( qualifying_1.raceid), standings_1.points, max( qualifying_1.date), constructor_results_2.date, constructor_results_2.constructorid, min( standings_1.date) , provsql.sr_why(provsql.provenance(), 'provmap') from qualifying as qualifying_1 inner join constructor_results as constructor_results_2 on (qualifying_1.qualifyid = constructor_results_2.constructorresultsid ) inner join standings as standings_1 on (constructor_results_2.constructorresultsid = standings_1.driverstandingsid ) where standings_1.raceid is not NULL group by constructor_results_2.constructorid, qualifying_1.constructorid, standings_1.position limit 40);",NO,"ERREUR:  la colonne « standings_1.points » doit apparaître dans la clause GROUP BY ou doit être utilisé dans une fonction d'agrégat LIGNE 33 : standings_1.points,            ^"
12,"-- meta {""num_joins"":1,""num_aggregates"":1,""has_union"":true,""has_intersect"":false,""has_negation"":false} (select standings_1.wins, standings_2.position, max( standings_2.date), standings_2.raceid , provsql.sr_why(provsql.provenance(), 'provmap') from standings as standings_1 inner join standings as standings_2 on (standings_1.driverstandingsid = standings_2.driverstandingsid ) where standings_2.points is not NULL group by standings_1.wins, standings_2.position, standings_2.raceid limit 3) UNION (select constructor_standings_1.constructorid, constructor_standings_1.position, max( constructor_standings_1.date), constructor_standings_1.wins , provsql.sr_why(provsql.provenance(), 'provmap') from constructor_standings as constructor_standings_1 where constructor_standings_1.raceid is not NULL limit 37);",NO,"ERREUR:  la colonne « constructor_standings_1.constructorid » doit apparaître dans la clause GROUP BY ou doit être utilisé dans une fonction d'agrégat LIGNE 16 : constructor_standings_1.constructorid,            ^"
13,"-- meta {""num_joins"":0,""num_aggregates"":1,""has_union"":false,""has_intersect"":true,""has_negation"":false} (select results_1.points, results_1.statusid, results_1.position, results_1.fastestlap, results_1.positionorder , provsql.sr_why(provsql.provenance(), 'provmap') from results as results_1 where results_1.resultid is not NULL limit 23) INTERSECT (select min( constructor_results_1.constructorresultsid), constructor_results_1.constructorresultsid, constructor_results_1.points, count(*), constructor_results_1.constructorid , provsql.sr_why(provsql.provenance(), 'provmap') from constructor_results as constructor_results_1 where constructor_results_1.constructorid is not NULL group by constructor_results_1.constructorresultsid, constructor_results_1.date, constructor_results_1.points, constructor_results_1.raceid limit 7);",NO,"ERREUR:  Set operations other than UNION and EXCEPT not supported by provsql"
14,"-- meta {""num_joins"":2,""num_aggregates"":0,""has_union"":false,""has_intersect"":false,""has_negation"":false} select standings_1.date, races_1.raceid, results_1.grid, races_1.year, races_1.round , provsql.sr_why(provsql.provenance(), 'provmap') from standings as standings_1 inner join races as races_1 on (standings_1.driverstandingsid = races_1.raceid ) inner join results as results_1 on (standings_1.driverstandingsid = results_1.resultid ) where results_1.constructorid is not NULL limit 41;",YES,""
15,"-- meta {""num_joins"":0,""num_aggregates"":2,""has_union"":false,""has_intersect"":true,""has_negation"":false} (select constructors_1.constructorref, constructors_1.name, constructors_1.constructorid , provsql.sr_why(provsql.provenance(), 'provmap') from constructors as constructors_1 where constructors_1.constructorid is not NULL limit 3) INTERSECT (select avg( constructor_standings_1.wins), min( constructor_standings_1.constructorstandingsid), constructor_standings_1.position , provsql.sr_why(provsql.provenance(), 'provmap') from constructor_standings as constructor_standings_1 where constructor_standings_1.constructorstandingsid is not NULL group by constructor_standings_1.constructorid, constructor_standings_1.date, constructor_standings_1.position limit 41);",NO,"ERREUR:  les INTERSECT types text et numeric ne peuvent pas correspondre LIGNE 11 : avg(            ^"
16,"-- meta {""num_joins"":0,""num_aggregates"":1,""has_union"":false,""has_intersect"":false,""has_negation"":true} (select qualifying_1.date , provsql.sr_why(provsql.provenance(), 'provmap') from qualifying as qualifying_1 where qualifying_1.driverid is not NULL limit 36) EXCEPT (select avg( circuits_1.lat) , provsql.sr_why(provsql.provenance(), 'provmap') from circuits as circuits_1 where circuits_1.lat is not NULL group by circuits_1.alt limit 22);",NO,"ERREUR:  les EXCEPT types timestamp without time zone et double precision ne peuvent pas correspondre LIGNE 9 : avg(           ^"
17,"-- meta {""num_joins"":1,""num_aggregates"":5,""has_union"":false,""has_intersect"":false,""has_negation"":false} select constructor_standings_1.raceid, results_1.number, constructor_standings_1.points, count(*), constructor_standings_1.date, results_1.grid, constructor_standings_1.wins, sum( results_1.position), constructor_standings_1.constructorid, results_1.driverid, results_1.laps, results_1.resultid, min( results_1.fastestlap), count( constructor_standings_1.constructorid), results_1.date, results_1.position, max( results_1.raceid), constructor_standings_1.position, results_1.positionorder, results_1.milliseconds, constructor_standings_1.constructorstandingsid , provsql.sr_why(provsql.provenance(), 'provmap') from constructor_standings as constructor_standings_1 inner join results as results_1 on (constructor_standings_1.constructorstandingsid = results_1.resultid ) where constructor_standings_1.points = results_1.rank group by constructor_standings_1.constructorid, constructor_standings_1.constructorstandingsid, constructor_standings_1.date, constructor_standings_1.points, constructor_standings_1.position, constructor_standings_1.raceid, constructor_standings_1.wins, results_1.date, results_1.driverid, results_1.grid, results_1.laps, results_1.milliseconds, results_1.number, results_1.position, results_1.positionorder, results_1.resultid limit 24;",YES,""
18,"-- meta {""num_joins"":1,""num_aggregates"":2,""has_union"":false,""has_intersect"":false,""has_negation"":false} select min( drivers_1.dob), min( drivers_1.dob), constructor_standings_1.points, drivers_1.nationality, constructor_standings_1.position , provsql.sr_why(provsql.provenance(), 'provmap') from constructor_standings as constructor_standings_1 inner join drivers as drivers_1 on (constructor_standings_1.constructorstandingsid = drivers_1.driverid ) where drivers_1.nationality is not NULL group by constructor_standings_1.points, constructor_standings_1.position, drivers_1.nationality limit 33;",YES,""
19,"-- meta {""num_joins"":3,""num_aggregates"":0,""has_union"":false,""has_intersect"":false,""has_negation"":true} (select constructor_results_1.date, constructor_results_1.points, constructor_results_1.raceid, constructor_results_1.constructorid, constructor_results_1.constructorresultsid , provsql.sr_why(provsql.provenance(), 'provmap') from constructor_results as constructor_results_1 where constructor_results_1.constructorresultsid is not NULL limit 26) EXCEPT (select constructor_standings_1.date, constructor_standings_1.points, qualifying_2.qualifyid, races_1.year, races_1.raceid , provsql.sr_why(provsql.provenance(), 'provmap') from constructor_standings as constructor_standings_1 inner join races as races_1 inner join qualifying as qualifying_1 on (races_1.raceid = qualifying_1.qualifyid ) on (constructor_standings_1.constructorstandingsid = qualifying_1.qualifyid ) inner join qualifying as qualifying_2 on (constructor_standings_1.constructorstandingsid = qualifying_2.qualifyid ) where qualifying_1.position is not NULL limit 6);",YES,""
20,"-- meta {""num_joins"":2,""num_aggregates"":1,""has_union"":false,""has_intersect"":false,""has_negation"":false} select qualifying_1.number, constructor_standings_1.points, constructor_standings_1.constructorstandingsid, constructor_standings_1.date, min( constructor_standings_1.date), constructors_1.constructorid , provsql.sr_why(provsql.provenance(), 'provmap') from qualifying as qualifying_1 inner join constructor_standings as constructor_standings_1 on (qualifying_1.qualifyid = constructor_standings_1.constructorstandingsid ) inner join constructors as constructors_1 on (qualifying_1.qualifyid = constructors_1.constructorid ) where constructor_standings_1.points > constructor_standings_1.points group by constructor_standings_1.constructorstandingsid, constructor_standings_1.date, constructor_standings_1.points, constructors_1.constructorid, qualifying_1.number limit 5;",YES,""
21,"-- meta {""num_joins"":0,""num_aggregates"":1,""has_union"":false,""has_intersect"":false,""has_negation"":true} (select max( results_1.date), results_1.position , provsql.sr_why(provsql.provenance(), 'provmap') from results as results_1 where results_1.constructorid is not NULL group by results_1.position limit 35) EXCEPT (select max( results_2.date), results_2.rank , provsql.sr_why(provsql.provenance(), 'provmap') from results as results_2 where results_2.driverid >= results_2.positionorder limit 34);",NO,"ERREUR:  la colonne « results_2.rank » doit apparaître dans la clause GROUP BY ou doit être utilisé dans une fonction d'agrégat LIGNE 14 : results_2.rank            ^"
22,"-- meta {""num_joins"":0,""num_aggregates"":2,""has_union"":false,""has_intersect"":false,""has_negation"":false} select constructors_1.constructorref, constructors_1.constructorid, constructors_1.nationality, constructors_1.name, max( constructors_1.constructorid), sum( constructors_1.constructorid) , provsql.sr_why(provsql.provenance(), 'provmap') from constructors as constructors_1 where constructors_1.name is not NULL group by constructors_1.constructorid, constructors_1.constructorref, constructors_1.name, constructors_1.nationality limit 23;",YES,""
23,"-- meta {""num_joins"":0,""num_aggregates"":1,""has_union"":false,""has_intersect"":false,""has_negation"":true} (select constructor_results_1.constructorid, max( constructor_results_1.constructorresultsid), constructor_results_1.date , provsql.sr_why(provsql.provenance(), 'provmap') from constructor_results as constructor_results_1 where constructor_results_1.raceid is not NULL group by constructor_results_1.constructorid, constructor_results_1.date limit 6) EXCEPT (select constructor_standings_1.wins, count( constructor_standings_1.position), constructor_standings_1.date , provsql.sr_why(provsql.provenance(), 'provmap') from constructor_standings as constructor_standings_1 where constructor_standings_1.wins is not NULL limit 10);",NO,"ERREUR:  la colonne « constructor_standings_1.wins » doit apparaître dans la clause GROUP BY ou doit être utilisé dans une fonction d'agrégat LIGNE 13 : constructor_standings_1.wins,            ^"
24,"-- meta {""num_joins"":1,""num_aggregates"":1,""has_union"":false,""has_intersect"":true,""has_negation"":false} (select avg( circuits_1.lng), circuits_1.lng, circuits_1.circuitid , provsql.sr_why(provsql.provenance(), 'provmap') from circuits as circuits_1 where circuits_1.circuitid is not NULL group by circuits_1.circuitid, circuits_1.lng limit 10) INTERSECT (select max( circuits_2.alt), constructor_results_1.points, constructor_results_1.raceid , provsql.sr_why(provsql.provenance(), 'provmap') from circuits as circuits_2 inner join constructor_results as constructor_results_1 on (circuits_2.circuitid = constructor_results_1.constructorresultsid ) where constructor_results_1.raceid is not NULL limit 33);",NO,"ERREUR:  la colonne « constructor_results_1.points » doit apparaître dans la clause GROUP BY ou doit être utilisé dans une fonction d'agrégat LIGNE 15 : constructor_results_1.points,            ^"
25,"-- meta {""num_joins"":0,""num_aggregates"":1,""has_union"":false,""has_intersect"":false,""has_negation"":true} (select qualifying_1.constructorid, qualifying_1.position, qualifying_1.driverid , provsql.sr_why(provsql.provenance(), 'provmap') from qualifying as qualifying_1 where qualifying_1.date = qualifying_1.date limit 17) EXCEPT (select max( drivers_1.driverid), max( drivers_1.dob), drivers_1.driverid , provsql.sr_why(provsql.provenance(), 'provmap') from drivers as drivers_1 where drivers_1.surname is not NULL group by drivers_1.dob, drivers_1.forename, drivers_1.nationality, drivers_1.surname limit 21);",NO,"ERREUR:  la colonne « drivers_1.driverid » doit apparaître dans la clause GROUP BY ou doit être utilisé dans une fonction d'agrégat LIGNE 15 : drivers_1.driverid            ^"
26,"-- meta {""num_joins"":0,""num_aggregates"":2,""has_union"":false,""has_intersect"":false,""has_negation"":false} select circuits_1.name, avg( circuits_1.lng), count(*) , provsql.sr_why(provsql.provenance(), 'provmap') from circuits as circuits_1 where circuits_1.country is not NULL group by circuits_1.name limit 36;",YES,""
27,"-- meta {""num_joins"":0,""num_aggregates"":3,""has_union"":false,""has_intersect"":false,""has_negation"":true} (select results_1.fastestlap, results_1.statusid, results_1.milliseconds, max( results_1.laps), results_1.date, results_1.rank, results_1.positionorder , provsql.sr_why(provsql.provenance(), 'provmap') from results as results_1 where results_1.date is not NULL group by results_1.date, results_1.fastestlap, results_1.milliseconds, results_1.positionorder, results_1.rank, results_1.statusid limit 16) EXCEPT (select standings_1.points, standings_1.wins, standings_1.points, count(*), standings_1.date, standings_1.points, standings_1.position , provsql.sr_why(provsql.provenance(), 'provmap') from standings as standings_1 where standings_1.points is not NULL group by standings_1.driverstandingsid limit 4);",NO,"ERREUR:  provenance() called on a table without provenance"
28,"-- meta {""num_joins"":3,""num_aggregates"":1,""has_union"":false,""has_intersect"":false,""has_negation"":true} (select results_1.driverid, constructors_1.name, max( results_1.date) , provsql.sr_why(provsql.provenance(), 'provmap') from results as results_1 inner join constructors as constructors_1 on (results_1.resultid = constructors_1.constructorid ) where constructors_1.name is not NULL group by constructors_1.name, results_1.driverid limit 38) EXCEPT (select qualifying_1.constructorid, drivers_1.driverref, max( drivers_1.dob) , provsql.sr_why(provsql.provenance(), 'provmap') from drivers as drivers_1 inner join qualifying as qualifying_1 inner join drivers as drivers_2 on (qualifying_1.qualifyid = drivers_2.driverid ) on (drivers_1.driverid = qualifying_1.qualifyid ) where qualifying_1.date is not NULL limit 12);",NO,"ERREUR:  la colonne « qualifying_1.constructorid » doit apparaître dans la clause GROUP BY ou doit être utilisé dans une fonction d'agrégat LIGNE 15 : qualifying_1.constructorid,            ^"
29,"-- meta {""num_joins"":1,""num_aggregates"":1,""has_union"":true,""has_intersect"":false,""has_negation"":false} (select standings_2.driverid, standings_1.driverid , provsql.sr_why(provsql.provenance(), 'provmap') from standings as standings_1 inner join standings as standings_2 on (standings_1.driverstandingsid = standings_2.driverstandingsid ) where standings_2.date <= standings_1.date limit 7) UNION (select min( results_1.date), results_1.grid , provsql.sr_why(provsql.provenance(), 'provmap') from results as results_1 where results_1.driverid >= results_1.constructorid limit 5);",NO,"ERREUR:  la colonne « results_1.grid » doit apparaître dans la clause GROUP BY ou doit être utilisé dans une fonction d'agrégat LIGNE 14 : results_1.grid            ^"
30,"-- meta {""num_joins"":4,""num_aggregates"":0,""has_union"":false,""has_intersect"":false,""has_negation"":false} select standings_1.raceid , provsql.sr_why(provsql.provenance(), 'provmap') from circuits as circuits_1 inner join drivers as drivers_1 inner join standings as standings_1 inner join results as results_1 on (standings_1.driverstandingsid = results_1.resultid ) on (drivers_1.driverid = results_1.resultid ) inner join results as results_2 on (drivers_1.driverid = results_2.resultid ) on (circuits_1.circuitid = results_2.resultid ) where results_2.points >= circuits_1.lat limit 3;",YES,""
31,"-- meta {""num_joins"":1,""num_aggregates"":1,""has_union"":false,""has_intersect"":false,""has_negation"":true} (select qualifying_1.date , provsql.sr_why(provsql.provenance(), 'provmap') from qualifying as qualifying_1 where qualifying_1.raceid = qualifying_1.driverid limit 18) EXCEPT (select races_1.date , provsql.sr_why(provsql.provenance(), 'provmap') from qualifying as qualifying_2 inner join races as races_1 on (qualifying_2.qualifyid = races_1.raceid ) where qualifying_2.raceid is not NULL group by qualifying_2.number, qualifying_2.raceid, races_1.name, races_1.raceid limit 26);",YES,""
32,"-- meta {""num_joins"":1,""num_aggregates"":1,""has_union"":false,""has_intersect"":true,""has_negation"":false} (select races_1.time, max( races_1.date) , provsql.sr_why(provsql.provenance(), 'provmap') from races as races_1 inner join constructors as constructors_1 on (races_1.raceid = constructors_1.constructorid ) where races_1.date > races_1.date group by races_1.time limit 7) INTERSECT (select count(*), max( qualifying_1.date) , provsql.sr_why(provsql.provenance(), 'provmap') from qualifying as qualifying_1 where qualifying_1.date is not NULL limit 34);",NO,"ERREUR:  les INTERSECT types text et bigint ne peuvent pas correspondre LIGNE 14 : count(*),            ^"
33,"-- meta {""num_joins"":0,""num_aggregates"":1,""has_union"":true,""has_intersect"":false,""has_negation"":false} (select standings_1.points, standings_1.date , provsql.sr_why(provsql.provenance(), 'provmap') from standings as standings_1 where standings_1.points is not NULL limit 32) UNION (select max( races_1.raceid), races_1.date , provsql.sr_why(provsql.provenance(), 'provmap') from races as races_1 where races_1.round is not NULL group by races_1.name limit 21);",NO,"ERREUR:  la colonne « races_1.date » doit apparaître dans la clause GROUP BY ou doit être utilisé dans une fonction d'agrégat LIGNE 12 : races_1.date            ^"
34,"-- meta {""num_joins"":1,""num_aggregates"":4,""has_union"":false,""has_intersect"":true,""has_negation"":false} (select standings_1.points, qualifying_1.raceid, qualifying_1.qualifyid, max( qualifying_1.raceid), standings_1.wins, qualifying_1.number, qualifying_1.constructorid , provsql.sr_why(provsql.provenance(), 'provmap') from standings as standings_1 inner join qualifying as qualifying_1 on (standings_1.driverstandingsid = qualifying_1.qualifyid ) where qualifying_1.driverid is not NULL group by qualifying_1.constructorid, qualifying_1.number, qualifying_1.qualifyid, qualifying_1.raceid, standings_1.points, standings_1.wins limit 38) INTERSECT (select standings_2.points, max( standings_2.position), standings_2.position, min( standings_2.driverstandingsid), standings_2.wins, standings_2.wins, standings_2.position , provsql.sr_why(provsql.provenance(), 'provmap') from standings as standings_2 where standings_2.points <= standings_2.points group by standings_2.points, standings_2.position, standings_2.raceid, standings_2.wins limit 4);",NO,"ERREUR:  Set operations other than UNION and EXCEPT not supported by provsql"
35,"-- meta {""num_joins"":1,""num_aggregates"":4,""has_union"":false,""has_intersect"":false,""has_negation"":true} (select min( drivers_1.dob), constructors_1.name, drivers_1.surname, drivers_1.forename, min( drivers_1.dob), constructors_1.nationality , provsql.sr_why(provsql.provenance(), 'provmap') from constructors as constructors_1 inner join drivers as drivers_1 on (constructors_1.constructorid = drivers_1.driverid ) where constructors_1.constructorid is not NULL group by constructors_1.name, constructors_1.nationality, drivers_1.forename, drivers_1.surname limit 39) EXCEPT (select max( drivers_2.dob), drivers_2.forename, drivers_2.forename, drivers_2.nationality, min( drivers_2.dob), drivers_2.nationality , provsql.sr_why(provsql.provenance(), 'provmap') from drivers as drivers_2 where drivers_2.driverref is not NULL group by drivers_2.driverref, drivers_2.forename, drivers_2.surname limit 21);",NO,"ERREUR:  la colonne « drivers_2.nationality » doit apparaître dans la clause GROUP BY ou doit être utilisé dans une fonction d'agrégat LIGNE 23 : drivers_2.nationality,            ^"
36,"-- meta {""num_joins"":1,""num_aggregates"":0,""has_union"":false,""has_intersect"":true,""has_negation"":false} (select standings_1.date , provsql.sr_why(provsql.provenance(), 'provmap') from standings as standings_1 inner join constructor_standings as constructor_standings_1 on (standings_1.driverstandingsid = constructor_standings_1.constructorstandingsid ) where constructor_standings_1.points = standings_1.points limit 23) INTERSECT (select drivers_1.dob , provsql.sr_why(provsql.provenance(), 'provmap') from drivers as drivers_1 where drivers_1.driverid is not NULL limit 17);",NO,"ERREUR:  Set operations other than UNION and EXCEPT not supported by provsql"
37,"-- meta {""num_joins"":0,""num_aggregates"":0,""has_union"":false,""has_intersect"":false,""has_negation"":true} (select constructor_results_1.constructorresultsid, constructor_results_1.raceid , provsql.sr_why(provsql.provenance(), 'provmap') from constructor_results as constructor_results_1 where constructor_results_1.points is not NULL limit 32) EXCEPT (select avg( constructor_standings_1.position), constructor_standings_1.constructorid , provsql.sr_why(provsql.provenance(), 'provmap') from constructor_standings as constructor_standings_1 where constructor_standings_1.points > constructor_standings_1.points limit 27);",NO,"ERREUR:  la colonne « constructor_standings_1.constructorid » doit apparaître dans la clause GROUP BY ou doit être utilisé dans une fonction d'agrégat LIGNE 12 : constructor_standings_1.constructorid            ^"
38,"-- meta {""num_joins"":4,""num_aggregates"":0,""has_union"":true,""has_intersect"":false,""has_negation"":false} (select drivers_1.dob, drivers_1.nationality , provsql.sr_why(provsql.provenance(), 'provmap') from results as results_1 inner join drivers as drivers_1 on (results_1.resultid = drivers_1.driverid ) where drivers_1.nationality is not NULL limit 39) UNION (select constructor_standings_2.date, count( results_2.milliseconds) , provsql.sr_why(provsql.provenance(), 'provmap') from results as results_2 inner join constructor_results as constructor_results_1 on (results_2.resultid = constructor_results_1.constructorresultsid ) inner join constructor_standings as constructor_standings_1 inner join constructor_standings as constructor_standings_2 on (constructor_standings_1.constructorstandingsid = constructor_standings_2.constructorstandingsid ) on (results_2.resultid = constructor_standings_1.constructorstandingsid ) where constructor_standings_2.constructorid is not NULL limit 7);",NO,"ERREUR:  la colonne « constructor_standings_2.date » doit apparaître dans la clause GROUP BY ou doit être utilisé dans une fonction d'agrégat LIGNE 12 : constructor_standings_2.date,            ^"
39,"-- meta {""num_joins"":1,""num_aggregates"":0,""has_union"":false,""has_intersect"":true,""has_negation"":false} (select qualifying_1.number, qualifying_1.constructorid , provsql.sr_why(provsql.provenance(), 'provmap') from qualifying as qualifying_1 where qualifying_1.date is not NULL limit 16) INTERSECT (select min( constructor_results_1.date), constructor_results_1.constructorresultsid , provsql.sr_why(provsql.provenance(), 'provmap') from constructor_results as constructor_results_1 inner join constructor_standings as constructor_standings_1 on (constructor_results_1.constructorresultsid = constructor_standings_1.constructorstandingsid ) where constructor_standings_1.constructorstandingsid is not NULL limit 9);",NO,"ERREUR:  la colonne « constructor_results_1.constructorresultsid » doit apparaître dans la clause GROUP BY ou doit être utilisé dans une fonction d'agrégat LIGNE 12 : constructor_results_1.constructorresultsid            ^"
40,"-- meta {""num_joins"":1,""num_aggregates"":2,""has_union"":false,""has_intersect"":true,""has_negation"":false} (select max( qualifying_1.raceid) , provsql.sr_why(provsql.provenance(), 'provmap') from qualifying as qualifying_1 where qualifying_1.driverid > qualifying_1.qualifyid limit 37) INTERSECT (select max( qualifying_2.number) , provsql.sr_why(provsql.provenance(), 'provmap') from circuits as circuits_1 inner join qualifying as qualifying_2 on (circuits_1.circuitid = qualifying_2.qualifyid ) where qualifying_2.number is not NULL group by circuits_1.location limit 10);",NO,"ERREUR:  Set operations other than UNION and EXCEPT not supported by provsql"
41,"-- meta {""num_joins"":0,""num_aggregates"":0,""has_union"":true,""has_intersect"":false,""has_negation"":false} (select constructor_results_1.raceid, constructor_results_1.points, constructor_results_1.constructorresultsid , provsql.sr_why(provsql.provenance(), 'provmap') from constructor_results as constructor_results_1 where constructor_results_1.constructorid is not NULL limit 20) UNION (select drivers_1.driverid, max( drivers_1.dob), drivers_1.driverid , provsql.sr_why(provsql.provenance(), 'provmap') from drivers as drivers_1 where drivers_1.nationality is not NULL limit 36);",NO,"ERREUR:  la colonne « drivers_1.driverid » doit apparaître dans la clause GROUP BY ou doit être utilisé dans une fonction d'agrégat LIGNE 11 : drivers_1.driverid,            ^"
42,"-- meta {""num_joins"":0,""num_aggregates"":2,""has_union"":false,""has_intersect"":false,""has_negation"":false} select constructor_standings_1.wins, constructor_standings_1.position, constructor_standings_1.constructorstandingsid, min( constructor_standings_1.raceid), max( constructor_standings_1.raceid), constructor_standings_1.points, constructor_standings_1.constructorid, constructor_standings_1.raceid , provsql.sr_why(provsql.provenance(), 'provmap') from constructor_standings as constructor_standings_1 where constructor_standings_1.position < constructor_standings_1.wins group by constructor_standings_1.constructorid, constructor_standings_1.constructorstandingsid, constructor_standings_1.points, constructor_standings_1.position, constructor_standings_1.raceid, constructor_standings_1.wins limit 27;",YES,""
43,"-- meta {""num_joins"":0,""num_aggregates"":4,""has_union"":false,""has_intersect"":true,""has_negation"":false} (select results_1.resultid, results_1.number, results_1.milliseconds, results_1.raceid, min( results_1.date), sum( results_1.driverid), results_1.statusid, results_1.points , provsql.sr_why(provsql.provenance(), 'provmap') from results as results_1 where results_1.number <= results_1.points group by results_1.milliseconds, results_1.number, results_1.points, results_1.raceid, results_1.resultid, results_1.statusid limit 16) INTERSECT (select constructor_results_1.raceid, count( constructor_results_1.raceid), sum( constructor_results_1.points), count(*), max( constructor_results_1.date), avg( constructor_results_1.constructorresultsid), constructor_results_1.constructorresultsid, constructor_results_1.points , provsql.sr_why(provsql.provenance(), 'provmap') from constructor_results as constructor_results_1 where constructor_results_1.date is not NULL limit 15);",NO,"ERREUR:  la colonne « constructor_results_1.raceid » doit apparaître dans la clause GROUP BY ou doit être utilisé dans une fonction d'agrégat LIGNE 19 : constructor_results_1.raceid,            ^"
44,"-- meta {""num_joins"":2,""num_aggregates"":3,""has_union"":false,""has_intersect"":true,""has_negation"":false} (select qualifying_2.raceid, max( qualifying_1.date), qualifying_1.number, qualifying_1.driverid, qualifying_2.number, qualifying_2.position , provsql.sr_why(provsql.provenance(), 'provmap') from qualifying as qualifying_1 inner join circuits as circuits_1 on (qualifying_1.qualifyid = circuits_1.circuitid ) inner join qualifying as qualifying_2 on (circuits_1.circuitid = qualifying_2.qualifyid ) where circuits_1.circuitid is not NULL group by qualifying_1.driverid, qualifying_1.number, qualifying_2.number, qualifying_2.position, qualifying_2.raceid limit 13) INTERSECT (select standings_1.raceid, max( standings_1.date), max( standings_1.position), standings_1.driverid, standings_1.driverid, standings_1.driverid , provsql.sr_why(provsql.provenance(), 'provmap') from standings as standings_1 where standings_1.driverid is not NULL group by standings_1.date, standings_1.driverid, standings_1.driverstandingsid, standings_1.points, standings_1.position, standings_1.raceid, standings_1.wins limit 38);",NO,"ERREUR:  Set operations other than UNION and EXCEPT not supported by provsql"
45,"-- meta {""num_joins"":4,""num_aggregates"":6,""has_union"":true,""has_intersect"":false,""has_negation"":false} (select constructors_1.constructorid, constructors_1.nationality, max( constructors_1.constructorid), constructors_1.name, sum( constructors_1.constructorid), constructors_1.constructorref, min( constructors_1.constructorid) , provsql.sr_why(provsql.provenance(), 'provmap') from constructors as constructors_1 where constructors_1.name <= constructors_1.nationality group by constructors_1.constructorid, constructors_1.constructorref, constructors_1.name, constructors_1.nationality limit 39) UNION (select results_1.grid, count( results_2.constructorid), max( qualifying_1.qualifyid), max( qualifying_2.driverid), avg( results_2.resultid), max( qualifying_1.position), count(*) , provsql.sr_why(provsql.provenance(), 'provmap') from constructor_standings as constructor_standings_1 inner join results as results_1 inner join qualifying as qualifying_1 inner join results as results_2 on (qualifying_1.qualifyid = results_2.resultid ) on (results_1.resultid = qualifying_1.qualifyid ) on (constructor_standings_1.constructorstandingsid = results_2.resultid ) inner join qualifying as qualifying_2 on (constructor_standings_1.constructorstandingsid = qualifying_2.qualifyid ) where results_2.constructorid is not NULL limit 14);",NO,"ERREUR:  la colonne « results_1.grid » doit apparaître dans la clause GROUP BY ou doit être utilisé dans une fonction d'agrégat LIGNE 19 : results_1.grid,            ^"
46,"-- meta {""num_joins"":0,""num_aggregates"":2,""has_union"":true,""has_intersect"":false,""has_negation"":false} (select constructors_1.constructorid, max( constructors_1.constructorid), constructors_1.name, avg( constructors_1.constructorid) , provsql.sr_why(provsql.provenance(), 'provmap') from constructors as constructors_1 where constructors_1.constructorid >= constructors_1.constructorid group by constructors_1.constructorid, constructors_1.name limit 38) UNION (select constructor_standings_1.constructorstandingsid, min( constructor_standings_1.constructorid), max( constructor_standings_1.date), avg( constructor_standings_1.position) , provsql.sr_why(provsql.provenance(), 'provmap') from constructor_standings as constructor_standings_1 where constructor_standings_1.constructorid is not NULL limit 10);",NO,"ERREUR:  la colonne « constructor_standings_1.constructorstandingsid » doit apparaître dans la clause GROUP BY ou doit être utilisé dans une fonction d'agrégat LIGNE 15 : constructor_standings_1.constructorstandingsid,            ^"
47,"-- meta {""num_joins"":2,""num_aggregates"":2,""has_union"":true,""has_intersect"":false,""has_negation"":false} (select results_1.laps, results_1.points, max( results_1.statusid) , provsql.sr_why(provsql.provenance(), 'provmap') from results as results_1 where results_1.points <= results_1.number group by results_1.laps, results_1.points limit 31) UNION (select results_2.statusid, results_2.number, count(*) , provsql.sr_why(provsql.provenance(), 'provmap') from results as results_2 inner join circuits as circuits_1 on (results_2.resultid = circuits_1.circuitid ) inner join drivers as drivers_1 on (results_2.resultid = drivers_1.driverid ) where circuits_1.country is not NULL group by results_2.date, results_2.positionorder limit 13);",NO,"ERREUR:  la colonne « results_2.statusid » doit apparaître dans la clause GROUP BY ou doit être utilisé dans une fonction d'agrégat LIGNE 13 : results_2.statusid,            ^"
48,"-- meta {""num_joins"":1,""num_aggregates"":1,""has_union"":false,""has_intersect"":false,""has_negation"":true} (select drivers_1.nationality, drivers_1.driverref, drivers_2.nationality, drivers_2.driverref , provsql.sr_why(provsql.provenance(), 'provmap') from drivers as drivers_1 inner join drivers as drivers_2 on (drivers_1.driverid = drivers_2.driverid ) where drivers_2.driverid is not NULL limit 17) EXCEPT (select max( constructor_standings_1.date), sum( constructor_standings_1.points), avg( constructor_standings_1.points), max( constructor_standings_1.date) , provsql.sr_why(provsql.provenance(), 'provmap') from constructor_standings as constructor_standings_1 where constructor_standings_1.points < constructor_standings_1.points limit 11);",NO,"ERREUR:  les EXCEPT types text et timestamp without time zone ne peuvent pas correspondre LIGNE 14 : max(            ^"
49,"-- meta {""num_joins"":2,""num_aggregates"":3,""has_union"":false,""has_intersect"":false,""has_negation"":true} (select constructor_standings_1.date, constructor_standings_1.raceid, min( constructor_standings_1.points), constructor_standings_1.points, constructor_standings_1.wins, constructor_standings_1.constructorid, max( constructor_standings_1.constructorstandingsid) , provsql.sr_why(provsql.provenance(), 'provmap') from constructor_standings as constructor_standings_1 where constructor_standings_1.position is not NULL group by constructor_standings_1.constructorid, constructor_standings_1.date, constructor_standings_1.points, constructor_standings_1.raceid, constructor_standings_1.wins limit 24) EXCEPT (select standings_1.date, count( constructor_standings_2.wins), min( standings_1.points), min( standings_1.points), standings_1.driverid, constructor_standings_2.wins, min( standings_1.driverstandingsid) , provsql.sr_why(provsql.provenance(), 'provmap') from constructor_standings as constructor_standings_2 inner join constructor_results as constructor_results_1 on (constructor_standings_2.constructorstandingsid = constructor_results_1.constructorresultsid ) inner join standings as standings_1 on (constructor_standings_2.constructorstandingsid = standings_1.driverstandingsid ) where standings_1.wins is not NULL group by constructor_standings_2.points, constructor_standings_2.position, standings_1.wins limit 37);",NO,"ERREUR:  la colonne « standings_1.date » doit apparaître dans la clause GROUP BY ou doit être utilisé dans une fonction d'agrégat LIGNE 18 : standings_1.date,            ^"
50,"-- meta {""num_joins"":3,""num_aggregates"":2,""has_union"":false,""has_intersect"":true,""has_negation"":false} (select constructor_standings_1.wins , provsql.sr_why(provsql.provenance(), 'provmap') from constructor_standings as constructor_standings_1 where constructor_standings_1.constructorstandingsid is not NULL limit 24) INTERSECT (select min( constructor_standings_2.points) , provsql.sr_why(provsql.provenance(), 'provmap') from results as results_1 inner join constructor_standings as constructor_standings_2 on (results_1.resultid = constructor_standings_2.constructorstandingsid ) inner join constructor_results as constructor_results_1 on (results_1.resultid = constructor_results_1.constructorresultsid ) inner join constructor_standings as constructor_standings_3 on (constructor_results_1.constructorresultsid = constructor_standings_3.constructorstandingsid ) where constructor_standings_3.wins is not NULL group by constructor_standings_2.raceid limit 10);",NO,"ERREUR:  Set operations other than UNION and EXCEPT not supported by provsql"
51,"-- meta {""num_joins"":2,""num_aggregates"":2,""has_union"":false,""has_intersect"":false,""has_negation"":false} select max( results_1.date), results_1.date, constructor_results_1.constructorresultsid, constructor_results_1.date, min( results_1.milliseconds) , provsql.sr_why(provsql.provenance(), 'provmap') from constructor_results as constructor_results_1 inner join races as races_1 on (constructor_results_1.constructorresultsid = races_1.raceid ) inner join results as results_1 on (races_1.raceid = results_1.resultid ) where races_1.name <= races_1.time group by constructor_results_1.constructorresultsid, constructor_results_1.date, results_1.date limit 21;",YES,""
52,"-- meta {""num_joins"":0,""num_aggregates"":1,""has_union"":false,""has_intersect"":true,""has_negation"":false} (select constructors_1.constructorref, constructors_1.name, constructors_1.nationality , provsql.sr_why(provsql.provenance(), 'provmap') from constructors as constructors_1 where constructors_1.constructorid is not NULL limit 32) INTERSECT (select constructors_2.nationality, constructors_2.constructorref, constructors_2.constructorref , provsql.sr_why(provsql.provenance(), 'provmap') from constructors as constructors_2 where constructors_2.constructorref is not NULL group by constructors_2.name, constructors_2.nationality limit 27);",NO,"ERREUR:  la colonne « constructors_2.constructorref » doit apparaître dans la clause GROUP BY ou doit être utilisé dans une fonction d'agrégat LIGNE 12 : constructors_2.constructorref,            ^"
53,"-- meta {""num_joins"":0,""num_aggregates"":1,""has_union"":false,""has_intersect"":true,""has_negation"":false} (select constructor_standings_1.position , provsql.sr_why(provsql.provenance(), 'provmap') from constructor_standings as constructor_standings_1 where constructor_standings_1.constructorstandingsid is not NULL limit 39) INTERSECT (select circuits_1.circuitid , provsql.sr_why(provsql.provenance(), 'provmap') from circuits as circuits_1 where circuits_1.alt is not NULL limit 18);",NO,"ERREUR:  Set operations other than UNION and EXCEPT not supported by provsql"
54,"-- meta {""num_joins"":2,""num_aggregates"":2,""has_union"":false,""has_intersect"":true,""has_negation"":false} (select max( results_1.position), count( results_1.driverid) , provsql.sr_why(provsql.provenance(), 'provmap') from results as results_1 where results_1.driverid is not NULL limit 33) INTERSECT (select avg( circuits_1.lat), count(*) , provsql.sr_why(provsql.provenance(), 'provmap') from circuits as circuits_1 inner join qualifying as qualifying_1 inner join constructor_results as constructor_results_1 on (qualifying_1.qualifyid = constructor_results_1.constructorresultsid ) on (circuits_1.circuitid = qualifying_1.qualifyid ) where constructor_results_1.constructorid is not NULL limit 5);",NO,"ERREUR:  Set operations other than UNION and EXCEPT not supported by provsql"
55,"-- meta {""num_joins"":1,""num_aggregates"":0,""has_union"":false,""has_intersect"":false,""has_negation"":false} select drivers_1.nationality, races_1.name, drivers_1.code, drivers_1.driverid, races_1.circuitid , provsql.sr_why(provsql.provenance(), 'provmap') from races as races_1 inner join drivers as drivers_1 on (races_1.raceid = drivers_1.driverid ) where races_1.year is not NULL limit 13;",YES,""
56,"-- meta {""num_joins"":1,""num_aggregates"":0,""has_union"":false,""has_intersect"":true,""has_negation"":false} (select results_1.points , provsql.sr_why(provsql.provenance(), 'provmap') from results as results_1 where results_1.milliseconds is not NULL limit 16) INTERSECT (select min( races_1.date) , provsql.sr_why(provsql.provenance(), 'provmap') from races as races_1 inner join drivers as drivers_1 on (races_1.raceid = drivers_1.driverid ) where drivers_1.dob is not NULL limit 19);",NO,"ERREUR:  les INTERSECT types double precision et timestamp without time zone ne peuvent pas correspondre LIGNE 9 : min(           ^"
57,"-- meta {""num_joins"":0,""num_aggregates"":3,""has_union"":false,""has_intersect"":true,""has_negation"":false} (select results_1.raceid , provsql.sr_why(provsql.provenance(), 'provmap') from results as results_1 where results_1.positionorder > results_1.driverid limit 21) INTERSECT (select drivers_1.driverid , provsql.sr_why(provsql.provenance(), 'provmap') from drivers as drivers_1 where drivers_1.forename is not NULL group by drivers_1.dob, drivers_1.driverid, drivers_1.forename, drivers_1.nationality limit 5);",NO,"ERREUR:  Set operations other than UNION and EXCEPT not supported by provsql"
58,"-- meta {""num_joins"":2,""num_aggregates"":3,""has_union"":false,""has_intersect"":true,""has_negation"":false} (select constructors_1.constructorref , provsql.sr_why(provsql.provenance(), 'provmap') from constructors as constructors_1 inner join standings as standings_1 inner join circuits as circuits_1 on (standings_1.driverstandingsid = circuits_1.circuitid ) on (constructors_1.constructorid = standings_1.driverstandingsid ) where constructors_1.nationality is not NULL limit 6) INTERSECT (select min( qualifying_1.qualifyid) , provsql.sr_why(provsql.provenance(), 'provmap') from qualifying as qualifying_1 where qualifying_1.qualifyid is not NULL group by qualifying_1.constructorid, qualifying_1.date, qualifying_1.driverid, qualifying_1.raceid limit 38);",NO,"ERREUR:  les INTERSECT types text et bigint ne peuvent pas correspondre LIGNE 13 : min(            ^"
59,"-- meta {""num_joins"":0,""num_aggregates"":2,""has_union"":false,""has_intersect"":true,""has_negation"":false} (select avg( constructors_1.constructorid), constructors_1.name, sum( constructors_1.constructorid), constructors_1.nationality , provsql.sr_why(provsql.provenance(), 'provmap') from constructors as constructors_1 where constructors_1.name is not NULL group by constructors_1.name, constructors_1.nationality limit 27) INTERSECT (select avg( drivers_1.driverid), drivers_1.forename, avg( drivers_1.driverid), drivers_1.code , provsql.sr_why(provsql.provenance(), 'provmap') from drivers as drivers_1 where drivers_1.driverid > drivers_1.driverid limit 18);",NO,"ERREUR:  la colonne « drivers_1.forename » doit apparaître dans la clause GROUP BY ou doit être utilisé dans une fonction d'agrégat LIGNE 17 : drivers_1.forename,            ^"
60,"-- meta {""num_joins"":0,""num_aggregates"":6,""has_union"":true,""has_intersect"":false,""has_negation"":false} (select drivers_1.forename, drivers_1.driverid, drivers_1.code, min( drivers_1.dob), avg( drivers_1.driverid), count( drivers_1.nationality), drivers_1.driverref, drivers_1.surname, drivers_1.nationality, max( drivers_1.driverid), min( drivers_1.dob) , provsql.sr_why(provsql.provenance(), 'provmap') from drivers as drivers_1 where drivers_1.forename is not NULL group by drivers_1.code, drivers_1.driverid, drivers_1.driverref, drivers_1.forename, drivers_1.nationality, drivers_1.surname limit 18) UNION (select count( standings_1.date), standings_1.raceid, max( standings_1.points), max( standings_1.date), sum( standings_1.raceid), min( standings_1.wins), max( standings_1.date), avg( standings_1.raceid), max( standings_1.points), min( standings_1.raceid), max( standings_1.date) , provsql.sr_why(provsql.provenance(), 'provmap') from standings as standings_1 where standings_1.driverstandingsid > standings_1.wins limit 21);",NO,"ERREUR:  la colonne « standings_1.raceid » doit apparaître dans la clause GROUP BY ou doit être utilisé dans une fonction d'agrégat LIGNE 27 : standings_1.raceid,            ^"
61,"-- meta {""num_joins"":2,""num_aggregates"":0,""has_union"":true,""has_intersect"":false,""has_negation"":false} (select constructors_1.constructorref, constructor_results_1.constructorresultsid , provsql.sr_why(provsql.provenance(), 'provmap') from results as results_1 inner join constructors as constructors_1 on (results_1.resultid = constructors_1.constructorid ) inner join constructor_results as constructor_results_1 on (constructors_1.constructorid = constructor_results_1.constructorresultsid ) where results_1.fastestlap >= constructor_results_1.points limit 13) UNION (select min( results_2.date), results_2.statusid , provsql.sr_why(provsql.provenance(), 'provmap') from results as results_2 where results_2.rank >= results_2.number limit 2);",NO,"ERREUR:  la colonne « results_2.statusid » doit apparaître dans la clause GROUP BY ou doit être utilisé dans une fonction d'agrégat LIGNE 16 : results_2.statusid            ^"
62,"-- meta {""num_joins"":0,""num_aggregates"":0,""has_union"":true,""has_intersect"":false,""has_negation"":false} (select circuits_1.name, circuits_1.country , provsql.sr_why(provsql.provenance(), 'provmap') from circuits as circuits_1 where circuits_1.circuitid = circuits_1.circuitid limit 5) UNION (select races_1.time, races_1.time , provsql.sr_why(provsql.provenance(), 'provmap') from races as races_1 where races_1.time is not NULL limit 26);",YES,""
63,"-- meta {""num_joins"":5,""num_aggregates"":2,""has_union"":false,""has_intersect"":true,""has_negation"":false} (select max( qualifying_1.date), constructor_standings_1.wins , provsql.sr_why(provsql.provenance(), 'provmap') from circuits as circuits_1 inner join qualifying as qualifying_1 on (circuits_1.circuitid = qualifying_1.qualifyid ) inner join constructor_standings as constructor_standings_1 on (qualifying_1.qualifyid = constructor_standings_1.constructorstandingsid ) where constructor_standings_1.wins is not NULL group by constructor_standings_1.wins limit 4) INTERSECT (select max( constructor_results_2.date), races_1.raceid , provsql.sr_why(provsql.provenance(), 'provmap') from races as races_1 inner join constructor_results as constructor_results_1 on (races_1.raceid = constructor_results_1.constructorresultsid ) inner join constructor_results as constructor_results_2 on (races_1.raceid = constructor_results_2.constructorresultsid ) inner join drivers as drivers_1 on (constructor_results_1.constructorresultsid = drivers_1.driverid ) where drivers_1.nationality is not NULL limit 26);",NO,"ERREUR:  la colonne « races_1.raceid » doit apparaître dans la clause GROUP BY ou doit être utilisé dans une fonction d'agrégat LIGNE 18 : races_1.raceid            ^"
64,"-- meta {""num_joins"":1,""num_aggregates"":2,""has_union"":true,""has_intersect"":false,""has_negation"":false} (select max( constructor_results_1.date) , provsql.sr_why(provsql.provenance(), 'provmap') from constructor_results as constructor_results_1 inner join standings as standings_1 on (constructor_results_1.constructorresultsid = standings_1.driverstandingsid ) where constructor_results_1.constructorresultsid is not NULL limit 11) UNION (select max( constructor_results_2.date) , provsql.sr_why(provsql.provenance(), 'provmap') from constructor_results as constructor_results_2 where constructor_results_2.date is not NULL group by constructor_results_2.constructorid, constructor_results_2.constructorresultsid, constructor_results_2.points, constructor_results_2.raceid limit 5);",NO,"ERREUR:  UNION/INTERSECT/EXCEPT n'a pas pu convertir le type provsql.agg_token en timestamp without time zone"
65,"-- meta {""num_joins"":1,""num_aggregates"":2,""has_union"":false,""has_intersect"":false,""has_negation"":false} select constructor_standings_1.wins, avg( constructor_standings_1.points), min( standings_1.points), standings_1.raceid , provsql.sr_why(provsql.provenance(), 'provmap') from standings as standings_1 inner join constructor_standings as constructor_standings_1 on (standings_1.driverstandingsid = constructor_standings_1.constructorstandingsid ) where constructor_standings_1.constructorstandingsid is not NULL group by constructor_standings_1.wins, standings_1.raceid limit 3;",YES,""
66,"-- meta {""num_joins"":0,""num_aggregates"":0,""has_union"":false,""has_intersect"":true,""has_negation"":false} (select drivers_1.driverid , provsql.sr_why(provsql.provenance(), 'provmap') from drivers as drivers_1 where drivers_1.forename < drivers_1.nationality limit 20) INTERSECT (select avg( standings_1.points) , provsql.sr_why(provsql.provenance(), 'provmap') from standings as standings_1 where standings_1.points is not NULL limit 16);",NO,"ERREUR:  Set operations other than UNION and EXCEPT not supported by provsql"
67,"-- meta {""num_joins"":0,""num_aggregates"":0,""has_union"":false,""has_intersect"":true,""has_negation"":false} (select constructor_standings_1.points , provsql.sr_why(provsql.provenance(), 'provmap') from constructor_standings as constructor_standings_1 where constructor_standings_1.raceid is not NULL limit 18) INTERSECT (select min( constructor_results_1.date) , provsql.sr_why(provsql.provenance(), 'provmap') from constructor_results as constructor_results_1 where constructor_results_1.points is not NULL limit 11);",NO,"ERREUR:  les INTERSECT types double precision et timestamp without time zone ne peuvent pas correspondre LIGNE 9 : min(           ^"
68,"-- meta {""num_joins"":0,""num_aggregates"":0,""has_union"":true,""has_intersect"":false,""has_negation"":false} (select qualifying_1.position , provsql.sr_why(provsql.provenance(), 'provmap') from qualifying as qualifying_1 where qualifying_1.date is not NULL limit 15) UNION (select drivers_1.driverid , provsql.sr_why(provsql.provenance(), 'provmap') from drivers as drivers_1 where drivers_1.forename is not NULL limit 5);",YES,""
69,"-- meta {""num_joins"":0,""num_aggregates"":4,""has_union"":false,""has_intersect"":false,""has_negation"":true} (select circuits_1.country, max( circuits_1.lng), circuits_1.name, circuits_1.lat, circuits_1.lng, circuits_1.circuitid, circuits_1.alt, sum( circuits_1.circuitid), min( circuits_1.circuitid), count(*), circuits_1.location, circuits_1.circuitref , provsql.sr_why(provsql.provenance(), 'provmap') from circuits as circuits_1 where circuits_1.alt is not NULL group by circuits_1.alt, circuits_1.circuitid, circuits_1.circuitref, circuits_1.country, circuits_1.lat, circuits_1.lng, circuits_1.location, circuits_1.name limit 39) EXCEPT (select min( constructor_results_1.date), avg( constructor_results_1.points), max( constructor_results_1.raceid), constructor_results_1.points, count( constructor_results_1.points), constructor_results_1.constructorid, max( constructor_results_1.date), avg( constructor_results_1.raceid), max( constructor_results_1.constructorresultsid), count( constructor_results_1.constructorid), avg( constructor_results_1.points), min( constructor_results_1.date) , provsql.sr_why(provsql.provenance(), 'provmap') from constructor_results as constructor_results_1 where constructor_results_1.raceid is not NULL limit 6);",NO,"ERREUR:  la colonne « constructor_results_1.points » doit apparaître dans la clause GROUP BY ou doit être utilisé dans une fonction d'agrégat LIGNE 30 : constructor_results_1.points,            ^"
70,"-- meta {""num_joins"":0,""num_aggregates"":0,""has_union"":false,""has_intersect"":true,""has_negation"":false} (select qualifying_1.number, qualifying_1.raceid, qualifying_1.position , provsql.sr_why(provsql.provenance(), 'provmap') from qualifying as qualifying_1 where qualifying_1.driverid is not NULL limit 16) INTERSECT (select races_1.year, races_1.circuitid, races_1.year , provsql.sr_why(provsql.provenance(), 'provmap') from races as races_1 where races_1.year is not NULL limit 40);",NO,"ERREUR:  Set operations other than UNION and EXCEPT not supported by provsql"
71,"-- meta {""num_joins"":0,""num_aggregates"":1,""has_union"":false,""has_intersect"":false,""has_negation"":false} select count( qualifying_1.raceid) , provsql.sr_why(provsql.provenance(), 'provmap') from qualifying as qualifying_1 where qualifying_1.date < qualifying_1.date limit 3;",YES,""
72,"-- meta {""num_joins"":2,""num_aggregates"":2,""has_union"":true,""has_intersect"":false,""has_negation"":false} (select constructor_results_2.raceid, constructor_standings_1.points, constructor_standings_1.constructorid, constructor_results_2.constructorid, constructor_results_1.raceid, constructor_standings_1.date, constructor_standings_1.wins, constructor_results_2.constructorresultsid, constructor_results_1.constructorresultsid, constructor_results_2.points, constructor_results_1.constructorid, count(*) , provsql.sr_why(provsql.provenance(), 'provmap') from constructor_results as constructor_results_1 inner join constructor_results as constructor_results_2 on (constructor_results_1.constructorresultsid = constructor_results_2.constructorresultsid ) inner join constructor_standings as constructor_standings_1 on (constructor_results_2.constructorresultsid = constructor_standings_1.constructorstandingsid ) where constructor_standings_1.points is not NULL group by constructor_results_1.constructorid, constructor_results_1.constructorresultsid, constructor_results_1.raceid, constructor_results_2.constructorid, constructor_results_2.constructorresultsid, constructor_results_2.points, constructor_results_2.raceid, constructor_standings_1.constructorid, constructor_standings_1.date, constructor_standings_1.points, constructor_standings_1.wins limit 19) UNION (select constructor_results_3.raceid, constructor_results_3.points, constructor_results_3.constructorid, constructor_results_3.raceid, constructor_results_3.constructorresultsid, constructor_results_3.date, constructor_results_3.constructorresultsid, avg( constructor_results_3.raceid), constructor_results_3.constructorid, constructor_results_3.points, constructor_results_3.raceid, max( constructor_results_3.constructorid) , provsql.sr_why(provsql.provenance(), 'provmap') from constructor_results as constructor_results_3 where constructor_results_3.constructorid is not NULL group by constructor_results_3.constructorresultsid limit 20);",NO,"ERREUR:  UNION/INTERSECT/EXCEPT n'a pas pu convertir le type provsql.agg_token en bigint"
73,"-- meta {""num_joins"":1,""num_aggregates"":3,""has_union"":false,""has_intersect"":true,""has_negation"":false} (select constructors_1.constructorid, constructor_standings_1.raceid, constructor_standings_1.constructorid, constructors_1.name, min( constructor_standings_1.date), constructors_1.nationality , provsql.sr_why(provsql.provenance(), 'provmap') from constructors as constructors_1 inner join constructor_standings as constructor_standings_1 on (constructors_1.constructorid = constructor_standings_1.constructorstandingsid ) where constructors_1.nationality is not NULL group by constructor_standings_1.constructorid, constructor_standings_1.raceid, constructors_1.constructorid, constructors_1.name, constructors_1.nationality limit 17) INTERSECT (select max( constructor_results_1.date), constructor_results_1.constructorresultsid, constructor_results_1.constructorid, min( constructor_results_1.date), min( constructor_results_1.date), max( constructor_results_1.points) , provsql.sr_why(provsql.provenance(), 'provmap') from constructor_results as constructor_results_1 where constructor_results_1.raceid is not NULL group by constructor_results_1.constructorid, constructor_results_1.points limit 8);",NO,"ERREUR:  la colonne « constructor_results_1.constructorresultsid » doit apparaître dans la clause GROUP BY ou doit être utilisé dans une fonction d'agrégat LIGNE 20 : constructor_results_1.constructorresultsid,            ^"
74,"-- meta {""num_joins"":3,""num_aggregates"":3,""has_union"":false,""has_intersect"":true,""has_negation"":false} (select qualifying_1.qualifyid, qualifying_1.raceid , provsql.sr_why(provsql.provenance(), 'provmap') from constructor_standings as constructor_standings_1 inner join qualifying as qualifying_1 on (constructor_standings_1.constructorstandingsid = qualifying_1.qualifyid ) where qualifying_1.position is not NULL limit 9) INTERSECT (select standings_1.driverstandingsid, results_2.driverid , provsql.sr_why(provsql.provenance(), 'provmap') from standings as standings_1 inner join results as results_1 inner join results as results_2 on (results_1.resultid = results_2.resultid ) on (standings_1.driverstandingsid = results_1.resultid ) where standings_1.date < results_1.date group by results_1.date, results_1.fastestlap, results_1.laps, results_1.statusid, results_2.constructorid, results_2.date, results_2.grid, results_2.positionorder, standings_1.date, standings_1.driverstandingsid, standings_1.points, standings_1.raceid limit 26);",NO,"ERREUR:  la colonne « results_2.driverid » doit apparaître dans la clause GROUP BY ou doit être utilisé dans une fonction d'agrégat LIGNE 13 : results_2.driverid            ^"
75,"-- meta {""num_joins"":0,""num_aggregates"":1,""has_union"":false,""has_intersect"":true,""has_negation"":false} (select constructor_standings_1.wins , provsql.sr_why(provsql.provenance(), 'provmap') from constructor_standings as constructor_standings_1 where constructor_standings_1.constructorstandingsid is not NULL limit 33) INTERSECT (select standings_1.raceid , provsql.sr_why(provsql.provenance(), 'provmap') from standings as standings_1 where standings_1.driverid is not NULL group by standings_1.driverid, standings_1.driverstandingsid, standings_1.points, standings_1.raceid, standings_1.wins limit 18);",NO,"ERREUR:  Set operations other than UNION and EXCEPT not supported by provsql"
76,"-- meta {""num_joins"":2,""num_aggregates"":0,""has_union"":false,""has_intersect"":false,""has_negation"":true} (select circuits_1.lng , provsql.sr_why(provsql.provenance(), 'provmap') from circuits as circuits_1 inner join constructors as constructors_1 on (circuits_1.circuitid = constructors_1.constructorid ) where circuits_1.country is not NULL limit 24) EXCEPT (select constructor_standings_2.points , provsql.sr_why(provsql.provenance(), 'provmap') from constructor_standings as constructor_standings_1 inner join constructor_standings as constructor_standings_2 on (constructor_standings_1.constructorstandingsid = constructor_standings_2.constructorstandingsid ) where constructor_standings_2.position is not NULL limit 18);",YES,""
77,"-- meta {""num_joins"":1,""num_aggregates"":2,""has_union"":false,""has_intersect"":true,""has_negation"":false} (select circuits_1.circuitid, races_1.time, count(*), circuits_1.circuitref, races_1.raceid, races_1.date , provsql.sr_why(provsql.provenance(), 'provmap') from races as races_1 inner join circuits as circuits_1 on (races_1.raceid = circuits_1.circuitid ) where races_1.round is not NULL group by circuits_1.circuitid, circuits_1.circuitref, races_1.date, races_1.raceid, races_1.time limit 39) INTERSECT (select circuits_2.circuitid, min( circuits_2.circuitid), count( circuits_2.location), circuits_2.circuitref, circuits_2.circuitid, avg( circuits_2.alt) , provsql.sr_why(provsql.provenance(), 'provmap') from circuits as circuits_2 where circuits_2.name is not NULL group by circuits_2.circuitref, circuits_2.lng limit 1);",NO,"ERREUR:  la colonne « circuits_2.circuitid » doit apparaître dans la clause GROUP BY ou doit être utilisé dans une fonction d'agrégat LIGNE 17 : circuits_2.circuitid,            ^"
78,"-- meta {""num_joins"":2,""num_aggregates"":4,""has_union"":false,""has_intersect"":true,""has_negation"":false} (select constructor_standings_1.position , provsql.sr_why(provsql.provenance(), 'provmap') from constructor_standings as constructor_standings_1 inner join races as races_1 on (constructor_standings_1.constructorstandingsid = races_1.raceid ) inner join results as results_1 on (constructor_standings_1.constructorstandingsid = results_1.resultid ) where constructor_standings_1.wins is not NULL limit 18) INTERSECT (select constructors_1.constructorid , provsql.sr_why(provsql.provenance(), 'provmap') from constructors as constructors_1 where constructors_1.constructorid is not NULL group by constructors_1.constructorid, constructors_1.constructorref, constructors_1.name, constructors_1.nationality limit 6);",NO,"ERREUR:  Set operations other than UNION and EXCEPT not supported by provsql"
79,"-- meta {""num_joins"":0,""num_aggregates"":2,""has_union"":false,""has_intersect"":false,""has_negation"":true} (select min( drivers_1.driverid), drivers_1.driverid, drivers_1.driverref, drivers_1.dob, drivers_1.surname, min( drivers_1.dob) , provsql.sr_why(provsql.provenance(), 'provmap') from drivers as drivers_1 where drivers_1.code is not NULL group by drivers_1.dob, drivers_1.driverid, drivers_1.driverref, drivers_1.surname limit 5) EXCEPT (select max( results_1.driverid), results_1.laps, max( results_1.raceid), results_1.date, count(*), min( results_1.date) , provsql.sr_why(provsql.provenance(), 'provmap') from results as results_1 where results_1.points is not NULL limit 39);",NO,"ERREUR:  la colonne « results_1.laps » doit apparaître dans la clause GROUP BY ou doit être utilisé dans une fonction d'agrégat LIGNE 19 : results_1.laps,            ^"
80,"-- meta {""num_joins"":1,""num_aggregates"":4,""has_union"":false,""has_intersect"":false,""has_negation"":true} (select results_1.fastestlap , provsql.sr_why(provsql.provenance(), 'provmap') from results as results_1 inner join constructor_results as constructor_results_1 on (results_1.resultid = constructor_results_1.constructorresultsid ) where results_1.grid is not NULL limit 33) EXCEPT (select max( races_1.date) , provsql.sr_why(provsql.provenance(), 'provmap') from races as races_1 where races_1.year is not NULL group by races_1.circuitid, races_1.date, races_1.name, races_1.raceid, races_1.round, races_1.time, races_1.year limit 11);",NO,"ERREUR:  les EXCEPT types double precision et timestamp without time zone ne peuvent pas correspondre LIGNE 11 : max(            ^"
81,"-- meta {""num_joins"":1,""num_aggregates"":2,""has_union"":false,""has_intersect"":false,""has_negation"":true} (select count( drivers_1.driverref), drivers_1.code, drivers_1.driverref, drivers_1.dob, drivers_1.nationality, drivers_1.forename , provsql.sr_why(provsql.provenance(), 'provmap') from drivers as drivers_1 where drivers_1.surname is not NULL group by drivers_1.code, drivers_1.dob, drivers_1.driverref, drivers_1.forename, drivers_1.nationality limit 33) EXCEPT (select count(*), drivers_2.nationality, count(*), drivers_2.dob, drivers_2.driverref, drivers_2.nationality , provsql.sr_why(provsql.provenance(), 'provmap') from standings as standings_1 inner join drivers as drivers_2 on (standings_1.driverstandingsid = drivers_2.driverid ) where standings_1.points is not NULL group by drivers_2.code, drivers_2.driverref, standings_1.raceid limit 31);",NO,"ERREUR:  la colonne « drivers_2.nationality » doit apparaître dans la clause GROUP BY ou doit être utilisé dans une fonction d'agrégat LIGNE 17 : drivers_2.nationality,            ^"
82,"-- meta {""num_joins"":0,""num_aggregates"":0,""has_union"":false,""has_intersect"":true,""has_negation"":false} (select qualifying_1.date, qualifying_1.driverid, qualifying_1.constructorid, qualifying_1.position, qualifying_1.number , provsql.sr_why(provsql.provenance(), 'provmap') from qualifying as qualifying_1 where qualifying_1.raceid is not NULL limit 24) INTERSECT (select drivers_1.dob, min( drivers_1.driverid), drivers_1.driverid, drivers_1.driverid, count(*) , provsql.sr_why(provsql.provenance(), 'provmap') from drivers as drivers_1 where drivers_1.surname = drivers_1.forename limit 21);",NO,"ERREUR:  la colonne « drivers_1.dob » doit apparaître dans la clause GROUP BY ou doit être utilisé dans une fonction d'agrégat LIGNE 13 : drivers_1.dob,            ^"
83,"-- meta {""num_joins"":0,""num_aggregates"":0,""has_union"":false,""has_intersect"":false,""has_negation"":true} (select constructors_1.name, constructors_1.nationality, constructors_1.constructorref, constructors_1.constructorid , provsql.sr_why(provsql.provenance(), 'provmap') from constructors as constructors_1 where constructors_1.name is not NULL limit 8) EXCEPT (select circuits_1.name, circuits_1.circuitref, circuits_1.country, circuits_1.circuitid , provsql.sr_why(provsql.provenance(), 'provmap') from circuits as circuits_1 where circuits_1.circuitref is not NULL limit 4);",YES,""
84,"-- meta {""num_joins"":0,""num_aggregates"":1,""has_union"":false,""has_intersect"":false,""has_negation"":true} (select circuits_1.country, circuits_1.lng , provsql.sr_why(provsql.provenance(), 'provmap') from circuits as circuits_1 where circuits_1.lng is not NULL limit 3) EXCEPT (select sum( constructor_results_1.points), constructor_results_1.points , provsql.sr_why(provsql.provenance(), 'provmap') from constructor_results as constructor_results_1 where constructor_results_1.constructorid is not NULL group by constructor_results_1.constructorid limit 38);",NO,"ERREUR:  la colonne « constructor_results_1.points » doit apparaître dans la clause GROUP BY ou doit être utilisé dans une fonction d'agrégat LIGNE 12 : constructor_results_1.points            ^"
85,"-- meta {""num_joins"":5,""num_aggregates"":3,""has_union"":false,""has_intersect"":false,""has_negation"":true} (select max( standings_1.position), qualifying_1.number, circuits_1.circuitref, circuits_1.country, max( standings_1.position), constructor_standings_1.wins, standings_1.wins, max( constructor_standings_1.date) , provsql.sr_why(provsql.provenance(), 'provmap') from circuits as circuits_1 inner join standings as standings_1 inner join constructor_standings as constructor_standings_1 on (standings_1.driverstandingsid = constructor_standings_1.constructorstandingsid ) inner join qualifying as qualifying_1 on (constructor_standings_1.constructorstandingsid = qualifying_1.qualifyid ) on (circuits_1.circuitid = qualifying_1.qualifyid ) where constructor_standings_1.points = circuits_1.alt group by circuits_1.circuitref, circuits_1.country, constructor_standings_1.wins, qualifying_1.number, standings_1.wins limit 23) EXCEPT (select count( results_1.position), results_1.constructorid, circuits_2.name, circuits_2.circuitref, max( constructor_standings_2.raceid), constructor_standings_2.position, results_1.constructorid, min( results_1.date) , provsql.sr_why(provsql.provenance(), 'provmap') from constructor_standings as constructor_standings_2 inner join results as results_1 inner join circuits as circuits_2 on (results_1.resultid = circuits_2.circuitid ) on (constructor_standings_2.constructorstandingsid = circuits_2.circuitid ) where circuits_2.name is not NULL limit 35);",NO,"ERREUR:  la colonne « results_1.constructorid » doit apparaître dans la clause GROUP BY ou doit être utilisé dans une fonction d'agrégat LIGNE 28 : results_1.constructorid,            ^"
86,"-- meta {""num_joins"":0,""num_aggregates"":1,""has_union"":false,""has_intersect"":false,""has_negation"":false} select standings_1.wins, standings_1.date, standings_1.points, sum( standings_1.driverstandingsid), standings_1.raceid , provsql.sr_why(provsql.provenance(), 'provmap') from standings as standings_1 where standings_1.raceid > standings_1.position group by standings_1.date, standings_1.points, standings_1.raceid, standings_1.wins limit 12;",YES,""
87,"-- meta {""num_joins"":0,""num_aggregates"":2,""has_union"":true,""has_intersect"":false,""has_negation"":false} (select constructor_standings_1.constructorid, max( constructor_standings_1.points), constructor_standings_1.points, count(*), constructor_standings_1.position , provsql.sr_why(provsql.provenance(), 'provmap') from constructor_standings as constructor_standings_1 where constructor_standings_1.wins is not NULL group by constructor_standings_1.constructorid, constructor_standings_1.points, constructor_standings_1.position limit 24) UNION (select constructor_standings_2.position, max( constructor_standings_2.points), min( constructor_standings_2.constructorstandingsid), count(*), count(*) , provsql.sr_why(provsql.provenance(), 'provmap') from constructor_standings as constructor_standings_2 where constructor_standings_2.date = constructor_standings_2.date limit 19);",NO,"ERREUR:  la colonne « constructor_standings_2.position » doit apparaître dans la clause GROUP BY ou doit être utilisé dans une fonction d'agrégat LIGNE 15 : constructor_standings_2.position,            ^"
88,"-- meta {""num_joins"":1,""num_aggregates"":0,""has_union"":false,""has_intersect"":false,""has_negation"":false} select constructor_results_1.points, races_1.name, constructor_results_1.date, races_1.circuitid, races_1.round , provsql.sr_why(provsql.provenance(), 'provmap') from constructor_results as constructor_results_1 inner join races as races_1 on (constructor_results_1.constructorresultsid = races_1.raceid ) where constructor_results_1.date > races_1.date limit 19;",YES,""
89,"-- meta {""num_joins"":1,""num_aggregates"":2,""has_union"":false,""has_intersect"":true,""has_negation"":false} (select standings_1.date, standings_1.wins, standings_1.driverstandingsid, standings_1.raceid, standings_1.position, avg( standings_1.points), standings_1.driverid, avg( standings_1.points), standings_1.points , provsql.sr_why(provsql.provenance(), 'provmap') from standings as standings_1 where standings_1.wins is not NULL group by standings_1.date, standings_1.driverid, standings_1.driverstandingsid, standings_1.points, standings_1.position, standings_1.raceid, standings_1.wins limit 6) INTERSECT (select qualifying_1.date, qualifying_1.position, qualifying_1.number, circuits_1.circuitid, qualifying_1.position, min( circuits_1.lng), min( qualifying_1.raceid), avg( circuits_1.lat), circuits_1.lat , provsql.sr_why(provsql.provenance(), 'provmap') from circuits as circuits_1 inner join qualifying as qualifying_1 on (circuits_1.circuitid = qualifying_1.qualifyid ) where circuits_1.circuitid is not NULL limit 29);",NO,"ERREUR:  la colonne « qualifying_1.date » doit apparaître dans la clause GROUP BY ou doit être utilisé dans une fonction d'agrégat LIGNE 20 : qualifying_1.date,            ^"
90,"-- meta {""num_joins"":1,""num_aggregates"":0,""has_union"":false,""has_intersect"":false,""has_negation"":true} (select constructor_standings_1.date, constructor_standings_1.raceid , provsql.sr_why(provsql.provenance(), 'provmap') from constructor_standings as constructor_standings_1 where constructor_standings_1.constructorstandingsid is not NULL limit 21) EXCEPT (select standings_1.date, max( drivers_1.dob) , provsql.sr_why(provsql.provenance(), 'provmap') from drivers as drivers_1 inner join standings as standings_1 on (drivers_1.driverid = standings_1.driverstandingsid ) where standings_1.date < drivers_1.dob limit 8);",NO,"ERREUR:  la colonne « standings_1.date » doit apparaître dans la clause GROUP BY ou doit être utilisé dans une fonction d'agrégat LIGNE 10 : standings_1.date,            ^"
91,"-- meta {""num_joins"":2,""num_aggregates"":1,""has_union"":false,""has_intersect"":false,""has_negation"":false} select constructors_1.constructorid, constructors_1.constructorref, constructor_results_1.raceid, count(*) , provsql.sr_why(provsql.provenance(), 'provmap') from constructor_results as constructor_results_1 inner join circuits as circuits_1 on (constructor_results_1.constructorresultsid = circuits_1.circuitid ) inner join constructors as constructors_1 on (circuits_1.circuitid = constructors_1.constructorid ) where circuits_1.circuitid is not NULL group by constructor_results_1.raceid, constructors_1.constructorid, constructors_1.constructorref limit 1;",YES,""
92,"-- meta {""num_joins"":2,""num_aggregates"":1,""has_union"":false,""has_intersect"":false,""has_negation"":false} select circuits_1.lng, max( circuits_1.alt), drivers_1.nationality , provsql.sr_why(provsql.provenance(), 'provmap') from drivers as drivers_1 inner join circuits as circuits_1 on (drivers_1.driverid = circuits_1.circuitid ) inner join drivers as drivers_2 on (drivers_1.driverid = drivers_2.driverid ) where circuits_1.circuitref < drivers_2.nationality group by circuits_1.lng, drivers_1.nationality limit 32;",YES,""
93,"-- meta {""num_joins"":4,""num_aggregates"":3,""has_union"":false,""has_intersect"":false,""has_negation"":false} select races_1.time, constructor_standings_2.constructorstandingsid, min( races_2.circuitid), constructor_standings_1.raceid, constructor_standings_1.constructorid, constructor_standings_2.date, max( constructor_standings_2.points), sum( constructor_standings_2.points) , provsql.sr_why(provsql.provenance(), 'provmap') from constructor_standings as constructor_standings_1 inner join races as races_1 on (constructor_standings_1.constructorstandingsid = races_1.raceid ) inner join constructor_standings as constructor_standings_2 on (constructor_standings_1.constructorstandingsid = constructor_standings_2.constructorstandingsid ) inner join races as races_2 inner join constructors as constructors_1 on (races_2.raceid = constructors_1.constructorid ) on (constructor_standings_2.constructorstandingsid = races_2.raceid ) where constructor_standings_2.constructorstandingsid <= constructor_standings_1.constructorid group by constructor_standings_1.constructorid, constructor_standings_1.raceid, constructor_standings_2.constructorstandingsid, constructor_standings_2.date, races_1.time limit 25;",YES,""
94,"-- meta {""num_joins"":0,""num_aggregates"":0,""has_union"":false,""has_intersect"":true,""has_negation"":false} (select constructor_results_1.constructorresultsid , provsql.sr_why(provsql.provenance(), 'provmap') from constructor_results as constructor_results_1 where constructor_results_1.date is not NULL limit 1) INTERSECT (select standings_1.raceid , provsql.sr_why(provsql.provenance(), 'provmap') from standings as standings_1 where standings_1.points is not NULL limit 26);",NO,"ERREUR:  Set operations other than UNION and EXCEPT not supported by provsql"
95,"-- meta {""num_joins"":0,""num_aggregates"":0,""has_union"":false,""has_intersect"":false,""has_negation"":true} (select circuits_1.lat , provsql.sr_why(provsql.provenance(), 'provmap') from circuits as circuits_1 where circuits_1.location is not NULL limit 30) EXCEPT (select avg( constructor_results_1.points) , provsql.sr_why(provsql.provenance(), 'provmap') from constructor_results as constructor_results_1 where constructor_results_1.raceid is not NULL limit 38);",NO,"ERREUR:  l'attribut 1 de type record a un mauvais type DÉTAIL : La table a le type provsql.agg_token alors que la requête attend double precision."
96,"-- meta {""num_joins"":2,""num_aggregates"":2,""has_union"":false,""has_intersect"":false,""has_negation"":true} (select results_1.grid, results_1.position, qualifying_2.position , provsql.sr_why(provsql.provenance(), 'provmap') from results as results_1 inner join qualifying as qualifying_1 inner join qualifying as qualifying_2 on (qualifying_1.qualifyid = qualifying_2.qualifyid ) on (results_1.resultid = qualifying_1.qualifyid ) where results_1.fastestlap >= results_1.milliseconds limit 41) EXCEPT (select circuits_1.circuitid, circuits_1.lat, circuits_1.circuitid , provsql.sr_why(provsql.provenance(), 'provmap') from circuits as circuits_1 where circuits_1.name is not NULL group by circuits_1.circuitref, circuits_1.name limit 20);",NO,"ERREUR:  la colonne « circuits_1.circuitid » doit apparaître dans la clause GROUP BY ou doit être utilisé dans une fonction d'agrégat LIGNE 15 : circuits_1.circuitid,            ^"
97,"-- meta {""num_joins"":1,""num_aggregates"":2,""has_union"":false,""has_intersect"":true,""has_negation"":false} (select min( constructor_results_1.date), constructor_results_1.date , provsql.sr_why(provsql.provenance(), 'provmap') from constructor_results as constructor_results_1 where constructor_results_1.raceid is not NULL group by constructor_results_1.date limit 16) INTERSECT (select max( drivers_1.dob), constructor_results_2.date , provsql.sr_why(provsql.provenance(), 'provmap') from constructor_results as constructor_results_2 inner join drivers as drivers_1 on (constructor_results_2.constructorresultsid = drivers_1.driverid ) where constructor_results_2.date <= drivers_1.dob group by constructor_results_2.date, drivers_1.code limit 11);",NO,"ERREUR:  Set operations other than UNION and EXCEPT not supported by provsql"
98,"-- meta {""num_joins"":1,""num_aggregates"":0,""has_union"":false,""has_intersect"":true,""has_negation"":false} (select circuits_1.country , provsql.sr_why(provsql.provenance(), 'provmap') from qualifying as qualifying_1 inner join circuits as circuits_1 on (qualifying_1.qualifyid = circuits_1.circuitid ) where circuits_1.alt is not NULL limit 19) INTERSECT (select races_1.time , provsql.sr_why(provsql.provenance(), 'provmap') from races as races_1 where races_1.circuitid is not NULL limit 4);",NO,"ERREUR:  Set operations other than UNION and EXCEPT not supported by provsql"
99,"-- meta {""num_joins"":1,""num_aggregates"":0,""has_union"":false,""has_intersect"":true,""has_negation"":false} (select constructor_standings_1.points, constructor_standings_1.date, constructor_standings_1.constructorid, constructor_standings_1.wins, constructor_standings_1.raceid , provsql.sr_why(provsql.provenance(), 'provmap') from constructor_standings as constructor_standings_1 where constructor_standings_1.points is not NULL limit 2) INTERSECT (select min( drivers_2.dob), drivers_1.dob, drivers_2.driverid, drivers_1.driverid, drivers_1.driverid , provsql.sr_why(provsql.provenance(), 'provmap') from drivers as drivers_1 inner join drivers as drivers_2 on (drivers_1.driverid = drivers_2.driverid ) where drivers_1.dob is not NULL limit 26);",NO,"ERREUR:  la colonne « drivers_1.dob » doit apparaître dans la clause GROUP BY ou doit être utilisé dans une fonction d'agrégat LIGNE 15 : drivers_1.dob,            ^"
100,"-- meta {""num_joins"":0,""num_aggregates"":1,""has_union"":true,""has_intersect"":false,""has_negation"":false} (select standings_1.raceid, standings_1.driverid, standings_1.driverstandingsid, min( standings_1.points) , provsql.sr_why(provsql.provenance(), 'provmap') from standings as standings_1 where standings_1.position is not NULL group by standings_1.driverid, standings_1.driverstandingsid, standings_1.raceid limit 27) UNION (select circuits_1.circuitid, circuits_1.circuitid, circuits_1.circuitid, avg( circuits_1.lng) , provsql.sr_why(provsql.provenance(), 'provmap') from circuits as circuits_1 where circuits_1.circuitid < circuits_1.circuitid limit 29);",NO,"ERREUR:  la colonne « circuits_1.circuitid » doit apparaître dans la clause GROUP BY ou doit être utilisé dans une fonction d'agrégat LIGNE 14 : circuits_1.circuitid,            ^"
101,"-- meta {""num_joins"":0,""num_aggregates"":1,""has_union"":false,""has_intersect"":false,""has_negation"":true} (select max( standings_1.date), standings_1.date, standings_1.points, standings_1.driverid, standings_1.raceid , provsql.sr_why(provsql.provenance(), 'provmap') from standings as standings_1 where standings_1.position >= standings_1.raceid group by standings_1.date, standings_1.driverid, standings_1.points, standings_1.raceid limit 40) EXCEPT (select max( standings_2.date), standings_2.date, sum( standings_2.points), standings_2.position, max( standings_2.driverid) , provsql.sr_why(provsql.provenance(), 'provmap') from standings as standings_2 where standings_2.raceid is not NULL limit 21);",NO,"ERREUR:  la colonne « standings_2.date » doit apparaître dans la clause GROUP BY ou doit être utilisé dans une fonction d'agrégat LIGNE 17 : standings_2.date,            ^"
102,"-- meta {""num_joins"":0,""num_aggregates"":0,""has_union"":false,""has_intersect"":false,""has_negation"":false} select circuits_1.name , provsql.sr_why(provsql.provenance(), 'provmap') from circuits as circuits_1 where circuits_1.alt = circuits_1.lat limit 30;",YES,""
103,"-- meta {""num_joins"":1,""num_aggregates"":1,""has_union"":true,""has_intersect"":false,""has_negation"":false} (select min( qualifying_1.date) , provsql.sr_why(provsql.provenance(), 'provmap') from constructor_standings as constructor_standings_1 inner join qualifying as qualifying_1 on (constructor_standings_1.constructorstandingsid = qualifying_1.qualifyid ) where constructor_standings_1.constructorstandingsid is not NULL limit 5) UNION (select min( constructor_standings_2.date) , provsql.sr_why(provsql.provenance(), 'provmap') from constructor_standings as constructor_standings_2 where constructor_standings_2.date is not NULL limit 2);",NO,"ERREUR:  UNION/INTERSECT/EXCEPT n'a pas pu convertir le type provsql.agg_token en timestamp without time zone"
104,"-- meta {""num_joins"":0,""num_aggregates"":2,""has_union"":false,""has_intersect"":false,""has_negation"":true} (select qualifying_1.raceid, qualifying_1.constructorid, qualifying_1.qualifyid, qualifying_1.number, min( qualifying_1.driverid) , provsql.sr_why(provsql.provenance(), 'provmap') from qualifying as qualifying_1 where qualifying_1.raceid is not NULL group by qualifying_1.constructorid, qualifying_1.number, qualifying_1.qualifyid, qualifying_1.raceid limit 41) EXCEPT (select results_1.raceid, results_1.laps, results_1.driverid, results_1.resultid, count( results_1.points) , provsql.sr_why(provsql.provenance(), 'provmap') from results as results_1 where results_1.fastestlap is not NULL group by results_1.driverid, results_1.fastestlap, results_1.laps limit 27);",NO,"ERREUR:  la colonne « results_1.raceid » doit apparaître dans la clause GROUP BY ou doit être utilisé dans une fonction d'agrégat LIGNE 15 : results_1.raceid,            ^"
105,"-- meta {""num_joins"":1,""num_aggregates"":1,""has_union"":false,""has_intersect"":false,""has_negation"":false} select results_1.date, constructor_standings_1.date, constructor_standings_1.constructorstandingsid, min( results_1.resultid) , provsql.sr_why(provsql.provenance(), 'provmap') from results as results_1 inner join constructor_standings as constructor_standings_1 on (results_1.resultid = constructor_standings_1.constructorstandingsid ) where results_1.driverid > constructor_standings_1.position group by constructor_standings_1.constructorstandingsid, constructor_standings_1.date, results_1.date limit 34;",YES,""
106,"-- meta {""num_joins"":1,""num_aggregates"":2,""has_union"":false,""has_intersect"":false,""has_negation"":true} (select constructor_standings_1.points, constructor_standings_1.constructorstandingsid, count( constructor_standings_1.position) , provsql.sr_why(provsql.provenance(), 'provmap') from constructor_standings as constructor_standings_1 where constructor_standings_1.constructorstandingsid is not NULL group by constructor_standings_1.constructorstandingsid, constructor_standings_1.points limit 15) EXCEPT (select circuits_1.lng, circuits_1.circuitid, max( qualifying_1.constructorid) , provsql.sr_why(provsql.provenance(), 'provmap') from circuits as circuits_1 inner join qualifying as qualifying_1 on (circuits_1.circuitid = qualifying_1.qualifyid ) where circuits_1.lng is not NULL group by circuits_1.country, circuits_1.name, qualifying_1.date, qualifying_1.number limit 7);",NO,"ERREUR:  la colonne « circuits_1.lng » doit apparaître dans la clause GROUP BY ou doit être utilisé dans une fonction d'agrégat LIGNE 13 : circuits_1.lng,            ^"
107,"-- meta {""num_joins"":2,""num_aggregates"":3,""has_union"":false,""has_intersect"":false,""has_negation"":true} (select qualifying_1.position, avg( qualifying_1.position), sum( qualifying_1.driverid), qualifying_1.raceid, qualifying_1.qualifyid, qualifying_1.number , provsql.sr_why(provsql.provenance(), 'provmap') from qualifying as qualifying_1 where qualifying_1.qualifyid is not NULL group by qualifying_1.number, qualifying_1.position, qualifying_1.qualifyid, qualifying_1.raceid limit 34) EXCEPT (select constructor_results_1.constructorid, sum( results_1.raceid), sum( results_1.laps), constructors_1.constructorid, min( results_1.number), results_1.constructorid , provsql.sr_why(provsql.provenance(), 'provmap') from constructor_results as constructor_results_1 inner join results as results_1 on (constructor_results_1.constructorresultsid = results_1.resultid ) inner join constructors as constructors_1 on (constructor_results_1.constructorresultsid = constructors_1.constructorid ) where constructors_1.constructorid is not NULL group by constructor_results_1.date, constructor_results_1.raceid, constructors_1.constructorid, constructors_1.name, constructors_1.nationality, results_1.driverid, results_1.points limit 34);",NO,"ERREUR:  la colonne « constructor_results_1.constructorid » doit apparaître dans la clause GROUP BY ou doit être utilisé dans une fonction d'agrégat LIGNE 17 : constructor_results_1.constructorid,            ^"
108,"-- meta {""num_joins"":0,""num_aggregates"":4,""has_union"":true,""has_intersect"":false,""has_negation"":false} (select standings_1.driverid, max( standings_1.raceid), standings_1.wins , provsql.sr_why(provsql.provenance(), 'provmap') from standings as standings_1 where standings_1.driverstandingsid is not NULL group by standings_1.driverid, standings_1.wins limit 36) UNION (select circuits_1.circuitid, max( circuits_1.circuitid), circuits_1.circuitid , provsql.sr_why(provsql.provenance(), 'provmap') from circuits as circuits_1 where circuits_1.name is not NULL group by circuits_1.alt, circuits_1.circuitref, circuits_1.country limit 29);",NO,"ERREUR:  la colonne « circuits_1.circuitid » doit apparaître dans la clause GROUP BY ou doit être utilisé dans une fonction d'agrégat LIGNE 13 : circuits_1.circuitid,            ^"
109,"-- meta {""num_joins"":1,""num_aggregates"":0,""has_union"":false,""has_intersect"":true,""has_negation"":false} (select drivers_1.code, drivers_1.driverid , provsql.sr_why(provsql.provenance(), 'provmap') from drivers as drivers_1 where drivers_1.driverref is not NULL limit 40) INTERSECT (select min( standings_1.points), constructor_results_1.constructorresultsid , provsql.sr_why(provsql.provenance(), 'provmap') from constructor_results as constructor_results_1 inner join standings as standings_1 on (constructor_results_1.constructorresultsid = standings_1.driverstandingsid ) where constructor_results_1.date is not NULL limit 30);",NO,"ERREUR:  la colonne « constructor_results_1.constructorresultsid » doit apparaître dans la clause GROUP BY ou doit être utilisé dans une fonction d'agrégat LIGNE 12 : constructor_results_1.constructorresultsid            ^"
110,"-- meta {""num_joins"":1,""num_aggregates"":2,""has_union"":true,""has_intersect"":false,""has_negation"":false} (select drivers_1.driverref, max( standings_1.wins), min( standings_1.date), standings_1.driverid, standings_1.driverstandingsid, standings_1.points, drivers_1.driverid , provsql.sr_why(provsql.provenance(), 'provmap') from drivers as drivers_1 inner join standings as standings_1 on (drivers_1.driverid = standings_1.driverstandingsid ) where standings_1.driverstandingsid is not NULL group by drivers_1.driverid, drivers_1.driverref, standings_1.driverid, standings_1.driverstandingsid, standings_1.points limit 11) UNION (select min( constructor_standings_1.points), max( constructor_standings_1.constructorid), max( constructor_standings_1.date), constructor_standings_1.wins, constructor_standings_1.constructorid, constructor_standings_1.points, constructor_standings_1.constructorstandingsid , provsql.sr_why(provsql.provenance(), 'provmap') from constructor_standings as constructor_standings_1 where constructor_standings_1.raceid is not NULL limit 36);",NO,"ERREUR:  la colonne « constructor_standings_1.wins » doit apparaître dans la clause GROUP BY ou doit être utilisé dans une fonction d'agrégat LIGNE 26 : constructor_standings_1.wins,            ^"
111,"-- meta {""num_joins"":1,""num_aggregates"":1,""has_union"":false,""has_intersect"":false,""has_negation"":true} (select qualifying_1.number , provsql.sr_why(provsql.provenance(), 'provmap') from qualifying as qualifying_1 where qualifying_1.constructorid is not NULL limit 13) EXCEPT (select races_1.year , provsql.sr_why(provsql.provenance(), 'provmap') from qualifying as qualifying_2 inner join races as races_1 on (qualifying_2.qualifyid = races_1.raceid ) where qualifying_2.date is not NULL limit 5);",YES,""
112,"-- meta {""num_joins"":4,""num_aggregates"":2,""has_union"":false,""has_intersect"":false,""has_negation"":false} select standings_1.position, max( constructor_results_1.points), standings_1.driverid, constructor_standings_1.constructorid, results_1.milliseconds, results_1.grid, results_1.constructorid, min( standings_2.date), results_1.number , provsql.sr_why(provsql.provenance(), 'provmap') from standings as standings_1 inner join constructor_results as constructor_results_1 inner join results as results_1 on (constructor_results_1.constructorresultsid = results_1.resultid ) inner join standings as standings_2 on (results_1.resultid = standings_2.driverstandingsid ) on (standings_1.driverstandingsid = constructor_results_1.constructorresultsid ) inner join constructor_standings as constructor_standings_1 on (results_1.resultid = constructor_standings_1.constructorstandingsid ) where standings_2.points is not NULL group by constructor_standings_1.constructorid, results_1.constructorid, results_1.grid, results_1.milliseconds, results_1.number, standings_1.driverid, standings_1.position limit 11;",YES,""
113,"-- meta {""num_joins"":1,""num_aggregates"":0,""has_union"":false,""has_intersect"":false,""has_negation"":false} select drivers_1.driverid, results_1.resultid, results_1.fastestlap , provsql.sr_why(provsql.provenance(), 'provmap') from results as results_1 inner join drivers as drivers_1 on (results_1.resultid = drivers_1.driverid ) where results_1.laps = results_1.positionorder limit 19;",YES,""
114,"-- meta {""num_joins"":1,""num_aggregates"":4,""has_union"":true,""has_intersect"":false,""has_negation"":false} (select min( results_1.date), results_1.number, results_1.laps, avg( results_1.raceid), sum( results_1.driverid), results_1.grid, results_1.date, results_1.rank, results_1.driverid, results_1.fastestlap, max( results_1.date), results_1.positionorder , provsql.sr_why(provsql.provenance(), 'provmap') from results as results_1 where results_1.positionorder is not NULL group by results_1.date, results_1.driverid, results_1.fastestlap, results_1.grid, results_1.laps, results_1.number, results_1.positionorder, results_1.rank limit 38) UNION (select max( constructor_standings_1.date), max( constructor_standings_1.position), constructor_standings_1.raceid, avg( qualifying_1.position), sum( constructor_standings_1.wins), constructor_standings_1.constructorid, constructor_standings_1.date, min( constructor_standings_1.constructorstandingsid), qualifying_1.driverid, constructor_standings_1.points, min( qualifying_1.date), constructor_standings_1.constructorstandingsid , provsql.sr_why(provsql.provenance(), 'provmap') from constructor_standings as constructor_standings_1 inner join qualifying as qualifying_1 on (constructor_standings_1.constructorstandingsid = qualifying_1.qualifyid ) where constructor_standings_1.points > constructor_standings_1.points limit 33);",NO,"ERREUR:  la colonne « constructor_standings_1.raceid » doit apparaître dans la clause GROUP BY ou doit être utilisé dans une fonction d'agrégat LIGNE 29 : constructor_standings_1.raceid,            ^"
115,"-- meta {""num_joins"":0,""num_aggregates"":2,""has_union"":true,""has_intersect"":false,""has_negation"":false} (select drivers_1.forename , provsql.sr_why(provsql.provenance(), 'provmap') from drivers as drivers_1 where drivers_1.code is not NULL limit 4) UNION (select min( qualifying_1.date) , provsql.sr_why(provsql.provenance(), 'provmap') from qualifying as qualifying_1 where qualifying_1.position = qualifying_1.number group by qualifying_1.constructorid, qualifying_1.driverid, qualifying_1.number, qualifying_1.position, qualifying_1.raceid limit 34);",NO,"ERREUR:  les UNION types text et timestamp without time zone ne peuvent pas correspondre LIGNE 9 : min(           ^"
116,"-- meta {""num_joins"":0,""num_aggregates"":1,""has_union"":false,""has_intersect"":true,""has_negation"":false} (select count( results_1.number), results_1.driverid, results_1.number , provsql.sr_why(provsql.provenance(), 'provmap') from results as results_1 where results_1.grid is not NULL group by results_1.driverid, results_1.number limit 27) INTERSECT (select count( drivers_1.code), min( drivers_1.driverid), max( drivers_1.driverid) , provsql.sr_why(provsql.provenance(), 'provmap') from drivers as drivers_1 where drivers_1.driverid >= drivers_1.driverid limit 35);",NO,"ERREUR:  Set operations other than UNION and EXCEPT not supported by provsql"
117,"-- meta {""num_joins"":1,""num_aggregates"":3,""has_union"":false,""has_intersect"":false,""has_negation"":true} (select circuits_1.lat, count(*), avg( circuits_1.lng), max( circuits_1.circuitid), circuits_1.lng, circuits_1.alt , provsql.sr_why(provsql.provenance(), 'provmap') from circuits as circuits_1 where circuits_1.location < circuits_1.country group by circuits_1.alt, circuits_1.lat, circuits_1.lng limit 26) EXCEPT (select results_1.fastestlap, max( qualifying_1.position), avg( results_1.milliseconds), min( qualifying_1.number), results_1.fastestlap, results_1.points , provsql.sr_why(provsql.provenance(), 'provmap') from results as results_1 inner join qualifying as qualifying_1 on (results_1.resultid = qualifying_1.qualifyid ) where qualifying_1.raceid is not NULL limit 14);",NO,"ERREUR:  la colonne « results_1.fastestlap » doit apparaître dans la clause GROUP BY ou doit être utilisé dans une fonction d'agrégat LIGNE 17 : results_1.fastestlap,            ^"
118,"-- meta {""num_joins"":1,""num_aggregates"":0,""has_union"":false,""has_intersect"":false,""has_negation"":false} select constructor_results_1.raceid, races_1.year, constructor_results_1.date, races_1.time, races_1.raceid, constructor_results_1.points , provsql.sr_why(provsql.provenance(), 'provmap') from constructor_results as constructor_results_1 inner join races as races_1 on (constructor_results_1.constructorresultsid = races_1.raceid ) where races_1.time = races_1.name limit 16;",YES,""
119,"-- meta {""num_joins"":2,""num_aggregates"":2,""has_union"":false,""has_intersect"":false,""has_negation"":true} (select constructors_1.constructorref, drivers_1.driverref, drivers_1.nationality, count(*), constructors_1.name, qualifying_1.date, max( qualifying_1.constructorid) , provsql.sr_why(provsql.provenance(), 'provmap') from qualifying as qualifying_1 inner join drivers as drivers_1 inner join constructors as constructors_1 on (drivers_1.driverid = constructors_1.constructorid ) on (qualifying_1.qualifyid = drivers_1.driverid ) where drivers_1.dob <= qualifying_1.date group by constructors_1.constructorref, constructors_1.name, drivers_1.driverref, drivers_1.nationality, qualifying_1.date limit 39) EXCEPT (select max( qualifying_2.qualifyid), max( qualifying_2.date), max( qualifying_2.date), min( qualifying_2.constructorid), max( qualifying_2.date), qualifying_2.date, min( qualifying_2.constructorid) , provsql.sr_why(provsql.provenance(), 'provmap') from qualifying as qualifying_2 where qualifying_2.driverid > qualifying_2.number limit 41);",NO,"ERREUR:  la colonne « qualifying_2.date » doit apparaître dans la clause GROUP BY ou doit être utilisé dans une fonction d'agrégat LIGNE 31 : qualifying_2.date,            ^"
120,"-- meta {""num_joins"":0,""num_aggregates"":0,""has_union"":false,""has_intersect"":false,""has_negation"":false} select races_1.name , provsql.sr_why(provsql.provenance(), 'provmap') from races as races_1 where races_1.round is not NULL limit 2;",YES,""
121,"-- meta {""num_joins"":0,""num_aggregates"":0,""has_union"":false,""has_intersect"":false,""has_negation"":false} select constructor_standings_1.constructorid, constructor_standings_1.wins , provsql.sr_why(provsql.provenance(), 'provmap') from constructor_standings as constructor_standings_1 where constructor_standings_1.date = constructor_standings_1.date limit 14;",YES,""
122,"-- meta {""num_joins"":0,""num_aggregates"":2,""has_union"":false,""has_intersect"":false,""has_negation"":true} (select min( races_1.round), races_1.round, races_1.time, races_1.raceid , provsql.sr_why(provsql.provenance(), 'provmap') from races as races_1 where races_1.date <= races_1.date group by races_1.raceid, races_1.round, races_1.time limit 14) EXCEPT (select count( results_1.driverid), results_1.positionorder, avg( results_1.number), results_1.laps , provsql.sr_why(provsql.provenance(), 'provmap') from results as results_1 where results_1.resultid > results_1.grid group by results_1.laps, results_1.rank limit 37);",NO,"ERREUR:  la colonne « results_1.positionorder » doit apparaître dans la clause GROUP BY ou doit être utilisé dans une fonction d'agrégat LIGNE 16 : results_1.positionorder,            ^"
123,"-- meta {""num_joins"":1,""num_aggregates"":0,""has_union"":false,""has_intersect"":false,""has_negation"":true} (select circuits_1.alt, circuits_1.location, circuits_1.lat, constructor_standings_1.date, constructor_standings_1.wins , provsql.sr_why(provsql.provenance(), 'provmap') from circuits as circuits_1 inner join constructor_standings as constructor_standings_1 on (circuits_1.circuitid = constructor_standings_1.constructorstandingsid ) where constructor_standings_1.date = constructor_standings_1.date limit 30) EXCEPT (select max( races_1.date), races_1.name, count( races_1.raceid), races_1.date, races_1.raceid , provsql.sr_why(provsql.provenance(), 'provmap') from races as races_1 where races_1.year is not NULL limit 14);",NO,"ERREUR:  la colonne « races_1.name » doit apparaître dans la clause GROUP BY ou doit être utilisé dans une fonction d'agrégat LIGNE 17 : races_1.name,            ^"
124,"-- meta {""num_joins"":0,""num_aggregates"":6,""has_union"":false,""has_intersect"":true,""has_negation"":false} (select drivers_1.forename, drivers_1.code, avg( drivers_1.driverid), drivers_1.dob, drivers_1.nationality, max( drivers_1.dob), drivers_1.surname, drivers_1.driverref, drivers_1.driverid, count( drivers_1.forename) , provsql.sr_why(provsql.provenance(), 'provmap') from drivers as drivers_1 where drivers_1.driverid > drivers_1.driverid group by drivers_1.code, drivers_1.dob, drivers_1.driverid, drivers_1.driverref, drivers_1.forename, drivers_1.nationality, drivers_1.surname limit 29) INTERSECT (select max( constructor_standings_1.date), max( constructor_standings_1.date), avg( constructor_standings_1.position), constructor_standings_1.date, max( constructor_standings_1.date), min( constructor_standings_1.date), avg( constructor_standings_1.points), min( constructor_standings_1.date), constructor_standings_1.raceid, count(*) , provsql.sr_why(provsql.provenance(), 'provmap') from constructor_standings as constructor_standings_1 where constructor_standings_1.constructorstandingsid is not NULL group by constructor_standings_1.constructorid, constructor_standings_1.points, constructor_standings_1.position, constructor_standings_1.wins limit 13);",NO,"ERREUR:  la colonne « constructor_standings_1.date » doit apparaître dans la clause GROUP BY ou doit être utilisé dans une fonction d'agrégat LIGNE 28 : constructor_standings_1.date,            ^"
125,"-- meta {""num_joins"":0,""num_aggregates"":1,""has_union"":false,""has_intersect"":false,""has_negation"":true} (select constructor_standings_1.date, constructor_standings_1.position, sum( constructor_standings_1.constructorid) , provsql.sr_why(provsql.provenance(), 'provmap') from constructor_standings as constructor_standings_1 where constructor_standings_1.date > constructor_standings_1.date group by constructor_standings_1.date, constructor_standings_1.position limit 15) EXCEPT (select sum( circuits_1.lng), circuits_1.circuitid, avg( circuits_1.circuitid) , provsql.sr_why(provsql.provenance(), 'provmap') from circuits as circuits_1 where circuits_1.country is not NULL limit 23);",NO,"ERREUR:  la colonne « circuits_1.circuitid » doit apparaître dans la clause GROUP BY ou doit être utilisé dans une fonction d'agrégat LIGNE 15 : circuits_1.circuitid,            ^"
126,"-- meta {""num_joins"":3,""num_aggregates"":2,""has_union"":true,""has_intersect"":false,""has_negation"":false} (select max( standings_1.date), max( standings_1.date), standings_1.raceid , provsql.sr_why(provsql.provenance(), 'provmap') from standings as standings_1 where standings_1.date is not NULL group by standings_1.raceid limit 42) UNION (select min( constructor_standings_1.date), min( results_1.date), results_1.positionorder , provsql.sr_why(provsql.provenance(), 'provmap') from results as results_1 inner join constructor_standings as constructor_standings_1 inner join circuits as circuits_1 on (constructor_standings_1.constructorstandingsid = circuits_1.circuitid ) on (results_1.resultid = constructor_standings_1.constructorstandingsid ) inner join circuits as circuits_2 on (circuits_1.circuitid = circuits_2.circuitid ) where circuits_2.location is not NULL limit 31);",NO,"ERREUR:  la colonne « results_1.positionorder » doit apparaître dans la clause GROUP BY ou doit être utilisé dans une fonction d'agrégat LIGNE 18 : results_1.positionorder            ^"
127,"-- meta {""num_joins"":1,""num_aggregates"":2,""has_union"":false,""has_intersect"":false,""has_negation"":false} select drivers_2.nationality, drivers_1.driverid, max( drivers_1.dob), drivers_1.surname, max( drivers_2.driverid), drivers_1.driverref, drivers_1.code , provsql.sr_why(provsql.provenance(), 'provmap') from drivers as drivers_1 inner join drivers as drivers_2 on (drivers_1.driverid = drivers_2.driverid ) where drivers_2.forename is not NULL group by drivers_1.code, drivers_1.driverid, drivers_1.driverref, drivers_1.surname, drivers_2.nationality limit 29;",YES,""
128,"-- meta {""num_joins"":0,""num_aggregates"":2,""has_union"":false,""has_intersect"":false,""has_negation"":false} select constructors_1.nationality, constructors_1.constructorref, constructors_1.constructorid, constructors_1.name, count( constructors_1.constructorref), sum( constructors_1.constructorid) , provsql.sr_why(provsql.provenance(), 'provmap') from constructors as constructors_1 where constructors_1.constructorref is not NULL group by constructors_1.constructorid, constructors_1.constructorref, constructors_1.name, constructors_1.nationality limit 38;",YES,""
129,"-- meta {""num_joins"":0,""num_aggregates"":2,""has_union"":false,""has_intersect"":false,""has_negation"":false} select constructors_1.constructorid, count(*), constructors_1.constructorref, avg( constructors_1.constructorid), constructors_1.name , provsql.sr_why(provsql.provenance(), 'provmap') from constructors as constructors_1 where constructors_1.name is not NULL group by constructors_1.constructorid, constructors_1.constructorref, constructors_1.name limit 35;",YES,""
130,"-- meta {""num_joins"":2,""num_aggregates"":0,""has_union"":true,""has_intersect"":false,""has_negation"":false} (select drivers_1.driverref, drivers_1.dob, drivers_1.forename, drivers_1.nationality , provsql.sr_why(provsql.provenance(), 'provmap') from drivers as drivers_1 where drivers_1.driverref < drivers_1.code limit 15) UNION (select races_1.name, races_1.date, circuits_1.location, races_1.time , provsql.sr_why(provsql.provenance(), 'provmap') from races as races_1 inner join circuits as circuits_1 inner join races as races_2 on (circuits_1.circuitid = races_2.raceid ) on (races_1.raceid = races_2.raceid ) where circuits_1.lng > circuits_1.alt limit 12);",YES,""
131,"-- meta {""num_joins"":4,""num_aggregates"":0,""has_union"":true,""has_intersect"":false,""has_negation"":false} (select races_1.raceid, races_1.round, qualifying_1.constructorid, qualifying_1.date, circuits_1.circuitref, races_1.circuitid, races_1.name , provsql.sr_why(provsql.provenance(), 'provmap') from circuits as circuits_1 inner join qualifying as qualifying_1 inner join races as races_1 on (qualifying_1.qualifyid = races_1.raceid ) on (circuits_1.circuitid = races_1.raceid ) where qualifying_1.date > races_1.date limit 9) UNION (select min( standings_1.points), constructor_standings_1.constructorstandingsid, standings_1.raceid, standings_1.date, constructors_1.constructorref, constructor_standings_1.position, constructors_1.name , provsql.sr_why(provsql.provenance(), 'provmap') from constructors as constructors_1 inner join standings as standings_1 inner join constructor_standings as constructor_standings_1 on (standings_1.driverstandingsid = constructor_standings_1.constructorstandingsid ) on (constructors_1.constructorid = standings_1.driverstandingsid ) where constructors_1.name is not NULL limit 2);",NO,"ERREUR:  la colonne « constructor_standings_1.constructorstandingsid » doit apparaître dans la clause GROUP BY ou doit être utilisé dans une fonction d'agrégat LIGNE 21 : constructor_standings_1.constructorstandingsid,            ^"
132,"-- meta {""num_joins"":4,""num_aggregates"":2,""has_union"":true,""has_intersect"":false,""has_negation"":false} (select circuits_1.country , provsql.sr_why(provsql.provenance(), 'provmap') from constructor_standings as constructor_standings_1 inner join circuits as circuits_1 inner join standings as standings_1 inner join drivers as drivers_1 on (standings_1.driverstandingsid = drivers_1.driverid ) on (circuits_1.circuitid = standings_1.driverstandingsid ) inner join standings as standings_2 on (drivers_1.driverid = standings_2.driverstandingsid ) on (constructor_standings_1.constructorstandingsid = drivers_1.driverid ) where constructor_standings_1.date is not NULL limit 12) UNION (select races_1.name , provsql.sr_why(provsql.provenance(), 'provmap') from races as races_1 where races_1.raceid is not NULL group by races_1.circuitid, races_1.date, races_1.name, races_1.raceid, races_1.round, races_1.time limit 12);",YES,""
133,"-- meta {""num_joins"":1,""num_aggregates"":1,""has_union"":false,""has_intersect"":false,""has_negation"":true} (select circuits_1.lat, circuits_1.alt, qualifying_1.constructorid, qualifying_1.raceid, qualifying_1.driverid , provsql.sr_why(provsql.provenance(), 'provmap') from qualifying as qualifying_1 inner join circuits as circuits_1 on (qualifying_1.qualifyid = circuits_1.circuitid ) where circuits_1.location is not NULL limit 14) EXCEPT (select min( races_1.date), min( races_1.date), max( races_1.raceid), races_1.year, races_1.round , provsql.sr_why(provsql.provenance(), 'provmap') from races as races_1 where races_1.name is not NULL group by races_1.circuitid, races_1.date, races_1.name, races_1.raceid, races_1.round limit 9);",NO,"ERREUR:  les EXCEPT types double precision et timestamp without time zone ne peuvent pas correspondre LIGNE 15 : min(            ^"
134,"-- meta {""num_joins"":0,""num_aggregates"":0,""has_union"":false,""has_intersect"":false,""has_negation"":false} select drivers_1.driverref, drivers_1.nationality, drivers_1.forename, drivers_1.driverid , provsql.sr_why(provsql.provenance(), 'provmap') from drivers as drivers_1 where drivers_1.driverref is not NULL limit 17;",YES,""
135,"-- meta {""num_joins"":0,""num_aggregates"":3,""has_union"":false,""has_intersect"":false,""has_negation"":false} select count(*), races_1.date, avg( races_1.year), races_1.time, races_1.round, races_1.name, races_1.year, count(*) , provsql.sr_why(provsql.provenance(), 'provmap') from races as races_1 where races_1.circuitid is not NULL group by races_1.date, races_1.name, races_1.round, races_1.time, races_1.year limit 17;",YES,""
136,"-- meta {""num_joins"":1,""num_aggregates"":1,""has_union"":false,""has_intersect"":false,""has_negation"":true} (select drivers_1.dob, drivers_1.forename, drivers_1.driverref, drivers_1.driverid, max( qualifying_1.date) , provsql.sr_why(provsql.provenance(), 'provmap') from drivers as drivers_1 inner join qualifying as qualifying_1 on (drivers_1.driverid = qualifying_1.qualifyid ) where qualifying_1.raceid is not NULL group by drivers_1.dob, drivers_1.driverid, drivers_1.driverref, drivers_1.forename limit 5) EXCEPT (select drivers_2.dob, drivers_2.forename, drivers_2.code, max( drivers_2.dob), max( drivers_2.dob) , provsql.sr_why(provsql.provenance(), 'provmap') from drivers as drivers_2 where drivers_2.nationality is not NULL limit 14);",NO,"ERREUR:  la colonne « drivers_2.dob » doit apparaître dans la clause GROUP BY ou doit être utilisé dans une fonction d'agrégat LIGNE 17 : drivers_2.dob,            ^"
137,"-- meta {""num_joins"":0,""num_aggregates"":0,""has_union"":false,""has_intersect"":false,""has_negation"":false} select standings_1.wins, standings_1.position, standings_1.driverid , provsql.sr_why(provsql.provenance(), 'provmap') from standings as standings_1 where standings_1.driverid is not NULL limit 10;",YES,""
138,"-- meta {""num_joins"":0,""num_aggregates"":0,""has_union"":false,""has_intersect"":true,""has_negation"":false} (select constructor_results_1.constructorid , provsql.sr_why(provsql.provenance(), 'provmap') from constructor_results as constructor_results_1 where constructor_results_1.points = constructor_results_1.points limit 11) INTERSECT (select races_1.round , provsql.sr_why(provsql.provenance(), 'provmap') from races as races_1 where races_1.year is not NULL limit 34);",NO,"ERREUR:  Set operations other than UNION and EXCEPT not supported by provsql"
139,"-- meta {""num_joins"":3,""num_aggregates"":0,""has_union"":true,""has_intersect"":false,""has_negation"":false} (select races_1.year, races_1.time, constructor_standings_1.position, races_1.date, results_1.statusid, races_1.name , provsql.sr_why(provsql.provenance(), 'provmap') from constructor_standings as constructor_standings_1 inner join races as races_1 on (constructor_standings_1.constructorstandingsid = races_1.raceid ) inner join results as results_1 on (constructor_standings_1.constructorstandingsid = results_1.resultid ) where races_1.circuitid is not NULL limit 17) UNION (select standings_2.wins, count(*), standings_2.position, standings_2.date, avg( standings_1.raceid), sum( standings_1.raceid) , provsql.sr_why(provsql.provenance(), 'provmap') from standings as standings_1 inner join standings as standings_2 on (standings_1.driverstandingsid = standings_2.driverstandingsid ) where standings_2.wins is not NULL limit 7);",NO,"ERREUR:  la colonne « standings_2.wins » doit apparaître dans la clause GROUP BY ou doit être utilisé dans une fonction d'agrégat LIGNE 18 : standings_2.wins,            ^"
140,"-- meta {""num_joins"":0,""num_aggregates"":3,""has_union"":true,""has_intersect"":false,""has_negation"":false} (select sum( circuits_1.circuitid) , provsql.sr_why(provsql.provenance(), 'provmap') from circuits as circuits_1 where circuits_1.country is not NULL limit 8) UNION (select avg( qualifying_1.raceid) , provsql.sr_why(provsql.provenance(), 'provmap') from qualifying as qualifying_1 where qualifying_1.constructorid is not NULL group by qualifying_1.constructorid, qualifying_1.date, qualifying_1.driverid, qualifying_1.number, qualifying_1.position, qualifying_1.raceid limit 1);",NO,"ERREUR:  UNION/INTERSECT/EXCEPT n'a pas pu convertir le type provsql.agg_token en numeric"
141,"-- meta {""num_joins"":0,""num_aggregates"":1,""has_union"":true,""has_intersect"":false,""has_negation"":false} (select races_1.date, races_1.year, races_1.raceid, races_1.name, max( races_1.circuitid) , provsql.sr_why(provsql.provenance(), 'provmap') from races as races_1 where races_1.round is not NULL group by races_1.date, races_1.name, races_1.raceid, races_1.year limit 7) UNION (select constructor_results_1.date, constructor_results_1.raceid, constructor_results_1.constructorresultsid, max( constructor_results_1.points), count(*) , provsql.sr_why(provsql.provenance(), 'provmap') from constructor_results as constructor_results_1 where constructor_results_1.raceid is not NULL limit 16);",NO,"ERREUR:  la colonne « constructor_results_1.date » doit apparaître dans la clause GROUP BY ou doit être utilisé dans une fonction d'agrégat LIGNE 15 : constructor_results_1.date,            ^"
142,"-- meta {""num_joins"":0,""num_aggregates"":3,""has_union"":true,""has_intersect"":false,""has_negation"":false} (select drivers_1.code, drivers_1.dob, drivers_1.nationality, drivers_1.driverid, min( drivers_1.driverid), min( drivers_1.driverid), drivers_1.forename, max( drivers_1.driverid) , provsql.sr_why(provsql.provenance(), 'provmap') from drivers as drivers_1 where drivers_1.dob is not NULL group by drivers_1.code, drivers_1.dob, drivers_1.driverid, drivers_1.forename, drivers_1.nationality limit 10) UNION (select min( constructor_results_1.points), constructor_results_1.date, avg( constructor_results_1.constructorresultsid), constructor_results_1.raceid, min( constructor_results_1.raceid), min( constructor_results_1.constructorid), max( constructor_results_1.date), count( constructor_results_1.date) , provsql.sr_why(provsql.provenance(), 'provmap') from constructor_results as constructor_results_1 where constructor_results_1.date is not NULL limit 26);",NO,"ERREUR:  la colonne « constructor_results_1.date » doit apparaître dans la clause GROUP BY ou doit être utilisé dans une fonction d'agrégat LIGNE 22 : constructor_results_1.date,            ^"
143,"-- meta {""num_joins"":3,""num_aggregates"":0,""has_union"":true,""has_intersect"":false,""has_negation"":false} (select drivers_1.forename , provsql.sr_why(provsql.provenance(), 'provmap') from drivers as drivers_1 where drivers_1.nationality is not NULL limit 26) UNION (select constructors_1.name , provsql.sr_why(provsql.provenance(), 'provmap') from constructors as constructors_1 inner join constructor_results as constructor_results_1 on (constructors_1.constructorid = constructor_results_1.constructorresultsid ) inner join constructor_standings as constructor_standings_1 on (constructor_results_1.constructorresultsid = constructor_standings_1.constructorstandingsid ) inner join drivers as drivers_2 on (constructor_results_1.constructorresultsid = drivers_2.driverid ) where constructors_1.nationality is not NULL limit 11);",YES,""
144,"-- meta {""num_joins"":0,""num_aggregates"":0,""has_union"":false,""has_intersect"":false,""has_negation"":true} (select results_1.points, results_1.statusid, results_1.resultid, results_1.positionorder, results_1.grid, results_1.raceid, results_1.date, results_1.driverid, results_1.position, results_1.laps, results_1.number, results_1.constructorid , provsql.sr_why(provsql.provenance(), 'provmap') from results as results_1 where results_1.laps < results_1.driverid limit 39) EXCEPT (select results_2.milliseconds, results_2.resultid, avg( results_2.position), results_2.constructorid, results_2.driverid, results_2.resultid, results_2.date, results_2.constructorid, results_2.points, results_2.driverid, results_2.milliseconds, count( results_2.raceid) , provsql.sr_why(provsql.provenance(), 'provmap') from results as results_2 where results_2.resultid is not NULL limit 24);",NO,"ERREUR:  la colonne « results_2.milliseconds » doit apparaître dans la clause GROUP BY ou doit être utilisé dans une fonction d'agrégat LIGNE 20 : results_2.milliseconds,            ^"
145,"-- meta {""num_joins"":1,""num_aggregates"":2,""has_union"":false,""has_intersect"":false,""has_negation"":true} (select circuits_1.alt, circuits_1.circuitid, min( circuits_1.lng), circuits_1.circuitref , provsql.sr_why(provsql.provenance(), 'provmap') from circuits as circuits_1 where circuits_1.circuitid < circuits_1.circuitid group by circuits_1.alt, circuits_1.circuitid, circuits_1.circuitref limit 24) EXCEPT (select standings_1.points, standings_1.raceid, min( standings_1.points), min( qualifying_1.date) , provsql.sr_why(provsql.provenance(), 'provmap') from qualifying as qualifying_1 inner join standings as standings_1 on (qualifying_1.qualifyid = standings_1.driverstandingsid ) where standings_1.points > standings_1.points group by standings_1.driverstandingsid limit 29);",NO,"ERREUR:  les EXCEPT types text et timestamp without time zone ne peuvent pas correspondre LIGNE 18 : min(            ^"
146,"-- meta {""num_joins"":0,""num_aggregates"":3,""has_union"":true,""has_intersect"":false,""has_negation"":false} (select min( races_1.date), races_1.circuitid, races_1.year, races_1.name, races_1.raceid , provsql.sr_why(provsql.provenance(), 'provmap') from races as races_1 where races_1.time > races_1.name group by races_1.circuitid, races_1.name, races_1.raceid, races_1.year limit 28) UNION (select min( constructor_results_1.date), constructor_results_1.raceid, constructor_results_1.constructorresultsid, min( constructor_results_1.date), max( constructor_results_1.date) , provsql.sr_why(provsql.provenance(), 'provmap') from constructor_results as constructor_results_1 where constructor_results_1.raceid is not NULL group by constructor_results_1.constructorid, constructor_results_1.constructorresultsid, constructor_results_1.date limit 28);",NO,"ERREUR:  les UNION types text et timestamp without time zone ne peuvent pas correspondre LIGNE 19 : min(            ^"
147,"-- meta {""num_joins"":1,""num_aggregates"":5,""has_union"":false,""has_intersect"":false,""has_negation"":true} (select avg( constructors_1.constructorid), constructors_1.constructorref, max( constructors_1.constructorid), constructors_1.nationality, count( constructors_1.constructorid), min( constructors_1.constructorid), constructors_1.name, count( constructors_1.name) , provsql.sr_why(provsql.provenance(), 'provmap') from constructors as constructors_1 where constructors_1.nationality is not NULL group by constructors_1.constructorref, constructors_1.name, constructors_1.nationality limit 14) EXCEPT (select sum( constructor_standings_1.wins), max( constructor_standings_1.date), count(*), max( results_1.date), min( results_1.raceid), count( constructor_standings_1.constructorstandingsid), sum( results_1.points), max( results_1.statusid) , provsql.sr_why(provsql.provenance(), 'provmap') from results as results_1 inner join constructor_standings as constructor_standings_1 on (results_1.resultid = constructor_standings_1.constructorstandingsid ) where constructor_standings_1.position is not NULL limit 1);",NO,"ERREUR:  les EXCEPT types text et timestamp without time zone ne peuvent pas correspondre LIGNE 24 : max(            ^"
148,"-- meta {""num_joins"":4,""num_aggregates"":2,""has_union"":false,""has_intersect"":true,""has_negation"":false} (select constructor_standings_1.date , provsql.sr_why(provsql.provenance(), 'provmap') from constructor_standings as constructor_standings_1 where constructor_standings_1.constructorid is not NULL limit 27) INTERSECT (select results_1.date , provsql.sr_why(provsql.provenance(), 'provmap') from drivers as drivers_1 inner join results as results_1 inner join races as races_1 on (results_1.resultid = races_1.raceid ) on (drivers_1.driverid = races_1.raceid ) inner join constructors as constructors_1 inner join circuits as circuits_1 on (constructors_1.constructorid = circuits_1.circuitid ) on (drivers_1.driverid = constructors_1.constructorid ) where results_1.rank > circuits_1.lat group by circuits_1.alt, circuits_1.name, constructors_1.constructorid, constructors_1.nationality, races_1.raceid, results_1.driverid limit 3);",NO,"ERREUR:  la colonne « results_1.date » doit apparaître dans la clause GROUP BY ou doit être utilisé dans une fonction d'agrégat LIGNE 9 : results_1.date           ^"
149,"-- meta {""num_joins"":2,""num_aggregates"":1,""has_union"":false,""has_intersect"":false,""has_negation"":true} (select races_1.raceid, races_1.name , provsql.sr_why(provsql.provenance(), 'provmap') from races as races_1 where races_1.round is not NULL limit 27) EXCEPT (select min( constructor_standings_1.date), constructors_2.nationality , provsql.sr_why(provsql.provenance(), 'provmap') from constructor_standings as constructor_standings_1 inner join constructors as constructors_1 on (constructor_standings_1.constructorstandingsid = constructors_1.constructorid ) inner join constructors as constructors_2 on (constructor_standings_1.constructorstandingsid = constructors_2.constructorid ) where constructor_standings_1.wins >= constructor_standings_1.position group by constructor_standings_1.constructorstandingsid, constructor_standings_1.date, constructor_standings_1.position, constructors_1.constructorid, constructors_1.constructorref, constructors_1.name, constructors_2.constructorid, constructors_2.nationality limit 12);",NO,"ERREUR:  les EXCEPT types bigint et timestamp without time zone ne peuvent pas correspondre LIGNE 10 : min(            ^"
150,"-- meta {""num_joins"":0,""num_aggregates"":1,""has_union"":false,""has_intersect"":true,""has_negation"":false} (select standings_1.raceid, standings_1.points, standings_1.driverid, standings_1.wins, avg( standings_1.wins) , provsql.sr_why(provsql.provenance(), 'provmap') from standings as standings_1 where standings_1.points >= standings_1.points group by standings_1.driverid, standings_1.points, standings_1.raceid, standings_1.wins limit 29) INTERSECT (select constructors_1.constructorid, count(*), constructors_1.constructorid, constructors_1.constructorid, avg( constructors_1.constructorid) , provsql.sr_why(provsql.provenance(), 'provmap') from constructors as constructors_1 where constructors_1.constructorid is not NULL limit 1);",NO,"ERREUR:  la colonne « constructors_1.constructorid » doit apparaître dans la clause GROUP BY ou doit être utilisé dans une fonction d'agrégat LIGNE 15 : constructors_1.constructorid,            ^"
151,"-- meta {""num_joins"":2,""num_aggregates"":4,""has_union"":false,""has_intersect"":false,""has_negation"":false} select constructors_1.constructorid, constructor_standings_1.raceid, max( constructor_standings_1.date), qualifying_1.raceid, max( qualifying_1.date), constructor_standings_1.date, constructor_standings_1.position, constructor_standings_1.constructorstandingsid, sum( constructor_standings_1.raceid), qualifying_1.qualifyid, qualifying_1.number, constructor_standings_1.constructorid, qualifying_1.date, constructors_1.nationality, constructor_standings_1.wins, sum( constructor_standings_1.points) , provsql.sr_why(provsql.provenance(), 'provmap') from constructor_standings as constructor_standings_1 inner join qualifying as qualifying_1 inner join constructors as constructors_1 on (qualifying_1.qualifyid = constructors_1.constructorid ) on (constructor_standings_1.constructorstandingsid = constructors_1.constructorid ) where constructors_1.constructorref <= constructors_1.nationality group by constructor_standings_1.constructorid, constructor_standings_1.constructorstandingsid, constructor_standings_1.date, constructor_standings_1.position, constructor_standings_1.raceid, constructor_standings_1.wins, constructors_1.constructorid, constructors_1.nationality, qualifying_1.date, qualifying_1.number, qualifying_1.qualifyid, qualifying_1.raceid limit 37;",YES,""
152,"-- meta {""num_joins"":0,""num_aggregates"":3,""has_union"":true,""has_intersect"":false,""has_negation"":false} (select races_1.name, races_1.circuitid, races_1.round, races_1.time, count( races_1.round), races_1.year, races_1.date, races_1.raceid, max( races_1.date) , provsql.sr_why(provsql.provenance(), 'provmap') from races as races_1 where races_1.time is not NULL group by races_1.circuitid, races_1.date, races_1.name, races_1.raceid, races_1.round, races_1.time, races_1.year limit 11) UNION (select min( constructor_standings_1.date), constructor_standings_1.wins, constructor_standings_1.raceid, min( constructor_standings_1.date), max( constructor_standings_1.raceid), sum( constructor_standings_1.constructorstandingsid), sum( constructor_standings_1.constructorstandingsid), constructor_standings_1.wins, min( constructor_standings_1.date) , provsql.sr_why(provsql.provenance(), 'provmap') from constructor_standings as constructor_standings_1 where constructor_standings_1.date > constructor_standings_1.date group by constructor_standings_1.constructorid, constructor_standings_1.constructorstandingsid, constructor_standings_1.date, constructor_standings_1.points, constructor_standings_1.raceid, constructor_standings_1.wins limit 10);",NO,"ERREUR:  les UNION types text et timestamp without time zone ne peuvent pas correspondre LIGNE 20 : min(            ^"
153,"-- meta {""num_joins"":0,""num_aggregates"":0,""has_union"":false,""has_intersect"":false,""has_negation"":false} select constructor_results_1.constructorresultsid, constructor_results_1.points, constructor_results_1.raceid , provsql.sr_why(provsql.provenance(), 'provmap') from constructor_results as constructor_results_1 where constructor_results_1.date > constructor_results_1.date limit 9;",YES,""
154,"-- meta {""num_joins"":1,""num_aggregates"":1,""has_union"":false,""has_intersect"":false,""has_negation"":false} select max( results_1.date), results_1.resultid, results_1.milliseconds, results_1.laps, races_1.time , provsql.sr_why(provsql.provenance(), 'provmap') from races as races_1 inner join results as results_1 on (races_1.raceid = results_1.resultid ) where races_1.raceid is not NULL group by races_1.time, results_1.laps, results_1.milliseconds, results_1.resultid limit 33;",YES,""
155,"-- meta {""num_joins"":4,""num_aggregates"":2,""has_union"":false,""has_intersect"":true,""has_negation"":false} (select circuits_1.lng, max( standings_1.points), count(*), races_1.year , provsql.sr_why(provsql.provenance(), 'provmap') from races as races_1 inner join standings as standings_1 inner join circuits as circuits_1 on (standings_1.driverstandingsid = circuits_1.circuitid ) on (races_1.raceid = circuits_1.circuitid ) where circuits_1.country is not NULL group by circuits_1.lng, races_1.year limit 11) INTERSECT (select results_1.rank, sum( results_1.points), count(*), sum( results_1.points) , provsql.sr_why(provsql.provenance(), 'provmap') from standings as standings_2 inner join races as races_2 inner join results as results_1 on (races_2.raceid = results_1.resultid ) on (standings_2.driverstandingsid = races_2.raceid ) where standings_2.date is not NULL limit 1);",NO,"ERREUR:  la colonne « results_1.rank » doit apparaître dans la clause GROUP BY ou doit être utilisé dans une fonction d'agrégat LIGNE 18 : results_1.rank,            ^"
156,"-- meta {""num_joins"":4,""num_aggregates"":5,""has_union"":true,""has_intersect"":false,""has_negation"":false} (select min( circuits_1.lng), constructor_results_1.constructorid, min( constructor_standings_1.date), avg( standings_1.position), constructor_results_1.points, standings_1.wins, constructor_standings_1.constructorid, constructor_results_1.constructorresultsid, min( constructor_standings_1.date), constructor_results_1.raceid, circuits_1.name , provsql.sr_why(provsql.provenance(), 'provmap') from constructor_results as constructor_results_1 inner join circuits as circuits_1 on (constructor_results_1.constructorresultsid = circuits_1.circuitid ) inner join standings as standings_1 inner join constructor_standings as constructor_standings_1 inner join standings as standings_2 on (constructor_standings_1.constructorstandingsid = standings_2.driverstandingsid ) on (standings_1.driverstandingsid = standings_2.driverstandingsid ) on (circuits_1.circuitid = standings_1.driverstandingsid ) where circuits_1.location is not NULL group by circuits_1.name, constructor_results_1.constructorid, constructor_results_1.constructorresultsid, constructor_results_1.points, constructor_results_1.raceid, constructor_standings_1.constructorid, standings_1.wins limit 4) UNION (select min( constructor_results_2.points), constructor_results_2.constructorresultsid, max( constructor_results_2.date), sum( constructor_results_2.constructorid), constructor_results_2.points, constructor_results_2.constructorresultsid, constructor_results_2.constructorresultsid, constructor_results_2.raceid, max( constructor_results_2.date), min( constructor_results_2.date), count( constructor_results_2.constructorid) , provsql.sr_why(provsql.provenance(), 'provmap') from constructor_results as constructor_results_2 where constructor_results_2.raceid is not NULL group by constructor_results_2.constructorid, constructor_results_2.constructorresultsid, constructor_results_2.date, constructor_results_2.points limit 19);",NO,"ERREUR:  les UNION types bigint et timestamp without time zone ne peuvent pas correspondre LIGNE 45 : min(            ^"
157,"-- meta {""num_joins"":3,""num_aggregates"":2,""has_union"":true,""has_intersect"":false,""has_negation"":false} (select qualifying_1.qualifyid, min( qualifying_1.date) , provsql.sr_why(provsql.provenance(), 'provmap') from qualifying as qualifying_1 where qualifying_1.qualifyid is not NULL group by qualifying_1.qualifyid limit 39) UNION (select drivers_1.driverid, max( drivers_2.dob) , provsql.sr_why(provsql.provenance(), 'provmap') from drivers as drivers_1 inner join drivers as drivers_2 inner join circuits as circuits_1 on (drivers_2.driverid = circuits_1.circuitid ) on (drivers_1.driverid = drivers_2.driverid ) inner join standings as standings_1 on (drivers_1.driverid = standings_1.driverstandingsid ) where circuits_1.alt < standings_1.points group by circuits_1.alt limit 10);",NO,"ERREUR:  la colonne « drivers_1.driverid » doit apparaître dans la clause GROUP BY ou doit être utilisé dans une fonction d'agrégat LIGNE 12 : drivers_1.driverid,            ^"
158,"-- meta {""num_joins"":0,""num_aggregates"":1,""has_union"":false,""has_intersect"":false,""has_negation"":true} (select qualifying_1.constructorid, qualifying_1.position, qualifying_1.number, qualifying_1.qualifyid, count(*) , provsql.sr_why(provsql.provenance(), 'provmap') from qualifying as qualifying_1 where qualifying_1.date is not NULL group by qualifying_1.constructorid, qualifying_1.number, qualifying_1.position, qualifying_1.qualifyid limit 31) EXCEPT (select constructors_1.constructorid, constructors_1.constructorid, constructors_1.constructorid, constructors_1.constructorid, count(*) , provsql.sr_why(provsql.provenance(), 'provmap') from constructors as constructors_1 where constructors_1.name is not NULL limit 26);",NO,"ERREUR:  la colonne « constructors_1.constructorid » doit apparaître dans la clause GROUP BY ou doit être utilisé dans une fonction d'agrégat LIGNE 14 : constructors_1.constructorid,            ^"
159,"-- meta {""num_joins"":0,""num_aggregates"":1,""has_union"":false,""has_intersect"":false,""has_negation"":true} (select qualifying_1.number, qualifying_1.date , provsql.sr_why(provsql.provenance(), 'provmap') from qualifying as qualifying_1 where qualifying_1.raceid is not NULL limit 25) EXCEPT (select qualifying_2.number, qualifying_2.date , provsql.sr_why(provsql.provenance(), 'provmap') from qualifying as qualifying_2 where qualifying_2.position is not NULL group by qualifying_2.constructorid, qualifying_2.date, qualifying_2.position, qualifying_2.raceid limit 6);",NO,"ERREUR:  la colonne « qualifying_2.number » doit apparaître dans la clause GROUP BY ou doit être utilisé dans une fonction d'agrégat LIGNE 10 : qualifying_2.number,            ^"
160,"-- meta {""num_joins"":2,""num_aggregates"":3,""has_union"":true,""has_intersect"":false,""has_negation"":false} (select drivers_1.forename, constructor_standings_1.points , provsql.sr_why(provsql.provenance(), 'provmap') from drivers as drivers_1 inner join constructor_standings as constructor_standings_1 on (drivers_1.driverid = constructor_standings_1.constructorstandingsid ) where constructor_standings_1.constructorstandingsid > constructor_standings_1.position limit 37) UNION (select max( constructor_results_1.constructorid), min( constructor_standings_2.date) , provsql.sr_why(provsql.provenance(), 'provmap') from constructor_standings as constructor_standings_2 inner join constructor_results as constructor_results_1 on (constructor_standings_2.constructorstandingsid = constructor_results_1.constructorresultsid ) where constructor_results_1.constructorresultsid is not NULL group by constructor_results_1.date, constructor_standings_2.position limit 24);",NO,"ERREUR:  les UNION types text et bigint ne peuvent pas correspondre LIGNE 12 : max(            ^"
161,"-- meta {""num_joins"":1,""num_aggregates"":2,""has_union"":false,""has_intersect"":true,""has_negation"":false} (select sum( standings_2.position), standings_2.driverstandingsid, standings_1.driverid, standings_1.date, min( standings_1.date), standings_2.points, standings_2.raceid , provsql.sr_why(provsql.provenance(), 'provmap') from standings as standings_1 inner join standings as standings_2 on (standings_1.driverstandingsid = standings_2.driverstandingsid ) where standings_2.wins > standings_2.position group by standings_1.date, standings_1.driverid, standings_2.driverstandingsid, standings_2.points, standings_2.raceid limit 17) INTERSECT (select sum( standings_3.wins), standings_3.raceid, max( standings_3.wins), standings_3.date, max( standings_3.date), standings_3.points, standings_3.position , provsql.sr_why(provsql.provenance(), 'provmap') from standings as standings_3 where standings_3.points > standings_3.points limit 30);",NO,"ERREUR:  la colonne « standings_3.raceid » doit apparaître dans la clause GROUP BY ou doit être utilisé dans une fonction d'agrégat LIGNE 22 : standings_3.raceid,            ^"
162,"-- meta {""num_joins"":5,""num_aggregates"":1,""has_union"":true,""has_intersect"":false,""has_negation"":false} (select constructor_standings_1.wins, constructor_standings_1.constructorstandingsid, max( constructor_results_1.date) , provsql.sr_why(provsql.provenance(), 'provmap') from constructor_standings as constructor_standings_1 inner join constructor_results as constructor_results_1 inner join races as races_1 on (constructor_results_1.constructorresultsid = races_1.raceid ) on (constructor_standings_1.constructorstandingsid = constructor_results_1.constructorresultsid ) where constructor_results_1.constructorresultsid is not NULL group by constructor_standings_1.constructorstandingsid, constructor_standings_1.wins limit 16) UNION (select qualifying_1.driverid, constructor_standings_2.constructorid, min( races_2.date) , provsql.sr_why(provsql.provenance(), 'provmap') from constructor_standings as constructor_standings_2 inner join qualifying as qualifying_1 inner join races as races_2 inner join drivers as drivers_1 on (races_2.raceid = drivers_1.driverid ) on (qualifying_1.qualifyid = drivers_1.driverid ) on (constructor_standings_2.constructorstandingsid = races_2.raceid ) where constructor_standings_2.raceid <= qualifying_1.raceid limit 40);",NO,"ERREUR:  la colonne « qualifying_1.driverid » doit apparaître dans la clause GROUP BY ou doit être utilisé dans une fonction d'agrégat LIGNE 17 : qualifying_1.driverid,            ^"
163,"-- meta {""num_joins"":2,""num_aggregates"":0,""has_union"":false,""has_intersect"":false,""has_negation"":false} select results_1.points, results_1.grid, results_1.fastestlap, constructor_results_1.date , provsql.sr_why(provsql.provenance(), 'provmap') from constructor_results as constructor_results_1 inner join results as results_1 on (constructor_results_1.constructorresultsid = results_1.resultid ) inner join qualifying as qualifying_1 on (results_1.resultid = qualifying_1.qualifyid ) where constructor_results_1.constructorresultsid is not NULL limit 19;",YES,""
164,"-- meta {""num_joins"":0,""num_aggregates"":3,""has_union"":true,""has_intersect"":false,""has_negation"":false} (select standings_1.driverid, standings_1.points, standings_1.raceid, standings_1.position, standings_1.wins, standings_1.date, max( standings_1.points), count(*) , provsql.sr_why(provsql.provenance(), 'provmap') from standings as standings_1 where standings_1.date is not NULL group by standings_1.date, standings_1.driverid, standings_1.points, standings_1.position, standings_1.raceid, standings_1.wins limit 33) UNION (select circuits_1.circuitid, sum( circuits_1.circuitid), circuits_1.circuitid, circuits_1.circuitid, circuits_1.circuitid, count( circuits_1.location), max( circuits_1.lat), count(*) , provsql.sr_why(provsql.provenance(), 'provmap') from circuits as circuits_1 where circuits_1.lng = circuits_1.alt group by circuits_1.alt, circuits_1.circuitid, circuits_1.circuitref, circuits_1.country, circuits_1.lat limit 23);",NO,"ERREUR:  les UNION types timestamp without time zone et bigint ne peuvent pas correspondre LIGNE 24 : count(            ^"
165,"-- meta {""num_joins"":1,""num_aggregates"":1,""has_union"":true,""has_intersect"":false,""has_negation"":false} (select drivers_1.code , provsql.sr_why(provsql.provenance(), 'provmap') from drivers as drivers_1 inner join constructor_standings as constructor_standings_1 on (drivers_1.driverid = constructor_standings_1.constructorstandingsid ) where drivers_1.dob < constructor_standings_1.date limit 14) UNION (select circuits_1.location , provsql.sr_why(provsql.provenance(), 'provmap') from circuits as circuits_1 where circuits_1.circuitref <= circuits_1.name group by circuits_1.alt, circuits_1.circuitid, circuits_1.lng limit 29);",YES,""
166,"-- meta {""num_joins"":0,""num_aggregates"":0,""has_union"":false,""has_intersect"":false,""has_negation"":false} select standings_1.driverstandingsid, standings_1.raceid, standings_1.wins , provsql.sr_why(provsql.provenance(), 'provmap') from standings as standings_1 where standings_1.date is not NULL limit 5;",YES,""
167,"-- meta {""num_joins"":0,""num_aggregates"":1,""has_union"":false,""has_intersect"":true,""has_negation"":false} (select results_1.constructorid, results_1.laps, results_1.position, max( results_1.raceid) , provsql.sr_why(provsql.provenance(), 'provmap') from results as results_1 where results_1.laps is not NULL group by results_1.constructorid, results_1.laps, results_1.position limit 3) INTERSECT (select constructor_results_1.raceid, avg( constructor_results_1.points), constructor_results_1.points, max( constructor_results_1.constructorid) , provsql.sr_why(provsql.provenance(), 'provmap') from constructor_results as constructor_results_1 where constructor_results_1.raceid is not NULL limit 17);",NO,"ERREUR:  la colonne « constructor_results_1.raceid » doit apparaître dans la clause GROUP BY ou doit être utilisé dans une fonction d'agrégat LIGNE 14 : constructor_results_1.raceid,            ^"
168,"-- meta {""num_joins"":0,""num_aggregates"":0,""has_union"":false,""has_intersect"":true,""has_negation"":false} (select constructors_1.constructorid, constructors_1.nationality, constructors_1.constructorref , provsql.sr_why(provsql.provenance(), 'provmap') from constructors as constructors_1 where constructors_1.constructorid is not NULL limit 39) INTERSECT (select avg( results_1.statusid), min( results_1.date), min( results_1.date) , provsql.sr_why(provsql.provenance(), 'provmap') from results as results_1 where results_1.number is not NULL limit 36);",NO,"ERREUR:  les INTERSECT types text et timestamp without time zone ne peuvent pas correspondre LIGNE 13 : min(            ^"
169,"-- meta {""num_joins"":2,""num_aggregates"":3,""has_union"":true,""has_intersect"":false,""has_negation"":false} (select circuits_1.name, drivers_1.driverref, min( circuits_1.circuitid), constructors_1.name, drivers_1.dob , provsql.sr_why(provsql.provenance(), 'provmap') from constructors as constructors_1 inner join drivers as drivers_1 inner join circuits as circuits_1 on (drivers_1.driverid = circuits_1.circuitid ) on (constructors_1.constructorid = circuits_1.circuitid ) where constructors_1.constructorref is not NULL group by circuits_1.name, constructors_1.name, drivers_1.dob, drivers_1.driverref limit 25) UNION (select drivers_2.forename, drivers_2.code, count( drivers_2.surname), drivers_2.driverref, drivers_2.dob , provsql.sr_why(provsql.provenance(), 'provmap') from drivers as drivers_2 where drivers_2.dob is not NULL group by drivers_2.code, drivers_2.dob, drivers_2.driverid, drivers_2.driverref, drivers_2.forename limit 4);",NO,"ERREUR:  UNION/INTERSECT/EXCEPT n'a pas pu convertir le type provsql.agg_token en bigint"
170,"-- meta {""num_joins"":0,""num_aggregates"":0,""has_union"":false,""has_intersect"":false,""has_negation"":false} select drivers_1.nationality , provsql.sr_why(provsql.provenance(), 'provmap') from drivers as drivers_1 where drivers_1.surname is not NULL limit 22;",YES,""
171,"-- meta {""num_joins"":1,""num_aggregates"":0,""has_union"":false,""has_intersect"":true,""has_negation"":false} (select races_1.date, races_1.round , provsql.sr_why(provsql.provenance(), 'provmap') from races as races_1 where races_1.year is not NULL limit 17) INTERSECT (select constructor_results_1.date, drivers_1.driverid , provsql.sr_why(provsql.provenance(), 'provmap') from drivers as drivers_1 inner join constructor_results as constructor_results_1 on (drivers_1.driverid = constructor_results_1.constructorresultsid ) where constructor_results_1.points is not NULL limit 13);",NO,"ERREUR:  Set operations other than UNION and EXCEPT not supported by provsql"
172,"-- meta {""num_joins"":0,""num_aggregates"":1,""has_union"":true,""has_intersect"":false,""has_negation"":false} (select count( standings_1.wins), standings_1.points , provsql.sr_why(provsql.provenance(), 'provmap') from standings as standings_1 where standings_1.date is not NULL group by standings_1.points limit 33) UNION (select max( results_1.constructorid), avg( results_1.points) , provsql.sr_why(provsql.provenance(), 'provmap') from results as results_1 where results_1.number <= results_1.position limit 24);",NO,"ERREUR:  UNION/INTERSECT/EXCEPT n'a pas pu convertir le type provsql.agg_token en bigint"
173,"-- meta {""num_joins"":0,""num_aggregates"":3,""has_union"":false,""has_intersect"":false,""has_negation"":false} select standings_1.points, standings_1.date, standings_1.driverid, standings_1.position, min( standings_1.points), standings_1.raceid, min( standings_1.date), standings_1.wins, standings_1.driverstandingsid, min( standings_1.points) , provsql.sr_why(provsql.provenance(), 'provmap') from standings as standings_1 where standings_1.date <= standings_1.date group by standings_1.date, standings_1.driverid, standings_1.driverstandingsid, standings_1.points, standings_1.position, standings_1.raceid, standings_1.wins limit 36;",YES,""
174,"-- meta {""num_joins"":0,""num_aggregates"":3,""has_union"":false,""has_intersect"":false,""has_negation"":false} select results_1.positionorder, results_1.milliseconds, results_1.rank, results_1.grid, results_1.fastestlap, sum( results_1.raceid), results_1.position, results_1.points, min( results_1.rank), avg( results_1.positionorder) , provsql.sr_why(provsql.provenance(), 'provmap') from results as results_1 where results_1.raceid is not NULL group by results_1.fastestlap, results_1.grid, results_1.milliseconds, results_1.points, results_1.position, results_1.positionorder, results_1.rank limit 37;",YES,""
175,"-- meta {""num_joins"":0,""num_aggregates"":1,""has_union"":false,""has_intersect"":false,""has_negation"":true} (select constructor_results_1.points, constructor_results_1.raceid, constructor_results_1.date , provsql.sr_why(provsql.provenance(), 'provmap') from constructor_results as constructor_results_1 where constructor_results_1.raceid is not NULL limit 38) EXCEPT (select results_1.points, min( results_1.points), min( results_1.date) , provsql.sr_why(provsql.provenance(), 'provmap') from results as results_1 where results_1.constructorid > results_1.driverid group by results_1.grid limit 23);",NO,"ERREUR:  la colonne « results_1.points » doit apparaître dans la clause GROUP BY ou doit être utilisé dans une fonction d'agrégat LIGNE 11 : results_1.points,            ^"
176,"-- meta {""num_joins"":0,""num_aggregates"":2,""has_union"":false,""has_intersect"":true,""has_negation"":false} (select races_1.raceid, count( races_1.round) , provsql.sr_why(provsql.provenance(), 'provmap') from races as races_1 where races_1.time is not NULL group by races_1.raceid limit 24) INTERSECT (select avg( standings_1.raceid), max( standings_1.raceid) , provsql.sr_why(provsql.provenance(), 'provmap') from standings as standings_1 where standings_1.position is not NULL group by standings_1.driverstandingsid limit 22);",NO,"ERREUR:  Set operations other than UNION and EXCEPT not supported by provsql"
177,"-- meta {""num_joins"":1,""num_aggregates"":4,""has_union"":false,""has_intersect"":true,""has_negation"":false} (select circuits_1.country, constructors_1.constructorid, circuits_1.circuitid, sum( circuits_1.circuitid), circuits_1.lng , provsql.sr_why(provsql.provenance(), 'provmap') from constructors as constructors_1 inner join circuits as circuits_1 on (constructors_1.constructorid = circuits_1.circuitid ) where constructors_1.name is not NULL group by circuits_1.circuitid, circuits_1.country, circuits_1.lng, constructors_1.constructorid limit 41) INTERSECT (select circuits_2.name, avg( circuits_2.circuitid), count( circuits_2.lng), sum( circuits_2.circuitid), min( circuits_2.lat) , provsql.sr_why(provsql.provenance(), 'provmap') from circuits as circuits_2 where circuits_2.lng < circuits_2.alt group by circuits_2.alt, circuits_2.circuitid, circuits_2.circuitref, circuits_2.country, circuits_2.lat, circuits_2.lng, circuits_2.location, circuits_2.name limit 28);",NO,"ERREUR:  Set operations other than UNION and EXCEPT not supported by provsql"
178,"-- meta {""num_joins"":1,""num_aggregates"":6,""has_union"":false,""has_intersect"":false,""has_negation"":true} (select races_1.year, min( races_1.date), races_1.round, races_1.name, races_1.circuitid, max( races_1.date), races_1.raceid, races_1.time, min( races_1.date), max( races_1.date) , provsql.sr_why(provsql.provenance(), 'provmap') from races as races_1 where races_1.name is not NULL group by races_1.circuitid, races_1.name, races_1.raceid, races_1.round, races_1.time, races_1.year limit 5) EXCEPT (select races_2.year, max( races_2.date), races_2.round, avg( constructor_results_1.points), constructor_results_1.constructorid, min( constructor_results_1.date), races_2.round, races_2.name, max( races_2.date), min( constructor_results_1.date) , provsql.sr_why(provsql.provenance(), 'provmap') from constructor_results as constructor_results_1 inner join races as races_2 on (constructor_results_1.constructorresultsid = races_2.raceid ) where constructor_results_1.points > constructor_results_1.points group by constructor_results_1.constructorid, constructor_results_1.constructorresultsid, constructor_results_1.date, constructor_results_1.points, constructor_results_1.raceid, races_2.circuitid, races_2.date, races_2.time, races_2.year limit 8);",NO,"ERREUR:  la colonne « races_2.round » doit apparaître dans la clause GROUP BY ou doit être utilisé dans une fonction d'agrégat LIGNE 26 : races_2.round,            ^"
179,"-- meta {""num_joins"":1,""num_aggregates"":1,""has_union"":false,""has_intersect"":true,""has_negation"":false} (select races_1.year, races_1.circuitid, min( races_1.date), races_1.time , provsql.sr_why(provsql.provenance(), 'provmap') from races as races_1 where races_1.time is not NULL group by races_1.circuitid, races_1.time, races_1.year limit 33) INTERSECT (select min( constructor_standings_1.date), constructor_standings_1.wins, min( constructor_standings_1.date), min( constructor_results_1.constructorresultsid) , provsql.sr_why(provsql.provenance(), 'provmap') from constructor_results as constructor_results_1 inner join constructor_standings as constructor_standings_1 on (constructor_results_1.constructorresultsid = constructor_standings_1.constructorstandingsid ) where constructor_results_1.points is not NULL limit 21);",NO,"ERREUR:  la colonne « constructor_standings_1.wins » doit apparaître dans la clause GROUP BY ou doit être utilisé dans une fonction d'agrégat LIGNE 16 : constructor_standings_1.wins,            ^"
180,"-- meta {""num_joins"":1,""num_aggregates"":6,""has_union"":true,""has_intersect"":false,""has_negation"":false} (select max( drivers_1.dob), drivers_1.nationality , provsql.sr_why(provsql.provenance(), 'provmap') from drivers as drivers_1 where drivers_1.driverid is not NULL group by drivers_1.nationality limit 21) UNION (select max( standings_1.date), circuits_1.circuitref , provsql.sr_why(provsql.provenance(), 'provmap') from circuits as circuits_1 inner join standings as standings_1 on (circuits_1.circuitid = standings_1.driverstandingsid ) where standings_1.position is not NULL group by circuits_1.alt, circuits_1.lng, circuits_1.location, circuits_1.name, standings_1.driverid, standings_1.driverstandingsid, standings_1.raceid limit 27);",NO,"ERREUR:  la colonne « circuits_1.circuitref » doit apparaître dans la clause GROUP BY ou doit être utilisé dans une fonction d'agrégat LIGNE 14 : circuits_1.circuitref            ^"
181,"-- meta {""num_joins"":1,""num_aggregates"":2,""has_union"":true,""has_intersect"":false,""has_negation"":false} (select count(*) , provsql.sr_why(provsql.provenance(), 'provmap') from constructor_results as constructor_results_1 inner join constructors as constructors_1 on (constructor_results_1.constructorresultsid = constructors_1.constructorid ) where constructors_1.nationality is not NULL limit 33) UNION (select min( constructor_results_2.constructorid) , provsql.sr_why(provsql.provenance(), 'provmap') from constructor_results as constructor_results_2 where constructor_results_2.constructorresultsid is not NULL group by constructor_results_2.constructorid, constructor_results_2.constructorresultsid, constructor_results_2.points, constructor_results_2.raceid limit 26);",NO,"ERREUR:  UNION/INTERSECT/EXCEPT n'a pas pu convertir le type provsql.agg_token en bigint"
182,"-- meta {""num_joins"":5,""num_aggregates"":1,""has_union"":false,""has_intersect"":true,""has_negation"":false} (select drivers_1.code, races_1.year, circuits_1.circuitref, constructor_standings_1.constructorid, drivers_1.driverid , provsql.sr_why(provsql.provenance(), 'provmap') from circuits as circuits_1 inner join drivers as drivers_1 on (circuits_1.circuitid = drivers_1.driverid ) inner join races as races_1 inner join qualifying as qualifying_1 inner join drivers as drivers_2 on (qualifying_1.qualifyid = drivers_2.driverid ) inner join constructor_standings as constructor_standings_1 on (drivers_2.driverid = constructor_standings_1.constructorstandingsid ) on (races_1.raceid = drivers_2.driverid ) on (circuits_1.circuitid = races_1.raceid ) where circuits_1.alt <= circuits_1.lng limit 12) INTERSECT (select max( constructor_results_1.constructorid), constructor_results_1.constructorresultsid, sum( constructor_results_1.points), constructor_results_1.constructorresultsid, constructor_results_1.constructorid , provsql.sr_why(provsql.provenance(), 'provmap') from constructor_results as constructor_results_1 where constructor_results_1.date is not NULL group by constructor_results_1.constructorresultsid, constructor_results_1.date limit 19);",NO,"ERREUR:  les INTERSECT types text et bigint ne peuvent pas correspondre LIGNE 23 : max(            ^"
183,"-- meta {""num_joins"":1,""num_aggregates"":1,""has_union"":false,""has_intersect"":true,""has_negation"":false} (select sum( circuits_1.alt) , provsql.sr_why(provsql.provenance(), 'provmap') from circuits as circuits_1 where circuits_1.lat is not NULL limit 17) INTERSECT (select avg( constructor_standings_1.points) , provsql.sr_why(provsql.provenance(), 'provmap') from standings as standings_1 inner join constructor_standings as constructor_standings_1 on (standings_1.driverstandingsid = constructor_standings_1.constructorstandingsid ) where constructor_standings_1.points >= standings_1.points limit 8);",NO,"ERREUR:  Set operations other than UNION and EXCEPT not supported by provsql"
184,"-- meta {""num_joins"":0,""num_aggregates"":1,""has_union"":true,""has_intersect"":false,""has_negation"":false} (select constructor_standings_1.wins, constructor_standings_1.points, constructor_standings_1.raceid, constructor_standings_1.date, min( constructor_standings_1.points), constructor_standings_1.constructorid , provsql.sr_why(provsql.provenance(), 'provmap') from constructor_standings as constructor_standings_1 where constructor_standings_1.wins is not NULL group by constructor_standings_1.constructorid, constructor_standings_1.date, constructor_standings_1.points, constructor_standings_1.raceid, constructor_standings_1.wins limit 16) UNION (select constructor_results_1.constructorresultsid, constructor_results_1.points, constructor_results_1.constructorresultsid, constructor_results_1.date, min( constructor_results_1.points), constructor_results_1.constructorid , provsql.sr_why(provsql.provenance(), 'provmap') from constructor_results as constructor_results_1 where constructor_results_1.constructorresultsid > constructor_results_1.constructorid limit 9);",NO,"ERREUR:  la colonne « constructor_results_1.constructorresultsid » doit apparaître dans la clause GROUP BY ou doit être utilisé dans une fonction d'agrégat LIGNE 16 : constructor_results_1.constructorresultsid,            ^"
185,"-- meta {""num_joins"":3,""num_aggregates"":1,""has_union"":false,""has_intersect"":false,""has_negation"":false} select count(*) , provsql.sr_why(provsql.provenance(), 'provmap') from results as results_1 inner join races as races_1 inner join circuits as circuits_1 inner join results as results_2 on (circuits_1.circuitid = results_2.resultid ) on (races_1.raceid = results_2.resultid ) on (results_1.resultid = races_1.raceid ) where circuits_1.lng is not NULL limit 2;",YES,""
186,"-- meta {""num_joins"":3,""num_aggregates"":1,""has_union"":false,""has_intersect"":false,""has_negation"":true} (select constructors_1.constructorref, constructors_1.name, constructors_1.nationality, qualifying_1.constructorid, constructors_1.constructorid , provsql.sr_why(provsql.provenance(), 'provmap') from constructors as constructors_1 inner join qualifying as qualifying_1 on (constructors_1.constructorid = qualifying_1.qualifyid ) where qualifying_1.position is not NULL limit 38) EXCEPT (select races_1.time, constructors_2.constructorref, circuits_1.circuitref, constructors_2.constructorid, races_1.raceid , provsql.sr_why(provsql.provenance(), 'provmap') from constructors as constructors_2 inner join circuits as circuits_1 inner join races as races_1 on (circuits_1.circuitid = races_1.raceid ) on (constructors_2.constructorid = races_1.raceid ) where races_1.date >= races_1.date limit 5);",YES,""
187,"-- meta {""num_joins"":3,""num_aggregates"":0,""has_union"":true,""has_intersect"":false,""has_negation"":false} (select standings_1.points, standings_1.driverstandingsid , provsql.sr_why(provsql.provenance(), 'provmap') from standings as standings_1 inner join constructor_results as constructor_results_1 inner join circuits as circuits_1 on (constructor_results_1.constructorresultsid = circuits_1.circuitid ) inner join constructor_results as constructor_results_2 on (circuits_1.circuitid = constructor_results_2.constructorresultsid ) on (standings_1.driverstandingsid = circuits_1.circuitid ) where constructor_results_1.points is not NULL limit 24) UNION (select min( races_1.date), races_1.round , provsql.sr_why(provsql.provenance(), 'provmap') from races as races_1 where races_1.year is not NULL limit 15);",NO,"ERREUR:  la colonne « races_1.round » doit apparaître dans la clause GROUP BY ou doit être utilisé dans une fonction d'agrégat LIGNE 18 : races_1.round            ^"
188,"-- meta {""num_joins"":3,""num_aggregates"":2,""has_union"":false,""has_intersect"":false,""has_negation"":true} (select qualifying_1.constructorid, sum( results_1.resultid), max( results_1.fastestlap) , provsql.sr_why(provsql.provenance(), 'provmap') from results as results_1 inner join qualifying as qualifying_1 on (results_1.resultid = qualifying_1.qualifyid ) where results_1.resultid is not NULL group by qualifying_1.constructorid limit 33) EXCEPT (select results_2.statusid, avg( qualifying_2.qualifyid), avg( circuits_1.alt) , provsql.sr_why(provsql.provenance(), 'provmap') from qualifying as qualifying_2 inner join circuits as circuits_1 on (qualifying_2.qualifyid = circuits_1.circuitid ) inner join results as results_2 on (qualifying_2.qualifyid = results_2.resultid ) where qualifying_2.number = results_2.positionorder limit 19);",NO,"ERREUR:  la colonne « results_2.statusid » doit apparaître dans la clause GROUP BY ou doit être utilisé dans une fonction d'agrégat LIGNE 16 : results_2.statusid,            ^"
189,"-- meta {""num_joins"":1,""num_aggregates"":6,""has_union"":false,""has_intersect"":false,""has_negation"":true} (select constructor_results_1.constructorid, constructor_results_1.date, avg( constructor_results_1.points), constructor_results_1.raceid, min( constructor_results_1.date), avg( constructor_results_1.points) , provsql.sr_why(provsql.provenance(), 'provmap') from constructor_results as constructor_results_1 where constructor_results_1.date > constructor_results_1.date group by constructor_results_1.constructorid, constructor_results_1.date, constructor_results_1.raceid limit 12) EXCEPT (select max( constructor_standings_1.position), constructor_standings_1.date, min( constructor_standings_1.points), constructor_standings_1.position, max( constructor_standings_1.date), avg( constructor_standings_1.points) , provsql.sr_why(provsql.provenance(), 'provmap') from constructor_standings as constructor_standings_1 inner join constructors as constructors_1 on (constructor_standings_1.constructorstandingsid = constructors_1.constructorid ) where constructor_standings_1.points > constructor_standings_1.points group by constructor_standings_1.constructorstandingsid, constructor_standings_1.points, constructor_standings_1.wins, constructors_1.constructorid, constructors_1.nationality limit 33);",YES,""
190,"-- meta {""num_joins"":1,""num_aggregates"":2,""has_union"":false,""has_intersect"":false,""has_negation"":false} select races_1.name, races_1.time, races_1.date, results_1.driverid, races_1.raceid, results_1.raceid, results_1.resultid, races_1.round, results_1.laps, races_1.year, races_1.circuitid, results_1.date, results_1.number, min( races_1.year), max( results_1.date), results_1.fastestlap, results_1.rank , provsql.sr_why(provsql.provenance(), 'provmap') from results as results_1 inner join races as races_1 on (results_1.resultid = races_1.raceid ) where races_1.date > results_1.date group by races_1.circuitid, races_1.date, races_1.name, races_1.raceid, races_1.round, races_1.time, races_1.year, results_1.date, results_1.driverid, results_1.fastestlap, results_1.laps, results_1.number, results_1.raceid, results_1.rank, results_1.resultid limit 34;",YES,""
191,"-- meta {""num_joins"":1,""num_aggregates"":0,""has_union"":false,""has_intersect"":true,""has_negation"":false} (select circuits_1.country, circuits_1.name, circuits_1.lng, qualifying_1.driverid, circuits_1.location, qualifying_1.date, circuits_1.circuitref, qualifying_1.qualifyid , provsql.sr_why(provsql.provenance(), 'provmap') from circuits as circuits_1 inner join qualifying as qualifying_1 on (circuits_1.circuitid = qualifying_1.qualifyid ) where qualifying_1.constructorid is not NULL limit 21) INTERSECT (select count( standings_1.driverid), sum( standings_1.driverid), standings_1.points, avg( standings_1.points), max( standings_1.date), standings_1.date, max( standings_1.date), standings_1.driverstandingsid , provsql.sr_why(provsql.provenance(), 'provmap') from standings as standings_1 where standings_1.points is not NULL limit 12);",NO,"ERREUR:  la colonne « standings_1.points » doit apparaître dans la clause GROUP BY ou doit être utilisé dans une fonction d'agrégat LIGNE 22 : standings_1.points,            ^"
192,"-- meta {""num_joins"":3,""num_aggregates"":2,""has_union"":false,""has_intersect"":false,""has_negation"":true} (select constructor_standings_1.constructorid , provsql.sr_why(provsql.provenance(), 'provmap') from constructor_standings as constructor_standings_1 where constructor_standings_1.date is not NULL limit 26) EXCEPT (select qualifying_2.constructorid , provsql.sr_why(provsql.provenance(), 'provmap') from qualifying as qualifying_1 inner join drivers as drivers_1 inner join constructor_standings as constructor_standings_2 on (drivers_1.driverid = constructor_standings_2.constructorstandingsid ) on (qualifying_1.qualifyid = constructor_standings_2.constructorstandingsid ) inner join qualifying as qualifying_2 on (qualifying_1.qualifyid = qualifying_2.qualifyid ) where qualifying_2.number is not NULL group by constructor_standings_2.raceid, constructor_standings_2.wins, drivers_1.code, drivers_1.driverref, qualifying_1.raceid, qualifying_2.driverid limit 27);",NO,"ERREUR:  la colonne « qualifying_2.constructorid » doit apparaître dans la clause GROUP BY ou doit être utilisé dans une fonction d'agrégat LIGNE 9 : qualifying_2.constructorid           ^"
193,"-- meta {""num_joins"":0,""num_aggregates"":2,""has_union"":true,""has_intersect"":false,""has_negation"":false} (select qualifying_1.qualifyid, max( qualifying_1.number), qualifying_1.date, qualifying_1.number, qualifying_1.position , provsql.sr_why(provsql.provenance(), 'provmap') from qualifying as qualifying_1 where qualifying_1.number is not NULL group by qualifying_1.date, qualifying_1.number, qualifying_1.position, qualifying_1.qualifyid limit 6) UNION (select min( constructors_1.constructorid), max( constructors_1.constructorid), avg( constructors_1.constructorid), constructors_1.constructorid, constructors_1.constructorid , provsql.sr_why(provsql.provenance(), 'provmap') from constructors as constructors_1 where constructors_1.constructorid is not NULL group by constructors_1.constructorref, constructors_1.name, constructors_1.nationality limit 6);",NO,"ERREUR:  la colonne « constructors_1.constructorid » doit apparaître dans la clause GROUP BY ou doit être utilisé dans une fonction d'agrégat LIGNE 21 : constructors_1.constructorid,            ^"
194,"-- meta {""num_joins"":1,""num_aggregates"":0,""has_union"":true,""has_intersect"":false,""has_negation"":false} (select constructor_standings_1.raceid , provsql.sr_why(provsql.provenance(), 'provmap') from constructor_standings as constructor_standings_1 inner join constructor_results as constructor_results_1 on (constructor_standings_1.constructorstandingsid = constructor_results_1.constructorresultsid ) where constructor_standings_1.wins is not NULL limit 6) UNION (select circuits_1.circuitid , provsql.sr_why(provsql.provenance(), 'provmap') from circuits as circuits_1 where circuits_1.circuitref is not NULL limit 29);",YES,""
195,"-- meta {""num_joins"":0,""num_aggregates"":1,""has_union"":false,""has_intersect"":false,""has_negation"":true} (select races_1.name, races_1.circuitid, races_1.round , provsql.sr_why(provsql.provenance(), 'provmap') from races as races_1 where races_1.year is not NULL limit 9) EXCEPT (select races_2.name, max( races_2.date), races_2.circuitid , provsql.sr_why(provsql.provenance(), 'provmap') from races as races_2 where races_2.time is not NULL group by races_2.circuitid, races_2.date, races_2.name, races_2.raceid limit 7);",NO,"ERREUR:  les EXCEPT types bigint et timestamp without time zone ne peuvent pas correspondre LIGNE 12 : max(            ^"
196,"-- meta {""num_joins"":5,""num_aggregates"":1,""has_union"":false,""has_intersect"":false,""has_negation"":true} (select circuits_1.country , provsql.sr_why(provsql.provenance(), 'provmap') from circuits as circuits_1 inner join results as results_1 on (circuits_1.circuitid = results_1.resultid ) where results_1.rank is not NULL limit 8) EXCEPT (select constructors_1.name , provsql.sr_why(provsql.provenance(), 'provmap') from constructors as constructors_1 inner join circuits as circuits_2 on (constructors_1.constructorid = circuits_2.circuitid ) inner join qualifying as qualifying_1 inner join results as results_2 on (qualifying_1.qualifyid = results_2.resultid ) inner join results as results_3 on (qualifying_1.qualifyid = results_3.resultid ) on (circuits_2.circuitid = results_2.resultid ) where results_3.constructorid is not NULL group by circuits_2.name, results_2.milliseconds limit 16);",NO,"ERREUR:  la colonne « constructors_1.name » doit apparaître dans la clause GROUP BY ou doit être utilisé dans une fonction d'agrégat LIGNE 11 : constructors_1.name            ^"
197,"-- meta {""num_joins"":3,""num_aggregates"":1,""has_union"":true,""has_intersect"":false,""has_negation"":false} (select min( qualifying_1.constructorid), qualifying_1.raceid, qualifying_1.constructorid, qualifying_1.qualifyid, qualifying_1.position , provsql.sr_why(provsql.provenance(), 'provmap') from qualifying as qualifying_1 where qualifying_1.number is not NULL group by qualifying_1.constructorid, qualifying_1.position, qualifying_1.qualifyid, qualifying_1.raceid limit 12) UNION (select count( results_1.milliseconds), results_1.statusid, results_1.grid, results_1.raceid, min( drivers_1.dob) , provsql.sr_why(provsql.provenance(), 'provmap') from drivers as drivers_1 inner join standings as standings_1 inner join constructors as constructors_1 on (standings_1.driverstandingsid = constructors_1.constructorid ) inner join results as results_1 on (standings_1.driverstandingsid = results_1.resultid ) on (drivers_1.driverid = results_1.resultid ) where results_1.resultid > results_1.driverid limit 29);",NO,"ERREUR:  la colonne « results_1.statusid » doit apparaître dans la clause GROUP BY ou doit être utilisé dans une fonction d'agrégat LIGNE 17 : results_1.statusid,            ^"
198,"-- meta {""num_joins"":1,""num_aggregates"":2,""has_union"":false,""has_intersect"":true,""has_negation"":false} (select circuits_1.circuitref, circuits_1.circuitid , provsql.sr_why(provsql.provenance(), 'provmap') from circuits as circuits_1 inner join circuits as circuits_2 on (circuits_1.circuitid = circuits_2.circuitid ) where circuits_1.circuitid <= circuits_2.circuitid limit 19) INTERSECT (select min( qualifying_1.raceid), qualifying_1.position , provsql.sr_why(provsql.provenance(), 'provmap') from qualifying as qualifying_1 where qualifying_1.qualifyid is not NULL group by qualifying_1.constructorid, qualifying_1.driverid, qualifying_1.number, qualifying_1.qualifyid limit 38);",NO,"ERREUR:  les INTERSECT types text et bigint ne peuvent pas correspondre LIGNE 12 : min(            ^"
199,"-- meta {""num_joins"":1,""num_aggregates"":1,""has_union"":false,""has_intersect"":false,""has_negation"":true} (select races_1.round, avg( races_1.round), races_1.name, races_1.raceid , provsql.sr_why(provsql.provenance(), 'provmap') from races as races_1 where races_1.round is not NULL group by races_1.name, races_1.raceid, races_1.round limit 21) EXCEPT (select results_1.raceid, avg( results_1.grid), circuits_1.location, results_1.resultid , provsql.sr_why(provsql.provenance(), 'provmap') from results as results_1 inner join circuits as circuits_1 on (results_1.resultid = circuits_1.circuitid ) where circuits_1.circuitref is not NULL limit 30);",NO,"ERREUR:  la colonne « results_1.raceid » doit apparaître dans la clause GROUP BY ou doit être utilisé dans une fonction d'agrégat LIGNE 14 : results_1.raceid,            ^"
200,"-- meta {""num_joins"":0,""num_aggregates"":2,""has_union"":true,""has_intersect"":false,""has_negation"":false} (select drivers_1.driverid, drivers_1.surname, drivers_1.driverref, drivers_1.dob, drivers_1.code, drivers_1.nationality, drivers_1.forename, min( drivers_1.driverid) , provsql.sr_why(provsql.provenance(), 'provmap') from drivers as drivers_1 where drivers_1.driverref is not NULL group by drivers_1.code, drivers_1.dob, drivers_1.driverid, drivers_1.driverref, drivers_1.forename, drivers_1.nationality, drivers_1.surname limit 17) UNION (select constructor_standings_1.constructorstandingsid, min( constructor_standings_1.constructorid), max( constructor_standings_1.date), max( constructor_standings_1.points), max( constructor_standings_1.date), max( constructor_standings_1.date), max( constructor_standings_1.points), max( constructor_standings_1.position) , provsql.sr_why(provsql.provenance(), 'provmap') from constructor_standings as constructor_standings_1 where constructor_standings_1.wins is not NULL group by constructor_standings_1.points, constructor_standings_1.raceid, constructor_standings_1.wins limit 34);",NO,"ERREUR:  la colonne « constructor_standings_1.constructorstandingsid » doit apparaître dans la clause GROUP BY ou doit être utilisé dans une fonction d'agrégat LIGNE 18 : constructor_standings_1.constructorstandingsid,            ^"
201,"-- meta {""num_joins"":1,""num_aggregates"":1,""has_union"":true,""has_intersect"":false,""has_negation"":false} (select count(*), constructor_results_1.points , provsql.sr_why(provsql.provenance(), 'provmap') from constructor_results as constructor_results_1 inner join drivers as drivers_1 on (constructor_results_1.constructorresultsid = drivers_1.driverid ) where constructor_results_1.date is not NULL group by constructor_results_1.points limit 21) UNION (select count(*), sum( races_1.raceid) , provsql.sr_why(provsql.provenance(), 'provmap') from races as races_1 where races_1.circuitid >= races_1.round limit 1);",NO,"ERREUR:  UNION/INTERSECT/EXCEPT n'a pas pu convertir le type provsql.agg_token en bigint"
202,"-- meta {""num_joins"":0,""num_aggregates"":0,""has_union"":false,""has_intersect"":true,""has_negation"":false} (select qualifying_1.driverid , provsql.sr_why(provsql.provenance(), 'provmap') from qualifying as qualifying_1 where qualifying_1.date is not NULL limit 23) INTERSECT (select races_1.round , provsql.sr_why(provsql.provenance(), 'provmap') from races as races_1 where races_1.round is not NULL limit 40);",NO,"ERREUR:  Set operations other than UNION and EXCEPT not supported by provsql"
203,"-- meta {""num_joins"":0,""num_aggregates"":1,""has_union"":false,""has_intersect"":true,""has_negation"":false} (select constructor_standings_1.wins, constructor_standings_1.points, constructor_standings_1.constructorstandingsid, constructor_standings_1.raceid, constructor_standings_1.date, min( constructor_standings_1.date) , provsql.sr_why(provsql.provenance(), 'provmap') from constructor_standings as constructor_standings_1 where constructor_standings_1.position is not NULL group by constructor_standings_1.constructorstandingsid, constructor_standings_1.date, constructor_standings_1.points, constructor_standings_1.raceid, constructor_standings_1.wins limit 31) INTERSECT (select drivers_1.driverid, min( drivers_1.dob), drivers_1.driverid, drivers_1.driverid, drivers_1.dob, min( drivers_1.dob) , provsql.sr_why(provsql.provenance(), 'provmap') from drivers as drivers_1 where drivers_1.forename is not NULL limit 41);",NO,"ERREUR:  la colonne « drivers_1.driverid » doit apparaître dans la clause GROUP BY ou doit être utilisé dans une fonction d'agrégat LIGNE 16 : drivers_1.driverid,            ^"
204,"-- meta {""num_joins"":0,""num_aggregates"":1,""has_union"":false,""has_intersect"":false,""has_negation"":true} (select races_1.circuitid, races_1.time , provsql.sr_why(provsql.provenance(), 'provmap') from races as races_1 where races_1.raceid is not NULL limit 3) EXCEPT (select constructor_standings_1.raceid, count( constructor_standings_1.constructorid) , provsql.sr_why(provsql.provenance(), 'provmap') from constructor_standings as constructor_standings_1 where constructor_standings_1.points is not NULL group by constructor_standings_1.points, constructor_standings_1.raceid, constructor_standings_1.wins limit 41);",NO,"ERREUR:  les EXCEPT types text et bigint ne peuvent pas correspondre LIGNE 11 : count(            ^"
205,"-- meta {""num_joins"":2,""num_aggregates"":2,""has_union"":false,""has_intersect"":true,""has_negation"":false} (select standings_1.driverstandingsid, constructor_results_1.points, standings_1.driverid, constructor_results_1.date, circuits_1.lng, circuits_1.alt, standings_1.wins, max( standings_1.driverid), standings_1.position, circuits_1.circuitref, min( circuits_1.alt) , provsql.sr_why(provsql.provenance(), 'provmap') from constructor_results as constructor_results_1 inner join circuits as circuits_1 on (constructor_results_1.constructorresultsid = circuits_1.circuitid ) inner join standings as standings_1 on (constructor_results_1.constructorresultsid = standings_1.driverstandingsid ) where constructor_results_1.date is not NULL group by circuits_1.alt, circuits_1.circuitref, circuits_1.lng, constructor_results_1.date, constructor_results_1.points, standings_1.driverid, standings_1.driverstandingsid, standings_1.position, standings_1.wins limit 28) INTERSECT (select min( circuits_2.alt), circuits_2.alt, circuits_2.circuitid, min( circuits_2.circuitid), circuits_2.lng, circuits_2.lng, circuits_2.circuitid, min( circuits_2.circuitid), circuits_2.circuitid, circuits_2.circuitref, min( circuits_2.alt) , provsql.sr_why(provsql.provenance(), 'provmap') from circuits as circuits_2 where circuits_2.name is not NULL limit 16);",NO,"ERREUR:  la colonne « circuits_2.alt » doit apparaître dans la clause GROUP BY ou doit être utilisé dans une fonction d'agrégat LIGNE 28 : circuits_2.alt,            ^"
206,"-- meta {""num_joins"":3,""num_aggregates"":1,""has_union"":true,""has_intersect"":false,""has_negation"":false} (select constructor_standings_2.constructorstandingsid, constructor_standings_2.position, drivers_1.driverid, races_1.circuitid , provsql.sr_why(provsql.provenance(), 'provmap') from constructor_standings as constructor_standings_1 inner join constructor_standings as constructor_standings_2 inner join races as races_1 inner join drivers as drivers_1 on (races_1.raceid = drivers_1.driverid ) on (constructor_standings_2.constructorstandingsid = drivers_1.driverid ) on (constructor_standings_1.constructorstandingsid = drivers_1.driverid ) where constructor_standings_2.wins is not NULL limit 7) UNION (select max( results_1.date), results_1.raceid, min( results_1.points), results_1.grid , provsql.sr_why(provsql.provenance(), 'provmap') from results as results_1 where results_1.milliseconds > results_1.points group by results_1.date, results_1.grid, results_1.laps, results_1.rank limit 16);",NO,"ERREUR:  la colonne « results_1.raceid » doit apparaître dans la clause GROUP BY ou doit être utilisé dans une fonction d'agrégat LIGNE 20 : results_1.raceid,            ^"
207,"-- meta {""num_joins"":3,""num_aggregates"":1,""has_union"":false,""has_intersect"":false,""has_negation"":true} (select standings_1.driverid, standings_1.date, standings_2.position, standings_3.points, standings_1.points, standings_1.position , provsql.sr_why(provsql.provenance(), 'provmap') from standings as standings_1 inner join standings as standings_2 inner join constructor_standings as constructor_standings_1 on (standings_2.driverstandingsid = constructor_standings_1.constructorstandingsid ) on (standings_1.driverstandingsid = constructor_standings_1.constructorstandingsid ) inner join standings as standings_3 on (constructor_standings_1.constructorstandingsid = standings_3.driverstandingsid ) where standings_1.date <= standings_2.date limit 1) EXCEPT (select circuits_1.circuitid, sum( circuits_1.lat), count( circuits_1.name), circuits_1.alt, circuits_1.lng, circuits_1.circuitid , provsql.sr_why(provsql.provenance(), 'provmap') from circuits as circuits_1 where circuits_1.circuitref is not NULL group by circuits_1.circuitid, circuits_1.circuitref, circuits_1.country, circuits_1.lat, circuits_1.lng, circuits_1.name limit 1);",NO,"ERREUR:  les EXCEPT types timestamp without time zone et double precision ne peuvent pas correspondre LIGNE 21 : sum(            ^"
208,"-- meta {""num_joins"":0,""num_aggregates"":1,""has_union"":false,""has_intersect"":false,""has_negation"":true} (select races_1.circuitid , provsql.sr_why(provsql.provenance(), 'provmap') from races as races_1 where races_1.time > races_1.name limit 18) EXCEPT (select min( races_2.date) , provsql.sr_why(provsql.provenance(), 'provmap') from races as races_2 where races_2.circuitid is not NULL group by races_2.date, races_2.name, races_2.round, races_2.time, races_2.year limit 16);",NO,"ERREUR:  les EXCEPT types bigint et timestamp without time zone ne peuvent pas correspondre LIGNE 9 : min(           ^"
209,"-- meta {""num_joins"":0,""num_aggregates"":2,""has_union"":false,""has_intersect"":true,""has_negation"":false} (select drivers_1.nationality, drivers_1.driverid, drivers_1.forename, drivers_1.dob , provsql.sr_why(provsql.provenance(), 'provmap') from drivers as drivers_1 where drivers_1.dob is not NULL limit 42) INTERSECT (select sum( qualifying_1.number), qualifying_1.qualifyid, max( qualifying_1.date), qualifying_1.date , provsql.sr_why(provsql.provenance(), 'provmap') from qualifying as qualifying_1 where qualifying_1.date < qualifying_1.date group by qualifying_1.date, qualifying_1.number limit 30);",NO,"ERREUR:  la colonne « qualifying_1.qualifyid » doit apparaître dans la clause GROUP BY ou doit être utilisé dans une fonction d'agrégat LIGNE 14 : qualifying_1.qualifyid,            ^"
210,"-- meta {""num_joins"":0,""num_aggregates"":0,""has_union"":false,""has_intersect"":false,""has_negation"":false} select qualifying_1.date , provsql.sr_why(provsql.provenance(), 'provmap') from qualifying as qualifying_1 where qualifying_1.constructorid is not NULL limit 27;",YES,""
211,"-- meta {""num_joins"":3,""num_aggregates"":4,""has_union"":false,""has_intersect"":true,""has_negation"":false} (select avg( standings_1.raceid), standings_1.raceid, count(*) , provsql.sr_why(provsql.provenance(), 'provmap') from standings as standings_1 where standings_1.raceid = standings_1.wins group by standings_1.raceid limit 40) INTERSECT (select sum( races_1.year), results_1.laps, min( results_1.laps) , provsql.sr_why(provsql.provenance(), 'provmap') from races as races_1 inner join constructor_standings as constructor_standings_1 on (races_1.raceid = constructor_standings_1.constructorstandingsid ) inner join results as results_1 inner join drivers as drivers_1 on (results_1.resultid = drivers_1.driverid ) on (races_1.raceid = results_1.resultid ) where results_1.date = drivers_1.dob limit 36);",NO,"ERREUR:  la colonne « results_1.laps » doit apparaître dans la clause GROUP BY ou doit être utilisé dans une fonction d'agrégat LIGNE 15 : results_1.laps,            ^"
212,"-- meta {""num_joins"":4,""num_aggregates"":1,""has_union"":false,""has_intersect"":false,""has_negation"":true} (select constructor_results_1.constructorid, circuits_1.circuitref, count( standings_2.wins) , provsql.sr_why(provsql.provenance(), 'provmap') from constructors as constructors_1 inner join circuits as circuits_1 on (constructors_1.constructorid = circuits_1.circuitid ) inner join standings as standings_1 inner join standings as standings_2 on (standings_1.driverstandingsid = standings_2.driverstandingsid ) inner join constructor_results as constructor_results_1 on (standings_1.driverstandingsid = constructor_results_1.constructorresultsid ) on (constructors_1.constructorid = standings_1.driverstandingsid ) where constructor_results_1.constructorresultsid = standings_2.driverid group by circuits_1.circuitref, constructor_results_1.constructorid limit 26) EXCEPT (select constructors_2.constructorid, constructors_2.nationality, max( constructors_2.constructorid) , provsql.sr_why(provsql.provenance(), 'provmap') from constructors as constructors_2 where constructors_2.constructorref is not NULL limit 4);",NO,"ERREUR:  la colonne « constructors_2.constructorid » doit apparaître dans la clause GROUP BY ou doit être utilisé dans une fonction d'agrégat LIGNE 21 : constructors_2.constructorid,            ^"
213,"-- meta {""num_joins"":0,""num_aggregates"":4,""has_union"":false,""has_intersect"":false,""has_negation"":true} (select standings_1.driverid, standings_1.position, standings_1.raceid, standings_1.wins , provsql.sr_why(provsql.provenance(), 'provmap') from standings as standings_1 where standings_1.points = standings_1.points limit 7) EXCEPT (select results_1.raceid, results_1.constructorid, results_1.driverid, results_1.driverid , provsql.sr_why(provsql.provenance(), 'provmap') from results as results_1 where results_1.date < results_1.date group by results_1.date, results_1.fastestlap, results_1.laps, results_1.positionorder, results_1.raceid, results_1.rank, results_1.resultid, results_1.statusid limit 21);",YES,""
214,"-- meta {""num_joins"":0,""num_aggregates"":0,""has_union"":false,""has_intersect"":true,""has_negation"":false} (select races_1.round , provsql.sr_why(provsql.provenance(), 'provmap') from races as races_1 where races_1.raceid is not NULL limit 33) INTERSECT (select min( constructor_results_1.raceid) , provsql.sr_why(provsql.provenance(), 'provmap') from constructor_results as constructor_results_1 where constructor_results_1.raceid is not NULL limit 18);",NO,"ERREUR:  Set operations other than UNION and EXCEPT not supported by provsql"
215,"-- meta {""num_joins"":2,""num_aggregates"":3,""has_union"":true,""has_intersect"":false,""has_negation"":false} (select results_1.statusid, results_1.driverid, constructor_standings_1.date, count(*), results_1.raceid , provsql.sr_why(provsql.provenance(), 'provmap') from results as results_1 inner join constructor_standings as constructor_standings_1 on (results_1.resultid = constructor_standings_1.constructorstandingsid ) where constructor_standings_1.constructorid is not NULL group by constructor_standings_1.date, results_1.driverid, results_1.raceid, results_1.statusid limit 25) UNION (select standings_1.driverid, qualifying_1.raceid, qualifying_1.date, min( standings_1.position), standings_1.wins , provsql.sr_why(provsql.provenance(), 'provmap') from standings as standings_1 inner join qualifying as qualifying_1 on (standings_1.driverstandingsid = qualifying_1.qualifyid ) where qualifying_1.driverid is not NULL group by qualifying_1.constructorid, qualifying_1.date, qualifying_1.driverid, qualifying_1.qualifyid, standings_1.position, standings_1.wins limit 18);",NO,"ERREUR:  la colonne « standings_1.driverid » doit apparaître dans la clause GROUP BY ou doit être utilisé dans une fonction d'agrégat LIGNE 16 : standings_1.driverid,            ^"
216,"-- meta {""num_joins"":0,""num_aggregates"":1,""has_union"":false,""has_intersect"":false,""has_negation"":true} (select standings_1.points, standings_1.driverstandingsid, standings_1.raceid , provsql.sr_why(provsql.provenance(), 'provmap') from standings as standings_1 where standings_1.raceid is not NULL limit 16) EXCEPT (select constructor_results_1.points, constructor_results_1.raceid, sum( constructor_results_1.points) , provsql.sr_why(provsql.provenance(), 'provmap') from constructor_results as constructor_results_1 where constructor_results_1.raceid is not NULL group by constructor_results_1.constructorid, constructor_results_1.date, constructor_results_1.raceid limit 27);",NO,"ERREUR:  la colonne « constructor_results_1.points » doit apparaître dans la clause GROUP BY ou doit être utilisé dans une fonction d'agrégat LIGNE 11 : constructor_results_1.points,            ^"
217,"-- meta {""num_joins"":2,""num_aggregates"":3,""has_union"":true,""has_intersect"":false,""has_negation"":false} (select circuits_2.circuitref, standings_1.driverstandingsid, standings_1.wins, circuits_1.location, min( standings_1.date), circuits_1.lng, standings_1.driverid, circuits_2.circuitid, circuits_1.country, max( standings_1.driverid) , provsql.sr_why(provsql.provenance(), 'provmap') from standings as standings_1 inner join circuits as circuits_1 inner join circuits as circuits_2 on (circuits_1.circuitid = circuits_2.circuitid ) on (standings_1.driverstandingsid = circuits_1.circuitid ) where circuits_2.alt <= circuits_1.lat group by circuits_1.country, circuits_1.lng, circuits_1.location, circuits_2.circuitid, circuits_2.circuitref, standings_1.driverid, standings_1.driverstandingsid, standings_1.wins limit 27) UNION (select max( constructor_results_1.points), sum( constructor_results_1.raceid), constructor_results_1.constructorid, count( constructor_results_1.points), max( constructor_results_1.date), constructor_results_1.points, constructor_results_1.constructorresultsid, sum( constructor_results_1.points), max( constructor_results_1.date), count( constructor_results_1.constructorresultsid) , provsql.sr_why(provsql.provenance(), 'provmap') from constructor_results as constructor_results_1 where constructor_results_1.points is not NULL group by constructor_results_1.date, constructor_results_1.raceid limit 36);",NO,"ERREUR:  la colonne « constructor_results_1.constructorid » doit apparaître dans la clause GROUP BY ou doit être utilisé dans une fonction d'agrégat LIGNE 29 : constructor_results_1.constructorid,            ^"
218,"-- meta {""num_joins"":4,""num_aggregates"":1,""has_union"":false,""has_intersect"":true,""has_negation"":false} (select results_1.milliseconds, avg( results_1.resultid), results_1.number , provsql.sr_why(provsql.provenance(), 'provmap') from results as results_1 where results_1.points is not NULL group by results_1.milliseconds, results_1.number limit 40) INTERSECT (select circuits_1.alt, sum( constructor_results_1.raceid), count(*) , provsql.sr_why(provsql.provenance(), 'provmap') from circuits as circuits_1 inner join constructors as constructors_1 on (circuits_1.circuitid = constructors_1.constructorid ) inner join constructor_results as constructor_results_1 inner join constructor_results as constructor_results_2 on (constructor_results_1.constructorresultsid = constructor_results_2.constructorresultsid ) inner join races as races_1 on (constructor_results_1.constructorresultsid = races_1.raceid ) on (constructors_1.constructorid = races_1.raceid ) where races_1.raceid is not NULL limit 23);",NO,"ERREUR:  la colonne « circuits_1.alt » doit apparaître dans la clause GROUP BY ou doit être utilisé dans une fonction d'agrégat LIGNE 13 : circuits_1.alt,            ^"
219,"-- meta {""num_joins"":1,""num_aggregates"":0,""has_union"":true,""has_intersect"":false,""has_negation"":false} (select circuits_1.location , provsql.sr_why(provsql.provenance(), 'provmap') from circuits as circuits_1 where circuits_1.name <= circuits_1.location limit 16) UNION (select count(*) , provsql.sr_why(provsql.provenance(), 'provmap') from constructor_standings as constructor_standings_1 inner join constructor_results as constructor_results_1 on (constructor_standings_1.constructorstandingsid = constructor_results_1.constructorresultsid ) where constructor_standings_1.date is not NULL limit 10);",NO,"ERREUR:  les UNION types text et bigint ne peuvent pas correspondre LIGNE 9 : count(*)           ^"
220,"-- meta {""num_joins"":1,""num_aggregates"":2,""has_union"":true,""has_intersect"":false,""has_negation"":false} (select circuits_1.location, circuits_1.country, circuits_1.circuitid , provsql.sr_why(provsql.provenance(), 'provmap') from circuits as circuits_1 where circuits_1.circuitref is not NULL limit 1) UNION (select circuits_2.name, circuits_2.location, constructor_standings_1.constructorstandingsid , provsql.sr_why(provsql.provenance(), 'provmap') from circuits as circuits_2 inner join constructor_standings as constructor_standings_1 on (circuits_2.circuitid = constructor_standings_1.constructorstandingsid ) where constructor_standings_1.constructorstandingsid <= constructor_standings_1.constructorid group by circuits_2.circuitid, circuits_2.country, circuits_2.lat, circuits_2.lng, circuits_2.location, circuits_2.name, constructor_standings_1.date, constructor_standings_1.position limit 20);",NO,"ERREUR:  la colonne « constructor_standings_1.constructorstandingsid » doit apparaître dans la clause GROUP BY ou doit être utilisé dans une fonction d'agrégat LIGNE 13 : constructor_standings_1.constructorstandingsid            ^"
221,"-- meta {""num_joins"":1,""num_aggregates"":0,""has_union"":true,""has_intersect"":false,""has_negation"":false} (select races_1.circuitid, races_1.date, races_1.name , provsql.sr_why(provsql.provenance(), 'provmap') from races as races_1 where races_1.date is not NULL limit 20) UNION (select results_1.laps, results_1.date, max( results_1.driverid) , provsql.sr_why(provsql.provenance(), 'provmap') from results as results_1 inner join qualifying as qualifying_1 on (results_1.resultid = qualifying_1.qualifyid ) where results_1.laps is not NULL limit 7);",NO,"ERREUR:  la colonne « results_1.laps » doit apparaître dans la clause GROUP BY ou doit être utilisé dans une fonction d'agrégat LIGNE 11 : results_1.laps,            ^"
222,"-- meta {""num_joins"":0,""num_aggregates"":4,""has_union"":false,""has_intersect"":false,""has_negation"":true} (select races_1.raceid, races_1.time, races_1.name, max( races_1.date), min( races_1.round), races_1.circuitid , provsql.sr_why(provsql.provenance(), 'provmap') from races as races_1 where races_1.round is not NULL group by races_1.circuitid, races_1.name, races_1.raceid, races_1.time limit 10) EXCEPT (select sum( standings_1.points), avg( standings_1.wins), sum( standings_1.points), min( standings_1.date), min( standings_1.driverstandingsid), standings_1.raceid , provsql.sr_why(provsql.provenance(), 'provmap') from standings as standings_1 where standings_1.driverid is not NULL group by standings_1.driverstandingsid, standings_1.points, standings_1.position, standings_1.raceid limit 3);",NO,"ERREUR:  les EXCEPT types text et numeric ne peuvent pas correspondre LIGNE 19 : avg(            ^"
223,"-- meta {""num_joins"":2,""num_aggregates"":1,""has_union"":false,""has_intersect"":false,""has_negation"":false} select avg( constructor_results_1.constructorresultsid) , provsql.sr_why(provsql.provenance(), 'provmap') from constructor_results as constructor_results_1 inner join constructor_results as constructor_results_2 on (constructor_results_1.constructorresultsid = constructor_results_2.constructorresultsid ) inner join drivers as drivers_1 on (constructor_results_2.constructorresultsid = drivers_1.driverid ) where drivers_1.driverid is not NULL limit 42;",YES,""
224,"-- meta {""num_joins"":0,""num_aggregates"":1,""has_union"":true,""has_intersect"":false,""has_negation"":false} (select constructor_standings_1.constructorstandingsid , provsql.sr_why(provsql.provenance(), 'provmap') from constructor_standings as constructor_standings_1 where constructor_standings_1.position is not NULL limit 42) UNION (select results_1.grid , provsql.sr_why(provsql.provenance(), 'provmap') from results as results_1 where results_1.position is not NULL group by results_1.driverid, results_1.fastestlap, results_1.grid, results_1.milliseconds, results_1.positionorder, results_1.resultid limit 25);",YES,""
225,"-- meta {""num_joins"":2,""num_aggregates"":1,""has_union"":false,""has_intersect"":false,""has_negation"":true} (select constructor_results_1.constructorid , provsql.sr_why(provsql.provenance(), 'provmap') from constructor_results as constructor_results_1 where constructor_results_1.constructorid is not NULL limit 41) EXCEPT (select qualifying_1.qualifyid , provsql.sr_why(provsql.provenance(), 'provmap') from qualifying as qualifying_1 inner join results as results_1 on (qualifying_1.qualifyid = results_1.resultid ) inner join constructor_results as constructor_results_2 on (results_1.resultid = constructor_results_2.constructorresultsid ) where results_1.rank is not NULL group by constructor_results_2.constructorid, constructor_results_2.points, qualifying_1.driverid, qualifying_1.qualifyid limit 30);",YES,""
226,"-- meta {""num_joins"":2,""num_aggregates"":0,""has_union"":false,""has_intersect"":false,""has_negation"":false} select standings_1.position , provsql.sr_why(provsql.provenance(), 'provmap') from constructors as constructors_1 inner join standings as standings_1 on (constructors_1.constructorid = standings_1.driverstandingsid ) inner join qualifying as qualifying_1 on (standings_1.driverstandingsid = qualifying_1.qualifyid ) where standings_1.position is not NULL limit 6;",YES,""
227,"-- meta {""num_joins"":0,""num_aggregates"":1,""has_union"":true,""has_intersect"":false,""has_negation"":false} (select results_1.milliseconds, results_1.driverid, results_1.date, results_1.position, avg( results_1.fastestlap), results_1.rank, results_1.number, results_1.laps , provsql.sr_why(provsql.provenance(), 'provmap') from results as results_1 where results_1.points is not NULL group by results_1.date, results_1.driverid, results_1.laps, results_1.milliseconds, results_1.number, results_1.position, results_1.rank limit 14) UNION (select circuits_1.lat, circuits_1.circuitid, avg( circuits_1.circuitid), circuits_1.lng, max( circuits_1.alt), circuits_1.alt, circuits_1.alt, circuits_1.circuitid , provsql.sr_why(provsql.provenance(), 'provmap') from circuits as circuits_1 where circuits_1.country is not NULL limit 42);",NO,"ERREUR:  la colonne « circuits_1.lat » doit apparaître dans la clause GROUP BY ou doit être utilisé dans une fonction d'agrégat LIGNE 18 : circuits_1.lat,            ^"
228,"-- meta {""num_joins"":1,""num_aggregates"":0,""has_union"":true,""has_intersect"":false,""has_negation"":false} (select results_1.date, results_1.raceid, constructor_results_1.date , provsql.sr_why(provsql.provenance(), 'provmap') from constructor_results as constructor_results_1 inner join results as results_1 on (constructor_results_1.constructorresultsid = results_1.resultid ) where results_1.points is not NULL limit 40) UNION (select drivers_1.dob, drivers_1.driverid, count( drivers_1.nationality) , provsql.sr_why(provsql.provenance(), 'provmap') from drivers as drivers_1 where drivers_1.surname is not NULL limit 17);",NO,"ERREUR:  la colonne « drivers_1.dob » doit apparaître dans la clause GROUP BY ou doit être utilisé dans une fonction d'agrégat LIGNE 13 : drivers_1.dob,            ^"
229,"-- meta {""num_joins"":1,""num_aggregates"":0,""has_union"":false,""has_intersect"":false,""has_negation"":false} select results_1.raceid, results_1.position , provsql.sr_why(provsql.provenance(), 'provmap') from results as results_1 inner join constructor_standings as constructor_standings_1 on (results_1.resultid = constructor_standings_1.constructorstandingsid ) where constructor_standings_1.constructorstandingsid < results_1.laps limit 42;",YES,""
230,"-- meta {""num_joins"":0,""num_aggregates"":0,""has_union"":false,""has_intersect"":false,""has_negation"":false} select qualifying_1.date , provsql.sr_why(provsql.provenance(), 'provmap') from qualifying as qualifying_1 where qualifying_1.qualifyid is not NULL limit 37;",YES,""
231,"-- meta {""num_joins"":3,""num_aggregates"":2,""has_union"":false,""has_intersect"":true,""has_negation"":false} (select drivers_1.nationality, drivers_1.driverid, constructor_standings_1.wins, drivers_1.driverref, constructor_results_1.constructorresultsid, min( constructor_results_1.date) , provsql.sr_why(provsql.provenance(), 'provmap') from constructor_standings as constructor_standings_1 inner join constructor_results as constructor_results_1 inner join drivers as drivers_1 on (constructor_results_1.constructorresultsid = drivers_1.driverid ) on (constructor_standings_1.constructorstandingsid = constructor_results_1.constructorresultsid ) where constructor_results_1.date >= constructor_standings_1.date group by constructor_results_1.constructorresultsid, constructor_standings_1.wins, drivers_1.driverid, drivers_1.driverref, drivers_1.nationality limit 19) INTERSECT (select count( results_1.milliseconds), constructors_1.constructorid, results_1.resultid, constructors_1.constructorref, constructors_1.constructorid, max( results_1.date) , provsql.sr_why(provsql.provenance(), 'provmap') from results as results_1 inner join constructors as constructors_1 on (results_1.resultid = constructors_1.constructorid ) where constructors_1.nationality is not NULL group by results_1.milliseconds, results_1.statusid limit 26);",NO,"ERREUR:  la colonne « constructors_1.constructorid » doit apparaître dans la clause GROUP BY ou doit être utilisé dans une fonction d'agrégat LIGNE 22 : constructors_1.constructorid,            ^"
232,"-- meta {""num_joins"":2,""num_aggregates"":2,""has_union"":true,""has_intersect"":false,""has_negation"":false} (select min( circuits_1.lng), constructors_1.constructorid , provsql.sr_why(provsql.provenance(), 'provmap') from circuits as circuits_1 inner join constructors as constructors_1 on (circuits_1.circuitid = constructors_1.constructorid ) where constructors_1.constructorid <= circuits_1.circuitid group by constructors_1.constructorid limit 8) UNION (select sum( standings_1.points), constructor_standings_1.position , provsql.sr_why(provsql.provenance(), 'provmap') from standings as standings_1 inner join constructor_standings as constructor_standings_1 on (standings_1.driverstandingsid = constructor_standings_1.constructorstandingsid ) where standings_1.wins is not NULL group by standings_1.driverid limit 39);",NO,"ERREUR:  la colonne « constructor_standings_1.position » doit apparaître dans la clause GROUP BY ou doit être utilisé dans une fonction d'agrégat LIGNE 16 : constructor_standings_1.position            ^"
233,"-- meta {""num_joins"":0,""num_aggregates"":0,""has_union"":false,""has_intersect"":false,""has_negation"":false} select constructors_1.name, constructors_1.constructorref, constructors_1.constructorid , provsql.sr_why(provsql.provenance(), 'provmap') from constructors as constructors_1 where constructors_1.name is not NULL limit 31;",YES,""
234,"-- meta {""num_joins"":5,""num_aggregates"":3,""has_union"":false,""has_intersect"":false,""has_negation"":false} select drivers_2.driverref, qualifying_1.position, sum( constructor_results_2.points), constructor_results_2.points, constructor_results_1.raceid, constructor_results_1.date, qualifying_1.constructorid, max( constructor_results_1.points), qualifying_1.qualifyid, min( constructor_results_2.points) , provsql.sr_why(provsql.provenance(), 'provmap') from drivers as drivers_1 inner join constructor_results as constructor_results_1 inner join constructor_results as constructor_results_2 inner join constructors as constructors_1 on (constructor_results_2.constructorresultsid = constructors_1.constructorid ) inner join qualifying as qualifying_1 on (constructor_results_2.constructorresultsid = qualifying_1.qualifyid ) inner join drivers as drivers_2 on (constructor_results_2.constructorresultsid = drivers_2.driverid ) on (constructor_results_1.constructorresultsid = qualifying_1.qualifyid ) on (drivers_1.driverid = drivers_2.driverid ) where constructor_results_1.constructorid = drivers_2.driverid group by constructor_results_1.date, constructor_results_1.raceid, constructor_results_2.points, drivers_2.driverref, qualifying_1.constructorid, qualifying_1.position, qualifying_1.qualifyid limit 2;",YES,""
235,"-- meta {""num_joins"":4,""num_aggregates"":1,""has_union"":false,""has_intersect"":false,""has_negation"":true} (select races_1.time, races_2.raceid , provsql.sr_why(provsql.provenance(), 'provmap') from races as races_1 inner join races as races_2 on (races_1.raceid = races_2.raceid ) where races_2.year is not NULL limit 39) EXCEPT (select races_4.time, max( races_3.circuitid) , provsql.sr_why(provsql.provenance(), 'provmap') from constructors as constructors_1 inner join races as races_3 on (constructors_1.constructorid = races_3.raceid ) inner join races as races_4 on (races_3.raceid = races_4.raceid ) inner join constructor_results as constructor_results_1 on (races_4.raceid = constructor_results_1.constructorresultsid ) where races_4.name is not NULL group by constructor_results_1.raceid, constructors_1.constructorref, constructors_1.name, constructors_1.nationality, races_3.name limit 16);",NO,"ERREUR:  la colonne « races_4.time » doit apparaître dans la clause GROUP BY ou doit être utilisé dans une fonction d'agrégat LIGNE 12 : races_4.time,            ^"
236,"-- meta {""num_joins"":0,""num_aggregates"":4,""has_union"":false,""has_intersect"":true,""has_negation"":false} (select constructor_standings_1.wins, constructor_standings_1.constructorid, constructor_standings_1.position, constructor_standings_1.constructorstandingsid, min( constructor_standings_1.points) , provsql.sr_why(provsql.provenance(), 'provmap') from constructor_standings as constructor_standings_1 where constructor_standings_1.date is not NULL group by constructor_standings_1.constructorid, constructor_standings_1.constructorstandingsid, constructor_standings_1.position, constructor_standings_1.wins limit 22) INTERSECT (select constructor_standings_2.wins, constructor_standings_2.constructorstandingsid, constructor_standings_2.constructorid, constructor_standings_2.constructorid, max( constructor_standings_2.points) , provsql.sr_why(provsql.provenance(), 'provmap') from constructor_standings as constructor_standings_2 where constructor_standings_2.raceid is not NULL group by constructor_standings_2.constructorstandingsid, constructor_standings_2.date, constructor_standings_2.points, constructor_standings_2.position, constructor_standings_2.raceid, constructor_standings_2.wins limit 38);",NO,"ERREUR:  Set operations other than UNION and EXCEPT not supported by provsql"
237,"-- meta {""num_joins"":0,""num_aggregates"":1,""has_union"":false,""has_intersect"":true,""has_negation"":false} (select max( races_1.date) , provsql.sr_why(provsql.provenance(), 'provmap') from races as races_1 where races_1.name is not NULL limit 29) INTERSECT (select min( results_1.date) , provsql.sr_why(provsql.provenance(), 'provmap') from results as results_1 where results_1.position = results_1.fastestlap limit 29);",NO,"ERREUR:  Set operations other than UNION and EXCEPT not supported by provsql"
238,"-- meta {""num_joins"":2,""num_aggregates"":2,""has_union"":false,""has_intersect"":false,""has_negation"":false} select sum( results_1.constructorid), races_1.year, qualifying_1.qualifyid, qualifying_1.date, qualifying_1.constructorid, results_1.resultid, max( qualifying_1.raceid), races_1.round, results_1.fastestlap , provsql.sr_why(provsql.provenance(), 'provmap') from qualifying as qualifying_1 inner join results as results_1 inner join races as races_1 on (results_1.resultid = races_1.raceid ) on (qualifying_1.qualifyid = races_1.raceid ) where races_1.year is not NULL group by qualifying_1.constructorid, qualifying_1.date, qualifying_1.qualifyid, races_1.round, races_1.year, results_1.fastestlap, results_1.resultid limit 41;",YES,""
239,"-- meta {""num_joins"":1,""num_aggregates"":1,""has_union"":true,""has_intersect"":false,""has_negation"":false} (select circuits_1.country, circuits_1.circuitref, drivers_1.dob , provsql.sr_why(provsql.provenance(), 'provmap') from circuits as circuits_1 inner join drivers as drivers_1 on (circuits_1.circuitid = drivers_1.driverid ) where circuits_1.lat >= circuits_1.alt limit 41) UNION (select max( qualifying_1.date), max( qualifying_1.date), max( qualifying_1.driverid) , provsql.sr_why(provsql.provenance(), 'provmap') from qualifying as qualifying_1 where qualifying_1.driverid = qualifying_1.qualifyid group by qualifying_1.number, qualifying_1.position, qualifying_1.raceid limit 7);",NO,"ERREUR:  les UNION types text et timestamp without time zone ne peuvent pas correspondre LIGNE 13 : max(            ^"
240,"-- meta {""num_joins"":0,""num_aggregates"":3,""has_union"":false,""has_intersect"":false,""has_negation"":true} (select circuits_1.lat, circuits_1.lng, circuits_1.circuitid, circuits_1.alt, sum( circuits_1.circuitid), circuits_1.name, circuits_1.location, circuits_1.country , provsql.sr_why(provsql.provenance(), 'provmap') from circuits as circuits_1 where circuits_1.location is not NULL group by circuits_1.alt, circuits_1.circuitid, circuits_1.country, circuits_1.lat, circuits_1.lng, circuits_1.location, circuits_1.name limit 1) EXCEPT (select max( constructors_1.constructorid), count( constructors_1.constructorid), constructors_1.constructorid, min( constructors_1.constructorid), sum( constructors_1.constructorid), constructors_1.nationality, constructors_1.nationality, min( constructors_1.constructorid) , provsql.sr_why(provsql.provenance(), 'provmap') from constructors as constructors_1 where constructors_1.nationality is not NULL group by constructors_1.constructorid, constructors_1.constructorref, constructors_1.name, constructors_1.nationality limit 28);",NO,"ERREUR:  les EXCEPT types text et bigint ne peuvent pas correspondre LIGNE 29 : min(            ^"
241,"-- meta {""num_joins"":0,""num_aggregates"":3,""has_union"":true,""has_intersect"":false,""has_negation"":false} (select constructor_standings_1.position, sum( constructor_standings_1.position), constructor_standings_1.raceid, constructor_standings_1.wins, max( constructor_standings_1.date), sum( constructor_standings_1.wins) , provsql.sr_why(provsql.provenance(), 'provmap') from constructor_standings as constructor_standings_1 where constructor_standings_1.raceid is not NULL group by constructor_standings_1.position, constructor_standings_1.raceid, constructor_standings_1.wins limit 19) UNION (select constructor_standings_2.constructorstandingsid, sum( constructor_standings_2.position), constructor_standings_2.constructorstandingsid, constructor_standings_2.raceid, max( constructor_standings_2.date), avg( constructor_standings_2.wins) , provsql.sr_why(provsql.provenance(), 'provmap') from constructor_standings as constructor_standings_2 where constructor_standings_2.raceid = constructor_standings_2.constructorstandingsid limit 22);",NO,"ERREUR:  la colonne « constructor_standings_2.constructorstandingsid » doit apparaître dans la clause GROUP BY ou doit être utilisé dans une fonction d'agrégat LIGNE 18 : constructor_standings_2.constructorstandingsid,            ^"
242,"-- meta {""num_joins"":0,""num_aggregates"":2,""has_union"":false,""has_intersect"":false,""has_negation"":true} (select races_1.circuitid, races_1.year, races_1.raceid, races_1.name, count(*), races_1.date , provsql.sr_why(provsql.provenance(), 'provmap') from races as races_1 where races_1.time is not NULL group by races_1.circuitid, races_1.date, races_1.name, races_1.raceid, races_1.year limit 41) EXCEPT (select circuits_1.circuitid, circuits_1.circuitid, circuits_1.circuitid, circuits_1.country, min( circuits_1.circuitid), sum( circuits_1.alt) , provsql.sr_why(provsql.provenance(), 'provmap') from circuits as circuits_1 where circuits_1.circuitid < circuits_1.circuitid group by circuits_1.circuitref limit 32);",NO,"ERREUR:  la colonne « circuits_1.circuitid » doit apparaître dans la clause GROUP BY ou doit être utilisé dans une fonction d'agrégat LIGNE 15 : circuits_1.circuitid,            ^"
243,"-- meta {""num_joins"":1,""num_aggregates"":2,""has_union"":false,""has_intersect"":false,""has_negation"":true} (select constructors_1.constructorref, min( circuits_1.circuitid), circuits_1.lng, circuits_1.location, constructors_1.name, constructors_1.constructorid , provsql.sr_why(provsql.provenance(), 'provmap') from constructors as constructors_1 inner join circuits as circuits_1 on (constructors_1.constructorid = circuits_1.circuitid ) where constructors_1.nationality is not NULL group by circuits_1.lng, circuits_1.location, constructors_1.constructorid, constructors_1.constructorref, constructors_1.name limit 14) EXCEPT (select count(*), max( standings_1.driverid), standings_1.points, min( standings_1.raceid), min( standings_1.date), standings_1.raceid , provsql.sr_why(provsql.provenance(), 'provmap') from standings as standings_1 where standings_1.date >= standings_1.date group by standings_1.position, standings_1.raceid limit 27);",NO,"ERREUR:  la colonne « standings_1.points » doit apparaître dans la clause GROUP BY ou doit être utilisé dans une fonction d'agrégat LIGNE 21 : standings_1.points,            ^"
244,"-- meta {""num_joins"":0,""num_aggregates"":2,""has_union"":true,""has_intersect"":false,""has_negation"":false} (select races_1.round, races_1.circuitid , provsql.sr_why(provsql.provenance(), 'provmap') from races as races_1 where races_1.date <= races_1.date limit 39) UNION (select constructors_1.constructorid, min( constructors_1.constructorid) , provsql.sr_why(provsql.provenance(), 'provmap') from constructors as constructors_1 where constructors_1.constructorref is not NULL group by constructors_1.constructorid, constructors_1.constructorref, constructors_1.name, constructors_1.nationality limit 22);",NO,"ERREUR:  UNION/INTERSECT/EXCEPT n'a pas pu convertir le type provsql.agg_token en bigint"
245,"-- meta {""num_joins"":0,""num_aggregates"":0,""has_union"":false,""has_intersect"":false,""has_negation"":false} select drivers_1.driverid , provsql.sr_why(provsql.provenance(), 'provmap') from drivers as drivers_1 where drivers_1.dob is not NULL limit 20;",YES,""
246,"-- meta {""num_joins"":0,""num_aggregates"":1,""has_union"":true,""has_intersect"":false,""has_negation"":false} (select constructor_results_1.points, constructor_results_1.constructorresultsid, constructor_results_1.raceid, constructor_results_1.date, min( constructor_results_1.date) , provsql.sr_why(provsql.provenance(), 'provmap') from constructor_results as constructor_results_1 where constructor_results_1.raceid is not NULL group by constructor_results_1.constructorresultsid, constructor_results_1.date, constructor_results_1.points, constructor_results_1.raceid limit 33) UNION (select count( qualifying_1.driverid), qualifying_1.position, sum( qualifying_1.position), qualifying_1.date, min( qualifying_1.date) , provsql.sr_why(provsql.provenance(), 'provmap') from qualifying as qualifying_1 where qualifying_1.date <= qualifying_1.date limit 5);",NO,"ERREUR:  la colonne « qualifying_1.position » doit apparaître dans la clause GROUP BY ou doit être utilisé dans une fonction d'agrégat LIGNE 17 : qualifying_1.position,            ^"
247,"-- meta {""num_joins"":0,""num_aggregates"":1,""has_union"":false,""has_intersect"":false,""has_negation"":true} (select constructors_1.name, min( constructors_1.constructorid), constructors_1.constructorref , provsql.sr_why(provsql.provenance(), 'provmap') from constructors as constructors_1 where constructors_1.constructorref is not NULL group by constructors_1.constructorref, constructors_1.name limit 36) EXCEPT (select count(*), count(*), max( constructor_results_1.raceid) , provsql.sr_why(provsql.provenance(), 'provmap') from constructor_results as constructor_results_1 where constructor_results_1.raceid is not NULL limit 15);",NO,"ERREUR:  les EXCEPT types text et bigint ne peuvent pas correspondre LIGNE 13 : count(*),            ^"
248,"-- meta {""num_joins"":4,""num_aggregates"":4,""has_union"":true,""has_intersect"":false,""has_negation"":false} (select results_2.date, results_1.raceid, circuits_1.circuitid, races_1.year, results_2.position, results_2.points, races_1.raceid, count(*), races_1.time, results_1.position, avg( results_1.driverid), sum( results_1.points) , provsql.sr_why(provsql.provenance(), 'provmap') from races as races_1 inner join results as results_1 on (races_1.raceid = results_1.resultid ) inner join results as results_2 on (results_1.resultid = results_2.resultid ) inner join circuits as circuits_1 on (races_1.raceid = circuits_1.circuitid ) where races_1.time <= circuits_1.country group by circuits_1.circuitid, races_1.raceid, races_1.time, races_1.year, results_1.position, results_1.raceid, results_2.date, results_2.points, results_2.position limit 19) UNION (select standings_1.date, max( constructor_standings_1.constructorid), standings_1.raceid, constructor_standings_1.constructorid, standings_1.points, standings_1.points, constructor_standings_1.position, max( standings_1.raceid), sum( constructor_standings_1.constructorid), standings_1.points, sum( standings_1.position), sum( constructor_standings_1.points) , provsql.sr_why(provsql.provenance(), 'provmap') from constructor_standings as constructor_standings_1 inner join standings as standings_1 on (constructor_standings_1.constructorstandingsid = standings_1.driverstandingsid ) where constructor_standings_1.constructorstandingsid is not NULL group by constructor_standings_1.date, standings_1.driverid, standings_1.wins limit 38);",NO,"ERREUR:  la colonne « standings_1.date » doit apparaître dans la clause GROUP BY ou doit être utilisé dans une fonction d'agrégat LIGNE 29 : standings_1.date,            ^"
249,"-- meta {""num_joins"":1,""num_aggregates"":6,""has_union"":false,""has_intersect"":true,""has_negation"":false} (select min( constructors_1.constructorid), constructors_1.name, constructors_1.nationality, constructors_1.constructorref, constructors_1.constructorid, sum( constructors_1.constructorid), count( constructors_1.nationality), max( constructors_1.constructorid), max( constructors_1.constructorid) , provsql.sr_why(provsql.provenance(), 'provmap') from constructors as constructors_1 where constructors_1.nationality is not NULL group by constructors_1.constructorid, constructors_1.constructorref, constructors_1.name, constructors_1.nationality limit 11) INTERSECT (select count(*), count(*), drivers_2.nationality, drivers_1.driverref, drivers_2.driverid, avg( drivers_2.driverid), count( drivers_1.dob), count(*), max( drivers_1.driverid) , provsql.sr_why(provsql.provenance(), 'provmap') from drivers as drivers_1 inner join drivers as drivers_2 on (drivers_1.driverid = drivers_2.driverid ) where drivers_1.forename is not NULL group by drivers_1.code, drivers_1.nationality, drivers_2.code, drivers_2.nationality limit 11);",NO,"ERREUR:  la colonne « drivers_1.driverref » doit apparaître dans la clause GROUP BY ou doit être utilisé dans une fonction d'agrégat LIGNE 26 : drivers_1.driverref,            ^"
250,"-- meta {""num_joins"":3,""num_aggregates"":0,""has_union"":false,""has_intersect"":true,""has_negation"":false} (select constructor_standings_1.points , provsql.sr_why(provsql.provenance(), 'provmap') from constructor_standings as constructor_standings_1 inner join circuits as circuits_1 on (constructor_standings_1.constructorstandingsid = circuits_1.circuitid ) where circuits_1.name is not NULL limit 19) INTERSECT (select results_1.points , provsql.sr_why(provsql.provenance(), 'provmap') from races as races_1 inner join races as races_2 on (races_1.raceid = races_2.raceid ) inner join results as results_1 on (races_1.raceid = results_1.resultid ) where races_2.name is not NULL limit 15);",NO,"ERREUR:  Set operations other than UNION and EXCEPT not supported by provsql"
251,"-- meta {""num_joins"":0,""num_aggregates"":1,""has_union"":false,""has_intersect"":false,""has_negation"":true} (select races_1.time , provsql.sr_why(provsql.provenance(), 'provmap') from races as races_1 where races_1.raceid is not NULL limit 20) EXCEPT (select circuits_1.country , provsql.sr_why(provsql.provenance(), 'provmap') from circuits as circuits_1 where circuits_1.lat is not NULL group by circuits_1.alt, circuits_1.circuitid, circuits_1.lat limit 6);",YES,""
252,"-- meta {""num_joins"":1,""num_aggregates"":0,""has_union"":false,""has_intersect"":false,""has_negation"":false} select drivers_2.dob, drivers_1.surname , provsql.sr_why(provsql.provenance(), 'provmap') from drivers as drivers_1 inner join drivers as drivers_2 on (drivers_1.driverid = drivers_2.driverid ) where drivers_2.code <= drivers_2.surname limit 4;",YES,""
253,"-- meta {""num_joins"":1,""num_aggregates"":3,""has_union"":true,""has_intersect"":false,""has_negation"":false} (select circuits_1.circuitref, sum( constructor_results_1.constructorresultsid), max( constructor_results_1.date), constructor_results_1.date, circuits_1.name, constructor_results_1.constructorresultsid, constructor_results_1.constructorid, circuits_1.location, avg( circuits_1.lat) , provsql.sr_why(provsql.provenance(), 'provmap') from constructor_results as constructor_results_1 inner join circuits as circuits_1 on (constructor_results_1.constructorresultsid = circuits_1.circuitid ) where constructor_results_1.points is not NULL group by circuits_1.circuitref, circuits_1.location, circuits_1.name, constructor_results_1.constructorid, constructor_results_1.constructorresultsid, constructor_results_1.date limit 35) UNION (select count( standings_1.wins), sum( standings_1.position), min( standings_1.date), standings_1.date, min( standings_1.points), standings_1.wins, standings_1.wins, max( standings_1.points), sum( standings_1.points) , provsql.sr_why(provsql.provenance(), 'provmap') from standings as standings_1 where standings_1.driverstandingsid > standings_1.driverid limit 38);",NO,"ERREUR:  la colonne « standings_1.date » doit apparaître dans la clause GROUP BY ou doit être utilisé dans une fonction d'agrégat LIGNE 29 : standings_1.date,            ^"
254,"-- meta {""num_joins"":1,""num_aggregates"":4,""has_union"":true,""has_intersect"":false,""has_negation"":false} (select max( qualifying_1.date), constructors_1.constructorid, qualifying_1.position, constructors_1.name, min( qualifying_1.date), max( qualifying_1.date), constructors_1.nationality, qualifying_1.number, qualifying_1.constructorid, qualifying_1.driverid, constructors_1.constructorref , provsql.sr_why(provsql.provenance(), 'provmap') from qualifying as qualifying_1 inner join constructors as constructors_1 on (qualifying_1.qualifyid = constructors_1.constructorid ) where constructors_1.name is not NULL group by constructors_1.constructorid, constructors_1.constructorref, constructors_1.name, constructors_1.nationality, qualifying_1.constructorid, qualifying_1.driverid, qualifying_1.number, qualifying_1.position limit 37) UNION (select min( drivers_1.dob), drivers_1.driverid, drivers_1.driverid, drivers_1.surname, min( drivers_1.dob), max( drivers_1.dob), drivers_1.nationality, drivers_1.driverid, drivers_1.driverid, drivers_1.driverid, max( drivers_1.dob) , provsql.sr_why(provsql.provenance(), 'provmap') from drivers as drivers_1 where drivers_1.forename is not NULL group by drivers_1.forename limit 23);",NO,"ERREUR:  la colonne « drivers_1.driverid » doit apparaître dans la clause GROUP BY ou doit être utilisé dans une fonction d'agrégat LIGNE 27 : drivers_1.driverid,            ^"
255,"-- meta {""num_joins"":3,""num_aggregates"":3,""has_union"":false,""has_intersect"":true,""has_negation"":false} (select max( drivers_1.driverid), constructors_1.constructorid , provsql.sr_why(provsql.provenance(), 'provmap') from constructors as constructors_1 inner join drivers as drivers_1 on (constructors_1.constructorid = drivers_1.driverid ) inner join constructors as constructors_2 on (drivers_1.driverid = constructors_2.constructorid ) where constructors_1.nationality >= drivers_1.driverref group by constructors_1.constructorid limit 23) INTERSECT (select max( results_1.raceid), results_1.grid , provsql.sr_why(provsql.provenance(), 'provmap') from results as results_1 inner join constructors as constructors_3 on (results_1.resultid = constructors_3.constructorid ) where results_1.driverid is not NULL group by constructors_3.constructorid, constructors_3.constructorref, constructors_3.name, constructors_3.nationality, results_1.date, results_1.milliseconds, results_1.position, results_1.positionorder, results_1.raceid, results_1.resultid, results_1.statusid limit 25);",NO,"ERREUR:  Set operations other than UNION and EXCEPT not supported by provsql"
256,"-- meta {""num_joins"":2,""num_aggregates"":1,""has_union"":false,""has_intersect"":true,""has_negation"":false} (select races_1.time , provsql.sr_why(provsql.provenance(), 'provmap') from races as races_1 where races_1.year is not NULL limit 29) INTERSECT (select circuits_1.circuitref , provsql.sr_why(provsql.provenance(), 'provmap') from standings as standings_1 inner join circuits as circuits_1 on (standings_1.driverstandingsid = circuits_1.circuitid ) inner join standings as standings_2 on (circuits_1.circuitid = standings_2.driverstandingsid ) where standings_1.date is not NULL group by circuits_1.alt, circuits_1.country, standings_1.date, standings_2.driverstandingsid, standings_2.wins limit 25);",NO,"ERREUR:  la colonne « circuits_1.circuitref » doit apparaître dans la clause GROUP BY ou doit être utilisé dans une fonction d'agrégat LIGNE 9 : circuits_1.circuitref           ^"
257,"-- meta {""num_joins"":1,""num_aggregates"":1,""has_union"":false,""has_intersect"":false,""has_negation"":true} (select circuits_1.circuitref , provsql.sr_why(provsql.provenance(), 'provmap') from circuits as circuits_1 where circuits_1.location is not NULL limit 2) EXCEPT (select races_1.name , provsql.sr_why(provsql.provenance(), 'provmap') from races as races_1 inner join standings as standings_1 on (races_1.raceid = standings_1.driverstandingsid ) where races_1.name <= races_1.time group by races_1.circuitid, races_1.name, races_1.raceid, races_1.time, standings_1.raceid limit 19);",YES,""
258,"-- meta {""num_joins"":2,""num_aggregates"":0,""has_union"":false,""has_intersect"":false,""has_negation"":false} select constructor_results_2.points, constructor_results_1.raceid , provsql.sr_why(provsql.provenance(), 'provmap') from circuits as circuits_1 inner join constructor_results as constructor_results_1 on (circuits_1.circuitid = constructor_results_1.constructorresultsid ) inner join constructor_results as constructor_results_2 on (constructor_results_1.constructorresultsid = constructor_results_2.constructorresultsid ) where constructor_results_1.points is not NULL limit 30;",YES,""
259,"-- meta {""num_joins"":3,""num_aggregates"":2,""has_union"":true,""has_intersect"":false,""has_negation"":false} (select standings_1.raceid, standings_1.driverid, drivers_1.nationality, constructor_results_1.constructorresultsid , provsql.sr_why(provsql.provenance(), 'provmap') from constructor_standings as constructor_standings_1 inner join constructor_results as constructor_results_1 inner join drivers as drivers_1 inner join standings as standings_1 on (drivers_1.driverid = standings_1.driverstandingsid ) on (constructor_results_1.constructorresultsid = standings_1.driverstandingsid ) on (constructor_standings_1.constructorstandingsid = drivers_1.driverid ) where standings_1.driverid is not NULL limit 8) UNION (select standings_2.driverstandingsid, standings_2.wins, avg( standings_2.points), standings_2.wins , provsql.sr_why(provsql.provenance(), 'provmap') from standings as standings_2 where standings_2.driverstandingsid is not NULL group by standings_2.date, standings_2.driverid, standings_2.driverstandingsid, standings_2.points, standings_2.wins limit 37);",NO,"ERREUR:  les UNION types text et double precision ne peuvent pas correspondre LIGNE 20 : avg(            ^"
260,"-- meta {""num_joins"":0,""num_aggregates"":0,""has_union"":false,""has_intersect"":false,""has_negation"":true} (select constructors_1.constructorid, constructors_1.name , provsql.sr_why(provsql.provenance(), 'provmap') from constructors as constructors_1 where constructors_1.nationality is not NULL limit 1) EXCEPT (select standings_1.position, max( standings_1.date) , provsql.sr_why(provsql.provenance(), 'provmap') from standings as standings_1 where standings_1.driverstandingsid is not NULL limit 36);",NO,"ERREUR:  la colonne « standings_1.position » doit apparaître dans la clause GROUP BY ou doit être utilisé dans une fonction d'agrégat LIGNE 10 : standings_1.position,            ^"
261,"-- meta {""num_joins"":0,""num_aggregates"":1,""has_union"":false,""has_intersect"":true,""has_negation"":false} (select races_1.name, max( races_1.date) , provsql.sr_why(provsql.provenance(), 'provmap') from races as races_1 where races_1.circuitid >= races_1.year group by races_1.name limit 8) INTERSECT (select min( results_1.positionorder), max( results_1.date) , provsql.sr_why(provsql.provenance(), 'provmap') from results as results_1 where results_1.statusid is not NULL limit 34);",NO,"ERREUR:  les INTERSECT types text et bigint ne peuvent pas correspondre LIGNE 12 : min(            ^"
262,"-- meta {""num_joins"":0,""num_aggregates"":2,""has_union"":false,""has_intersect"":true,""has_negation"":false} (select results_1.number, results_1.points, results_1.position, max( results_1.date), results_1.statusid, results_1.grid, results_1.laps, results_1.driverid, results_1.resultid, results_1.raceid, results_1.date , provsql.sr_why(provsql.provenance(), 'provmap') from results as results_1 where results_1.driverid is not NULL group by results_1.date, results_1.driverid, results_1.grid, results_1.laps, results_1.number, results_1.points, results_1.position, results_1.raceid, results_1.resultid, results_1.statusid limit 26) INTERSECT (select min( races_1.date), min( races_1.date), max( races_1.date), min( races_1.date), races_1.circuitid, max( races_1.date), max( races_1.date), races_1.round, min( races_1.date), races_1.round, races_1.date , provsql.sr_why(provsql.provenance(), 'provmap') from races as races_1 where races_1.raceid is not NULL group by races_1.name, races_1.round, races_1.time limit 9);",NO,"ERREUR:  la colonne « races_1.circuitid » doit apparaître dans la clause GROUP BY ou doit être utilisé dans une fonction d'agrégat LIGNE 29 : races_1.circuitid,            ^"
263,"-- meta {""num_joins"":2,""num_aggregates"":0,""has_union"":true,""has_intersect"":false,""has_negation"":false} (select constructors_1.nationality, constructors_1.constructorid , provsql.sr_why(provsql.provenance(), 'provmap') from constructors as constructors_1 inner join drivers as drivers_1 on (constructors_1.constructorid = drivers_1.driverid ) where constructors_1.constructorref is not NULL limit 5) UNION (select drivers_2.surname, constructor_standings_1.constructorstandingsid , provsql.sr_why(provsql.provenance(), 'provmap') from constructor_standings as constructor_standings_1 inner join drivers as drivers_2 on (constructor_standings_1.constructorstandingsid = drivers_2.driverid ) where constructor_standings_1.date >= drivers_2.dob limit 16);",YES,""
264,"-- meta {""num_joins"":0,""num_aggregates"":3,""has_union"":false,""has_intersect"":false,""has_negation"":true} (select count(*), qualifying_1.date, qualifying_1.driverid , provsql.sr_why(provsql.provenance(), 'provmap') from qualifying as qualifying_1 where qualifying_1.number is not NULL group by qualifying_1.date, qualifying_1.driverid limit 11) EXCEPT (select count( constructor_results_1.raceid), constructor_results_1.date, constructor_results_1.raceid , provsql.sr_why(provsql.provenance(), 'provmap') from constructor_results as constructor_results_1 where constructor_results_1.points is not NULL group by constructor_results_1.constructorid, constructor_results_1.constructorresultsid, constructor_results_1.date, constructor_results_1.points, constructor_results_1.raceid limit 7);",NO,"ERREUR:  provenance() called on a table without provenance"
265,"-- meta {""num_joins"":1,""num_aggregates"":3,""has_union"":false,""has_intersect"":false,""has_negation"":true} (select races_1.round, avg( circuits_1.lat) , provsql.sr_why(provsql.provenance(), 'provmap') from races as races_1 inner join circuits as circuits_1 on (races_1.raceid = circuits_1.circuitid ) where circuits_1.lng is not NULL group by races_1.round limit 2) EXCEPT (select circuits_2.circuitid, avg( circuits_2.lng) , provsql.sr_why(provsql.provenance(), 'provmap') from circuits as circuits_2 where circuits_2.circuitid is not NULL limit 18);",NO,"ERREUR:  la colonne « circuits_2.circuitid » doit apparaître dans la clause GROUP BY ou doit être utilisé dans une fonction d'agrégat LIGNE 14 : circuits_2.circuitid,            ^"
266,"-- meta {""num_joins"":2,""num_aggregates"":0,""has_union"":false,""has_intersect"":false,""has_negation"":true} (select constructor_results_1.raceid, constructor_results_1.constructorresultsid , provsql.sr_why(provsql.provenance(), 'provmap') from constructor_results as constructor_results_1 inner join qualifying as qualifying_1 on (constructor_results_1.constructorresultsid = qualifying_1.qualifyid ) where qualifying_1.qualifyid is not NULL limit 41) EXCEPT (select qualifying_2.qualifyid, qualifying_2.position , provsql.sr_why(provsql.provenance(), 'provmap') from qualifying as qualifying_2 inner join races as races_1 on (qualifying_2.qualifyid = races_1.raceid ) where races_1.time = races_1.name limit 30);",YES,""
267,"-- meta {""num_joins"":0,""num_aggregates"":3,""has_union"":false,""has_intersect"":false,""has_negation"":true} (select drivers_1.driverref , provsql.sr_why(provsql.provenance(), 'provmap') from drivers as drivers_1 where drivers_1.code is not NULL limit 12) EXCEPT (select count( constructor_results_1.raceid) , provsql.sr_why(provsql.provenance(), 'provmap') from constructor_results as constructor_results_1 where constructor_results_1.date is not NULL group by constructor_results_1.constructorresultsid, constructor_results_1.date, constructor_results_1.points, constructor_results_1.raceid limit 38);",NO,"ERREUR:  les EXCEPT types text et bigint ne peuvent pas correspondre LIGNE 9 : count(           ^"
268,"-- meta {""num_joins"":2,""num_aggregates"":1,""has_union"":false,""has_intersect"":false,""has_negation"":true} (select results_1.milliseconds, results_1.date , provsql.sr_why(provsql.provenance(), 'provmap') from results as results_1 where results_1.driverid >= results_1.statusid limit 12) EXCEPT (select count(*), drivers_1.dob , provsql.sr_why(provsql.provenance(), 'provmap') from drivers as drivers_1 inner join constructors as constructors_1 inner join races as races_1 on (constructors_1.constructorid = races_1.raceid ) on (drivers_1.driverid = constructors_1.constructorid ) where races_1.circuitid is not NULL group by drivers_1.dob, drivers_1.forename limit 5);",NO,"ERREUR:  l'attribut 1 de type record a un mauvais type DÉTAIL : La table a le type provsql.agg_token alors que la requête attend double precision."
269,"-- meta {""num_joins"":0,""num_aggregates"":4,""has_union"":true,""has_intersect"":false,""has_negation"":false} (select constructors_1.name, constructors_1.constructorid, constructors_1.constructorref, constructors_1.nationality, count( constructors_1.constructorid), avg( constructors_1.constructorid) , provsql.sr_why(provsql.provenance(), 'provmap') from constructors as constructors_1 where constructors_1.constructorid is not NULL group by constructors_1.constructorid, constructors_1.constructorref, constructors_1.name, constructors_1.nationality limit 23) UNION (select drivers_1.code, drivers_1.driverid, drivers_1.nationality, drivers_1.forename, max( drivers_1.driverid), sum( drivers_1.driverid) , provsql.sr_why(provsql.provenance(), 'provmap') from drivers as drivers_1 where drivers_1.surname > drivers_1.nationality group by drivers_1.code, drivers_1.dob, drivers_1.forename, drivers_1.nationality limit 42);",NO,"ERREUR:  la colonne « drivers_1.driverid » doit apparaître dans la clause GROUP BY ou doit être utilisé dans une fonction d'agrégat LIGNE 18 : drivers_1.driverid,            ^"
270,"-- meta {""num_joins"":0,""num_aggregates"":1,""has_union"":false,""has_intersect"":true,""has_negation"":false} (select constructors_1.name, constructors_1.nationality, constructors_1.constructorref , provsql.sr_why(provsql.provenance(), 'provmap') from constructors as constructors_1 where constructors_1.name is not NULL limit 42) INTERSECT (select min( standings_1.points), min( standings_1.date), sum( standings_1.points) , provsql.sr_why(provsql.provenance(), 'provmap') from standings as standings_1 where standings_1.raceid is not NULL group by standings_1.date, standings_1.wins limit 39);",NO,"ERREUR:  les INTERSECT types text et double precision ne peuvent pas correspondre LIGNE 11 : min(            ^"
271,"-- meta {""num_joins"":0,""num_aggregates"":3,""has_union"":false,""has_intersect"":true,""has_negation"":false} (select avg( constructors_1.constructorid), constructors_1.constructorref, constructors_1.name , provsql.sr_why(provsql.provenance(), 'provmap') from constructors as constructors_1 where constructors_1.name is not NULL group by constructors_1.constructorref, constructors_1.name limit 21) INTERSECT (select sum( circuits_1.circuitid), circuits_1.circuitref, circuits_1.circuitref , provsql.sr_why(provsql.provenance(), 'provmap') from circuits as circuits_1 where circuits_1.circuitid is not NULL group by circuits_1.circuitid, circuits_1.circuitref, circuits_1.lng, circuits_1.location limit 32);",NO,"ERREUR:  Set operations other than UNION and EXCEPT not supported by provsql"
272,"-- meta {""num_joins"":0,""num_aggregates"":0,""has_union"":false,""has_intersect"":false,""has_negation"":false} select standings_1.wins, standings_1.points, standings_1.date , provsql.sr_why(provsql.provenance(), 'provmap') from standings as standings_1 where standings_1.raceid is not NULL limit 41;",YES,""
273,"-- meta {""num_joins"":5,""num_aggregates"":1,""has_union"":false,""has_intersect"":false,""has_negation"":true} (select results_1.fastestlap, results_1.raceid, results_1.date, results_1.points , provsql.sr_why(provsql.provenance(), 'provmap') from results as results_1 where results_1.rank is not NULL limit 9) EXCEPT (select results_2.fastestlap, qualifying_1.position, qualifying_1.date, results_2.points , provsql.sr_why(provsql.provenance(), 'provmap') from results as results_2 inner join qualifying as qualifying_1 inner join circuits as circuits_1 on (qualifying_1.qualifyid = circuits_1.circuitid ) on (results_2.resultid = qualifying_1.qualifyid ) inner join races as races_1 inner join constructor_standings as constructor_standings_1 on (races_1.raceid = constructor_standings_1.constructorstandingsid ) inner join circuits as circuits_2 on (constructor_standings_1.constructorstandingsid = circuits_2.circuitid ) on (circuits_1.circuitid = circuits_2.circuitid ) where results_2.rank is not NULL group by circuits_1.circuitid, qualifying_1.raceid, races_1.raceid, races_1.round, races_1.time, results_2.constructorid, results_2.fastestlap limit 4);",NO,"ERREUR:  la colonne « qualifying_1.position » doit apparaître dans la clause GROUP BY ou doit être utilisé dans une fonction d'agrégat LIGNE 13 : qualifying_1.position,            ^"
274,"-- meta {""num_joins"":1,""num_aggregates"":3,""has_union"":false,""has_intersect"":true,""has_negation"":false} (select standings_1.raceid, standings_1.position, standings_1.driverid, qualifying_1.qualifyid, standings_1.wins, qualifying_1.raceid, qualifying_1.driverid, sum( standings_1.points), qualifying_1.date , provsql.sr_why(provsql.provenance(), 'provmap') from standings as standings_1 inner join qualifying as qualifying_1 on (standings_1.driverstandingsid = qualifying_1.qualifyid ) where standings_1.wins is not NULL group by qualifying_1.date, qualifying_1.driverid, qualifying_1.qualifyid, qualifying_1.raceid, standings_1.driverid, standings_1.position, standings_1.raceid, standings_1.wins limit 42) INTERSECT (select constructor_standings_1.constructorid, constructor_standings_1.constructorid, constructor_standings_1.constructorstandingsid, constructor_standings_1.position, constructor_standings_1.constructorstandingsid, constructor_standings_1.raceid, constructor_standings_1.constructorstandingsid, avg( constructor_standings_1.points), constructor_standings_1.date , provsql.sr_why(provsql.provenance(), 'provmap') from constructor_standings as constructor_standings_1 where constructor_standings_1.constructorstandingsid is not NULL group by constructor_standings_1.constructorid, constructor_standings_1.constructorstandingsid limit 33);",NO,"ERREUR:  Set operations other than UNION and EXCEPT not supported by provsql"
275,"-- meta {""num_joins"":0,""num_aggregates"":2,""has_union"":false,""has_intersect"":false,""has_negation"":true} (select constructor_standings_1.raceid, constructor_standings_1.position, constructor_standings_1.constructorstandingsid, min( constructor_standings_1.points), min( constructor_standings_1.constructorid), constructor_standings_1.points, constructor_standings_1.constructorid , provsql.sr_why(provsql.provenance(), 'provmap') from constructor_standings as constructor_standings_1 where constructor_standings_1.points is not NULL group by constructor_standings_1.constructorid, constructor_standings_1.constructorstandingsid, constructor_standings_1.points, constructor_standings_1.position, constructor_standings_1.raceid limit 21) EXCEPT (select constructor_standings_2.position, constructor_standings_2.position, constructor_standings_2.constructorstandingsid, sum( constructor_standings_2.points), count(*), constructor_standings_2.points, constructor_standings_2.constructorid , provsql.sr_why(provsql.provenance(), 'provmap') from constructor_standings as constructor_standings_2 where constructor_standings_2.constructorid >= constructor_standings_2.constructorstandingsid limit 8);",NO,"ERREUR:  la colonne « constructor_standings_2.position » doit apparaître dans la clause GROUP BY ou doit être utilisé dans une fonction d'agrégat LIGNE 18 : constructor_standings_2.position,            ^"
276,"-- meta {""num_joins"":0,""num_aggregates"":1,""has_union"":false,""has_intersect"":true,""has_negation"":false} (select results_1.statusid , provsql.sr_why(provsql.provenance(), 'provmap') from results as results_1 where results_1.statusid > results_1.positionorder limit 39) INTERSECT (select drivers_1.driverid , provsql.sr_why(provsql.provenance(), 'provmap') from drivers as drivers_1 where drivers_1.code is not NULL limit 10);",NO,"ERREUR:  Set operations other than UNION and EXCEPT not supported by provsql"
277,"-- meta {""num_joins"":0,""num_aggregates"":0,""has_union"":false,""has_intersect"":false,""has_negation"":false} select qualifying_1.qualifyid , provsql.sr_why(provsql.provenance(), 'provmap') from qualifying as qualifying_1 where qualifying_1.constructorid is not NULL limit 31;",YES,""
278,"-- meta {""num_joins"":0,""num_aggregates"":1,""has_union"":false,""has_intersect"":false,""has_negation"":true} (select constructors_1.nationality , provsql.sr_why(provsql.provenance(), 'provmap') from constructors as constructors_1 where constructors_1.name is not NULL limit 42) EXCEPT (select drivers_1.nationality , provsql.sr_why(provsql.provenance(), 'provmap') from drivers as drivers_1 where drivers_1.code is not NULL group by drivers_1.driverid, drivers_1.forename limit 9);",YES,""
279,"-- meta {""num_joins"":0,""num_aggregates"":3,""has_union"":false,""has_intersect"":true,""has_negation"":false} (select constructor_results_1.raceid, max( constructor_results_1.date), count(*), min( constructor_results_1.points), constructor_results_1.points, constructor_results_1.constructorresultsid, constructor_results_1.constructorid , provsql.sr_why(provsql.provenance(), 'provmap') from constructor_results as constructor_results_1 where constructor_results_1.date is not NULL group by constructor_results_1.constructorid, constructor_results_1.constructorresultsid, constructor_results_1.points, constructor_results_1.raceid limit 8) INTERSECT (select results_1.grid, max( results_1.date), max( results_1.driverid), max( results_1.milliseconds), results_1.points, results_1.statusid, results_1.statusid , provsql.sr_why(provsql.provenance(), 'provmap') from results as results_1 where results_1.milliseconds is not NULL limit 20);",NO,"ERREUR:  la colonne « results_1.grid » doit apparaître dans la clause GROUP BY ou doit être utilisé dans une fonction d'agrégat LIGNE 18 : results_1.grid,            ^"
280,"-- meta {""num_joins"":2,""num_aggregates"":1,""has_union"":true,""has_intersect"":false,""has_negation"":false} (select constructor_standings_2.raceid, constructors_1.constructorref, constructor_standings_2.position, max( constructor_standings_2.date) , provsql.sr_why(provsql.provenance(), 'provmap') from constructor_standings as constructor_standings_1 inner join constructor_standings as constructor_standings_2 on (constructor_standings_1.constructorstandingsid = constructor_standings_2.constructorstandingsid ) inner join constructors as constructors_1 on (constructor_standings_1.constructorstandingsid = constructors_1.constructorid ) where constructor_standings_2.date > constructor_standings_1.date group by constructor_standings_2.position, constructor_standings_2.raceid, constructors_1.constructorref limit 3) UNION (select races_1.circuitid, races_1.name, races_1.raceid, max( races_1.date) , provsql.sr_why(provsql.provenance(), 'provmap') from races as races_1 where races_1.circuitid is not NULL limit 35);",NO,"ERREUR:  la colonne « races_1.circuitid » doit apparaître dans la clause GROUP BY ou doit être utilisé dans une fonction d'agrégat LIGNE 18 : races_1.circuitid,            ^"
281,"-- meta {""num_joins"":0,""num_aggregates"":2,""has_union"":true,""has_intersect"":false,""has_negation"":false} (select constructor_results_1.points, constructor_results_1.constructorid, count( constructor_results_1.raceid) , provsql.sr_why(provsql.provenance(), 'provmap') from constructor_results as constructor_results_1 where constructor_results_1.constructorid is not NULL group by constructor_results_1.constructorid, constructor_results_1.points limit 32) UNION (select max( constructor_standings_1.points), constructor_standings_1.constructorid, count(*) , provsql.sr_why(provsql.provenance(), 'provmap') from constructor_standings as constructor_standings_1 where constructor_standings_1.position is not NULL group by constructor_standings_1.constructorid, constructor_standings_1.wins limit 5);",NO,"ERREUR:  UNION/INTERSECT/EXCEPT n'a pas pu convertir le type provsql.agg_token en bigint"
282,"-- meta {""num_joins"":0,""num_aggregates"":1,""has_union"":true,""has_intersect"":false,""has_negation"":false} (select min( drivers_1.driverid), drivers_1.driverref, drivers_1.dob , provsql.sr_why(provsql.provenance(), 'provmap') from drivers as drivers_1 where drivers_1.driverid is not NULL group by drivers_1.dob, drivers_1.driverref limit 12) UNION (select min( circuits_1.circuitid), circuits_1.circuitref, count( circuits_1.name) , provsql.sr_why(provsql.provenance(), 'provmap') from circuits as circuits_1 where circuits_1.circuitid < circuits_1.circuitid limit 40);",NO,"ERREUR:  la colonne « circuits_1.circuitref » doit apparaître dans la clause GROUP BY ou doit être utilisé dans une fonction d'agrégat LIGNE 15 : circuits_1.circuitref,            ^"
283,"-- meta {""num_joins"":1,""num_aggregates"":1,""has_union"":false,""has_intersect"":false,""has_negation"":false} select max( races_1.date), circuits_1.location , provsql.sr_why(provsql.provenance(), 'provmap') from races as races_1 inner join circuits as circuits_1 on (races_1.raceid = circuits_1.circuitid ) where races_1.date is not NULL group by circuits_1.location limit 13;",YES,""
284,"-- meta {""num_joins"":2,""num_aggregates"":2,""has_union"":false,""has_intersect"":true,""has_negation"":false} (select results_1.statusid, constructor_results_1.date, standings_1.wins, results_1.rank, standings_1.raceid, standings_1.driverid, constructor_results_1.constructorresultsid, constructor_results_1.raceid, results_1.laps, results_1.fastestlap, min( constructor_results_1.constructorresultsid), constructor_results_1.points, standings_1.points, min( standings_1.date) , provsql.sr_why(provsql.provenance(), 'provmap') from constructor_results as constructor_results_1 inner join standings as standings_1 on (constructor_results_1.constructorresultsid = standings_1.driverstandingsid ) inner join results as results_1 on (constructor_results_1.constructorresultsid = results_1.resultid ) where standings_1.wins is not NULL group by constructor_results_1.constructorresultsid, constructor_results_1.date, constructor_results_1.points, constructor_results_1.raceid, results_1.fastestlap, results_1.laps, results_1.rank, results_1.statusid, standings_1.driverid, standings_1.points, standings_1.raceid, standings_1.wins limit 2) INTERSECT (select drivers_1.driverid, drivers_1.dob, max( drivers_1.dob), min( drivers_1.dob), drivers_1.driverid, drivers_1.driverid, drivers_1.driverid, drivers_1.driverid, max( drivers_1.dob), min( drivers_1.dob), count( drivers_1.driverid), sum( drivers_1.driverid), sum( drivers_1.driverid), min( drivers_1.dob) , provsql.sr_why(provsql.provenance(), 'provmap') from drivers as drivers_1 where drivers_1.code is not NULL limit 4);",NO,"ERREUR:  la colonne « drivers_1.driverid » doit apparaître dans la clause GROUP BY ou doit être utilisé dans une fonction d'agrégat LIGNE 29 : drivers_1.driverid,            ^"
285,"-- meta {""num_joins"":0,""num_aggregates"":1,""has_union"":true,""has_intersect"":false,""has_negation"":false} (select constructor_results_1.points, constructor_results_1.date, constructor_results_1.constructorresultsid , provsql.sr_why(provsql.provenance(), 'provmap') from constructor_results as constructor_results_1 where constructor_results_1.raceid < constructor_results_1.constructorid limit 34) UNION (select avg( qualifying_1.qualifyid), qualifying_1.date, qualifying_1.position , provsql.sr_why(provsql.provenance(), 'provmap') from qualifying as qualifying_1 where qualifying_1.number is not NULL group by qualifying_1.constructorid, qualifying_1.driverid, qualifying_1.position, qualifying_1.qualifyid, qualifying_1.raceid limit 30);",NO,"ERREUR:  UNION/INTERSECT/EXCEPT n'a pas pu convertir le type provsql.agg_token en double precision"
286,"-- meta {""num_joins"":2,""num_aggregates"":0,""has_union"":false,""has_intersect"":true,""has_negation"":false} (select constructor_results_1.date, constructor_results_1.points, constructor_results_1.constructorid, constructor_results_1.raceid , provsql.sr_why(provsql.provenance(), 'provmap') from constructor_results as constructor_results_1 where constructor_results_1.constructorresultsid is not NULL limit 29) INTERSECT (select qualifying_1.date, circuits_1.alt, qualifying_1.position, qualifying_1.position , provsql.sr_why(provsql.provenance(), 'provmap') from qualifying as qualifying_1 inner join circuits as circuits_1 inner join standings as standings_1 on (circuits_1.circuitid = standings_1.driverstandingsid ) on (qualifying_1.qualifyid = standings_1.driverstandingsid ) where circuits_1.circuitid is not NULL limit 8);",NO,"ERREUR:  Set operations other than UNION and EXCEPT not supported by provsql"
287,"-- meta {""num_joins"":0,""num_aggregates"":1,""has_union"":false,""has_intersect"":false,""has_negation"":true} (select avg( circuits_1.circuitid), circuits_1.name, circuits_1.location , provsql.sr_why(provsql.provenance(), 'provmap') from circuits as circuits_1 where circuits_1.country is not NULL group by circuits_1.location, circuits_1.name limit 16) EXCEPT (select avg( results_1.laps), min( results_1.date), min( results_1.date) , provsql.sr_why(provsql.provenance(), 'provmap') from results as results_1 where results_1.constructorid <= results_1.statusid limit 17);",NO,"ERREUR:  les EXCEPT types text et timestamp without time zone ne peuvent pas correspondre LIGNE 15 : min(            ^"
288,"-- meta {""num_joins"":0,""num_aggregates"":4,""has_union"":false,""has_intersect"":false,""has_negation"":true} (select circuits_1.country, circuits_1.lat, circuits_1.circuitref, circuits_1.alt, circuits_1.name, avg( circuits_1.alt) , provsql.sr_why(provsql.provenance(), 'provmap') from circuits as circuits_1 where circuits_1.circuitref = circuits_1.country group by circuits_1.alt, circuits_1.circuitref, circuits_1.country, circuits_1.lat, circuits_1.name limit 34) EXCEPT (select count( standings_1.raceid), standings_1.points, avg( standings_1.points), standings_1.points, sum( standings_1.points), avg( standings_1.points) , provsql.sr_why(provsql.provenance(), 'provmap') from standings as standings_1 where standings_1.date is not NULL group by standings_1.date, standings_1.driverid, standings_1.driverstandingsid, standings_1.points, standings_1.position, standings_1.raceid, standings_1.wins limit 22);",NO,"ERREUR:  les EXCEPT types text et bigint ne peuvent pas correspondre LIGNE 16 : count(            ^"
289,"-- meta {""num_joins"":2,""num_aggregates"":3,""has_union"":false,""has_intersect"":false,""has_negation"":true} (select qualifying_1.driverid, qualifying_1.position, qualifying_1.number, max( qualifying_1.date), qualifying_1.date, qualifying_1.constructorid, count( qualifying_1.raceid) , provsql.sr_why(provsql.provenance(), 'provmap') from qualifying as qualifying_1 where qualifying_1.qualifyid is not NULL group by qualifying_1.constructorid, qualifying_1.date, qualifying_1.driverid, qualifying_1.number, qualifying_1.position limit 2) EXCEPT (select avg( constructor_results_1.points), standings_1.position, min( standings_1.date), min( standings_1.date), drivers_1.dob, constructor_results_1.raceid, count( constructor_results_1.points) , provsql.sr_why(provsql.provenance(), 'provmap') from constructor_results as constructor_results_1 inner join drivers as drivers_1 inner join standings as standings_1 on (drivers_1.driverid = standings_1.driverstandingsid ) on (constructor_results_1.constructorresultsid = standings_1.driverstandingsid ) where constructor_results_1.constructorid = standings_1.position limit 1);",NO,"ERREUR:  la colonne « standings_1.position » doit apparaître dans la clause GROUP BY ou doit être utilisé dans une fonction d'agrégat LIGNE 20 : standings_1.position,            ^"
290,"-- meta {""num_joins"":0,""num_aggregates"":0,""has_union"":true,""has_intersect"":false,""has_negation"":false} (select races_1.raceid , provsql.sr_why(provsql.provenance(), 'provmap') from races as races_1 where races_1.time is not NULL limit 38) UNION (select races_2.round , provsql.sr_why(provsql.provenance(), 'provmap') from races as races_2 where races_2.date < races_2.date limit 42);",YES,""
291,"-- meta {""num_joins"":1,""num_aggregates"":4,""has_union"":false,""has_intersect"":true,""has_negation"":false} (select constructors_1.constructorref, avg( constructors_1.constructorid) , provsql.sr_why(provsql.provenance(), 'provmap') from constructors as constructors_1 where constructors_1.nationality < constructors_1.constructorref group by constructors_1.constructorref limit 41) INTERSECT (select races_1.time, sum( qualifying_1.driverid) , provsql.sr_why(provsql.provenance(), 'provmap') from qualifying as qualifying_1 inner join races as races_1 on (qualifying_1.qualifyid = races_1.raceid ) where qualifying_1.number is not NULL group by qualifying_1.constructorid, qualifying_1.driverid, races_1.date, races_1.year limit 12);",NO,"ERREUR:  la colonne « races_1.time » doit apparaître dans la clause GROUP BY ou doit être utilisé dans une fonction d'agrégat LIGNE 12 : races_1.time,            ^"
292,"-- meta {""num_joins"":0,""num_aggregates"":2,""has_union"":false,""has_intersect"":false,""has_negation"":false} select constructor_results_1.constructorresultsid, count(*), min( constructor_results_1.date), constructor_results_1.constructorid , provsql.sr_why(provsql.provenance(), 'provmap') from constructor_results as constructor_results_1 where constructor_results_1.points is not NULL group by constructor_results_1.constructorid, constructor_results_1.constructorresultsid limit 3;",YES,""
293,"-- meta {""num_joins"":0,""num_aggregates"":7,""has_union"":false,""has_intersect"":true,""has_negation"":false} (select drivers_1.nationality, drivers_1.code, max( drivers_1.driverid), drivers_1.driverref, drivers_1.forename, min( drivers_1.dob), max( drivers_1.dob), drivers_1.driverid, sum( drivers_1.driverid), drivers_1.dob, min( drivers_1.driverid) , provsql.sr_why(provsql.provenance(), 'provmap') from drivers as drivers_1 where drivers_1.forename is not NULL group by drivers_1.code, drivers_1.dob, drivers_1.driverid, drivers_1.driverref, drivers_1.forename, drivers_1.nationality limit 28) INTERSECT (select races_1.time, races_1.name, count(*), races_1.time, races_1.time, min( races_1.date), max( races_1.date), races_1.year, avg( races_1.round), races_1.date, max( races_1.round) , provsql.sr_why(provsql.provenance(), 'provmap') from races as races_1 where races_1.raceid is not NULL group by races_1.circuitid, races_1.date, races_1.name, races_1.raceid, races_1.round, races_1.year limit 23);",NO,"ERREUR:  Set operations other than UNION and EXCEPT not supported by provsql"
294,"-- meta {""num_joins"":0,""num_aggregates"":1,""has_union"":false,""has_intersect"":true,""has_negation"":false} (select circuits_1.country, circuits_1.circuitref, circuits_1.location , provsql.sr_why(provsql.provenance(), 'provmap') from circuits as circuits_1 where circuits_1.lng >= circuits_1.lat limit 23) INTERSECT (select max( constructors_1.constructorid), constructors_1.nationality, constructors_1.nationality , provsql.sr_why(provsql.provenance(), 'provmap') from constructors as constructors_1 where constructors_1.nationality is not NULL group by constructors_1.constructorid, constructors_1.constructorref, constructors_1.name, constructors_1.nationality limit 16);",NO,"ERREUR:  les INTERSECT types text et bigint ne peuvent pas correspondre LIGNE 11 : max(            ^"
295,"-- meta {""num_joins"":0,""num_aggregates"":2,""has_union"":true,""has_intersect"":false,""has_negation"":false} (select min( constructor_standings_1.date), constructor_standings_1.position, constructor_standings_1.wins, constructor_standings_1.points, constructor_standings_1.raceid, count( constructor_standings_1.wins), constructor_standings_1.constructorstandingsid , provsql.sr_why(provsql.provenance(), 'provmap') from constructor_standings as constructor_standings_1 where constructor_standings_1.constructorstandingsid is not NULL group by constructor_standings_1.constructorstandingsid, constructor_standings_1.points, constructor_standings_1.position, constructor_standings_1.raceid, constructor_standings_1.wins limit 7) UNION (select max( drivers_1.dob), drivers_1.driverid, drivers_1.driverid, count(*), drivers_1.driverid, min( drivers_1.driverid), count(*) , provsql.sr_why(provsql.provenance(), 'provmap') from drivers as drivers_1 where drivers_1.driverref is not NULL limit 7);",NO,"ERREUR:  la colonne « drivers_1.driverid » doit apparaître dans la clause GROUP BY ou doit être utilisé dans une fonction d'agrégat LIGNE 20 : drivers_1.driverid,            ^"
296,"-- meta {""num_joins"":2,""num_aggregates"":4,""has_union"":false,""has_intersect"":false,""has_negation"":true} (select results_1.resultid, results_1.positionorder, results_1.grid , provsql.sr_why(provsql.provenance(), 'provmap') from results as results_1 where results_1.statusid is not NULL limit 17) EXCEPT (select constructor_standings_1.constructorid, races_1.year, races_1.raceid , provsql.sr_why(provsql.provenance(), 'provmap') from circuits as circuits_1 inner join constructor_standings as constructor_standings_1 on (circuits_1.circuitid = constructor_standings_1.constructorstandingsid ) inner join races as races_1 on (circuits_1.circuitid = races_1.raceid ) where races_1.circuitid is not NULL group by circuits_1.location, circuits_1.name, constructor_standings_1.constructorid, constructor_standings_1.position, constructor_standings_1.raceid, constructor_standings_1.wins limit 19);",NO,"ERREUR:  la colonne « races_1.year » doit apparaître dans la clause GROUP BY ou doit être utilisé dans une fonction d'agrégat LIGNE 12 : races_1.year,            ^"
297,"-- meta {""num_joins"":1,""num_aggregates"":0,""has_union"":false,""has_intersect"":false,""has_negation"":false} select qualifying_1.number, results_1.rank , provsql.sr_why(provsql.provenance(), 'provmap') from qualifying as qualifying_1 inner join results as results_1 on (qualifying_1.qualifyid = results_1.resultid ) where results_1.driverid is not NULL limit 23;",YES,""
298,"-- meta {""num_joins"":3,""num_aggregates"":4,""has_union"":true,""has_intersect"":false,""has_negation"":false} (select qualifying_1.raceid, count( results_1.rank), min( standings_1.date), results_1.date , provsql.sr_why(provsql.provenance(), 'provmap') from standings as standings_1 inner join results as results_1 inner join qualifying as qualifying_1 on (results_1.resultid = qualifying_1.qualifyid ) on (standings_1.driverstandingsid = results_1.resultid ) where standings_1.raceid is not NULL group by qualifying_1.raceid, results_1.date limit 37) UNION (select count( constructor_results_1.raceid), min( constructor_results_2.constructorresultsid), max( constructor_results_1.date), constructor_results_2.date , provsql.sr_why(provsql.provenance(), 'provmap') from constructor_results as constructor_results_1 inner join constructor_results as constructor_results_2 on (constructor_results_1.constructorresultsid = constructor_results_2.constructorresultsid ) where constructor_results_2.raceid > constructor_results_1.raceid group by constructor_results_1.constructorid, constructor_results_2.date, constructor_results_2.raceid limit 32);",NO,"ERREUR:  UNION/INTERSECT/EXCEPT n'a pas pu convertir le type provsql.agg_token en bigint"
299,"-- meta {""num_joins"":0,""num_aggregates"":2,""has_union"":true,""has_intersect"":false,""has_negation"":false} (select constructor_results_1.raceid, avg( constructor_results_1.constructorid) , provsql.sr_why(provsql.provenance(), 'provmap') from constructor_results as constructor_results_1 where constructor_results_1.constructorresultsid is not NULL group by constructor_results_1.raceid limit 10) UNION (select constructor_results_2.constructorid, sum( constructor_results_2.raceid) , provsql.sr_why(provsql.provenance(), 'provmap') from constructor_results as constructor_results_2 where constructor_results_2.raceid is not NULL group by constructor_results_2.constructorresultsid limit 38);",NO,"ERREUR:  UNION/INTERSECT/EXCEPT n'a pas pu convertir le type provsql.agg_token en numeric"
300,"-- meta {""num_joins"":0,""num_aggregates"":5,""has_union"":false,""has_intersect"":false,""has_negation"":true} (select min( constructor_standings_1.date), constructor_standings_1.constructorid, constructor_standings_1.constructorstandingsid, constructor_standings_1.position, constructor_standings_1.date, min( constructor_standings_1.constructorid), constructor_standings_1.raceid, constructor_standings_1.points, constructor_standings_1.wins, avg( constructor_standings_1.raceid), max( constructor_standings_1.raceid) , provsql.sr_why(provsql.provenance(), 'provmap') from constructor_standings as constructor_standings_1 where constructor_standings_1.constructorstandingsid is not NULL group by constructor_standings_1.constructorid, constructor_standings_1.constructorstandingsid, constructor_standings_1.date, constructor_standings_1.points, constructor_standings_1.position, constructor_standings_1.raceid, constructor_standings_1.wins limit 27) EXCEPT (select max( standings_1.date), standings_1.driverid, standings_1.position, standings_1.position, standings_1.date, min( standings_1.position), min( standings_1.wins), standings_1.points, standings_1.driverid, avg( standings_1.raceid), min( standings_1.wins) , provsql.sr_why(provsql.provenance(), 'provmap') from standings as standings_1 where standings_1.date is not NULL group by standings_1.driverid, standings_1.points, standings_1.position, standings_1.wins limit 15);",NO,"ERREUR:  la colonne « standings_1.date » doit apparaître dans la clause GROUP BY ou doit être utilisé dans une fonction d'agrégat LIGNE 29 : standings_1.date,            ^"
301,"-- meta {""num_joins"":0,""num_aggregates"":1,""has_union"":false,""has_intersect"":false,""has_negation"":true} (select races_1.name, races_1.year, races_1.round, races_1.date , provsql.sr_why(provsql.provenance(), 'provmap') from races as races_1 where races_1.circuitid is not NULL limit 34) EXCEPT (select races_2.name, races_2.raceid, races_2.raceid, max( races_2.circuitid) , provsql.sr_why(provsql.provenance(), 'provmap') from races as races_2 where races_2.time is not NULL group by races_2.circuitid, races_2.name, races_2.time limit 15);",NO,"ERREUR:  la colonne « races_2.raceid » doit apparaître dans la clause GROUP BY ou doit être utilisé dans une fonction d'agrégat LIGNE 13 : races_2.raceid,            ^"
302,"-- meta {""num_joins"":0,""num_aggregates"":0,""has_union"":false,""has_intersect"":true,""has_negation"":false} (select qualifying_1.raceid , provsql.sr_why(provsql.provenance(), 'provmap') from qualifying as qualifying_1 where qualifying_1.qualifyid is not NULL limit 27) INTERSECT (select results_1.raceid , provsql.sr_why(provsql.provenance(), 'provmap') from results as results_1 where results_1.constructorid is not NULL limit 42);",NO,"ERREUR:  Set operations other than UNION and EXCEPT not supported by provsql"
303,"-- meta {""num_joins"":2,""num_aggregates"":3,""has_union"":false,""has_intersect"":false,""has_negation"":true} (select constructor_results_1.constructorid, count( constructor_standings_1.constructorid) , provsql.sr_why(provsql.provenance(), 'provmap') from constructors as constructors_1 inner join constructor_results as constructor_results_1 on (constructors_1.constructorid = constructor_results_1.constructorresultsid ) inner join constructor_standings as constructor_standings_1 on (constructors_1.constructorid = constructor_standings_1.constructorstandingsid ) where constructor_results_1.date >= constructor_standings_1.date group by constructor_results_1.constructorid limit 2) EXCEPT (select constructor_results_2.raceid, count( constructor_results_2.points) , provsql.sr_why(provsql.provenance(), 'provmap') from constructor_results as constructor_results_2 where constructor_results_2.date <= constructor_results_2.date group by constructor_results_2.constructorresultsid, constructor_results_2.date, constructor_results_2.points, constructor_results_2.raceid limit 23);",NO,"ERREUR:  provenance() called on a table without provenance"
304,"-- meta {""num_joins"":4,""num_aggregates"":0,""has_union"":false,""has_intersect"":false,""has_negation"":true} (select circuits_1.alt, circuits_1.country, qualifying_1.raceid, circuits_1.circuitid , provsql.sr_why(provsql.provenance(), 'provmap') from circuits as circuits_1 inner join qualifying as qualifying_1 on (circuits_1.circuitid = qualifying_1.qualifyid ) where circuits_1.alt is not NULL limit 41) EXCEPT (select constructor_results_1.points, constructors_1.nationality, drivers_1.driverid, constructor_results_1.constructorid , provsql.sr_why(provsql.provenance(), 'provmap') from constructor_results as constructor_results_1 inner join constructor_standings as constructor_standings_1 inner join drivers as drivers_1 on (constructor_standings_1.constructorstandingsid = drivers_1.driverid ) inner join constructors as constructors_1 on (drivers_1.driverid = constructors_1.constructorid ) on (constructor_results_1.constructorresultsid = constructors_1.constructorid ) where constructor_results_1.constructorresultsid is not NULL limit 12);",YES,""
305,"-- meta {""num_joins"":0,""num_aggregates"":0,""has_union"":false,""has_intersect"":false,""has_negation"":false} select races_1.circuitid, races_1.round, races_1.name , provsql.sr_why(provsql.provenance(), 'provmap') from races as races_1 where races_1.time is not NULL limit 1;",YES,""
306,"-- meta {""num_joins"":0,""num_aggregates"":1,""has_union"":false,""has_intersect"":true,""has_negation"":false} (select circuits_1.alt, circuits_1.country, sum( circuits_1.alt), circuits_1.location, circuits_1.lng , provsql.sr_why(provsql.provenance(), 'provmap') from circuits as circuits_1 where circuits_1.circuitid < circuits_1.circuitid group by circuits_1.alt, circuits_1.country, circuits_1.lng, circuits_1.location limit 36) INTERSECT (select standings_1.points, avg( standings_1.points), avg( standings_1.points), sum( standings_1.points), standings_1.points , provsql.sr_why(provsql.provenance(), 'provmap') from standings as standings_1 where standings_1.driverid is not NULL limit 29);",NO,"ERREUR:  la colonne « standings_1.points » doit apparaître dans la clause GROUP BY ou doit être utilisé dans une fonction d'agrégat LIGNE 15 : standings_1.points,            ^"
307,"-- meta {""num_joins"":4,""num_aggregates"":0,""has_union"":false,""has_intersect"":false,""has_negation"":true} (select drivers_2.surname , provsql.sr_why(provsql.provenance(), 'provmap') from drivers as drivers_1 inner join constructor_results as constructor_results_1 inner join drivers as drivers_2 inner join races as races_1 on (drivers_2.driverid = races_1.raceid ) on (constructor_results_1.constructorresultsid = drivers_2.driverid ) on (drivers_1.driverid = drivers_2.driverid ) inner join races as races_2 on (drivers_1.driverid = races_2.raceid ) where drivers_2.dob is not NULL limit 42) EXCEPT (select sum( results_1.constructorid) , provsql.sr_why(provsql.provenance(), 'provmap') from results as results_1 where results_1.points is not NULL limit 36);",NO,"ERREUR:  les EXCEPT types text et numeric ne peuvent pas correspondre LIGNE 17 : sum(            ^"
308,"-- meta {""num_joins"":2,""num_aggregates"":7,""has_union"":false,""has_intersect"":false,""has_negation"":true} (select standings_1.driverid, standings_1.raceid, sum( standings_1.points), standings_1.points, qualifying_1.qualifyid, standings_1.date, count( standings_1.raceid), standings_1.position, avg( standings_1.driverstandingsid), min( standings_1.raceid), min( standings_1.date) , provsql.sr_why(provsql.provenance(), 'provmap') from qualifying as qualifying_1 inner join standings as standings_1 on (qualifying_1.qualifyid = standings_1.driverstandingsid ) where standings_1.date > qualifying_1.date group by qualifying_1.qualifyid, standings_1.date, standings_1.driverid, standings_1.points, standings_1.position, standings_1.raceid limit 32) EXCEPT (select results_1.grid, qualifying_2.qualifyid, min( results_1.milliseconds), results_1.rank, results_1.constructorid, qualifying_2.date, count( results_1.date), results_1.resultid, avg( qualifying_2.constructorid), max( results_1.grid), min( qualifying_2.date) , provsql.sr_why(provsql.provenance(), 'provmap') from qualifying as qualifying_2 inner join results as results_1 on (qualifying_2.qualifyid = results_1.resultid ) where qualifying_2.date = results_1.date group by qualifying_2.constructorid, qualifying_2.qualifyid, qualifying_2.raceid, results_1.date, results_1.fastestlap, results_1.milliseconds limit 20);",NO,"ERREUR:  la colonne « results_1.grid » doit apparaître dans la clause GROUP BY ou doit être utilisé dans une fonction d'agrégat LIGNE 27 : results_1.grid,            ^"
309,"-- meta {""num_joins"":0,""num_aggregates"":1,""has_union"":false,""has_intersect"":false,""has_negation"":false} select sum( constructors_1.constructorid), constructors_1.constructorid, constructors_1.name , provsql.sr_why(provsql.provenance(), 'provmap') from constructors as constructors_1 where constructors_1.constructorid is not NULL group by constructors_1.constructorid, constructors_1.name limit 13;",YES,""
310,"-- meta {""num_joins"":0,""num_aggregates"":0,""has_union"":false,""has_intersect"":false,""has_negation"":false} select results_1.positionorder, results_1.points , provsql.sr_why(provsql.provenance(), 'provmap') from results as results_1 where results_1.milliseconds is not NULL limit 17;",YES,""
311,"-- meta {""num_joins"":0,""num_aggregates"":2,""has_union"":false,""has_intersect"":false,""has_negation"":false} select constructor_results_1.constructorresultsid, constructor_results_1.points, constructor_results_1.constructorid, sum( constructor_results_1.points), sum( constructor_results_1.constructorresultsid) , provsql.sr_why(provsql.provenance(), 'provmap') from constructor_results as constructor_results_1 where constructor_results_1.date is not NULL group by constructor_results_1.constructorid, constructor_results_1.constructorresultsid, constructor_results_1.points limit 14;",YES,""
312,"-- meta {""num_joins"":0,""num_aggregates"":0,""has_union"":true,""has_intersect"":false,""has_negation"":false} (select results_1.driverid , provsql.sr_why(provsql.provenance(), 'provmap') from results as results_1 where results_1.positionorder is not NULL limit 21) UNION (select results_2.driverid , provsql.sr_why(provsql.provenance(), 'provmap') from results as results_2 where results_2.position is not NULL limit 26);",YES,""
313,"-- meta {""num_joins"":0,""num_aggregates"":1,""has_union"":false,""has_intersect"":false,""has_negation"":true} (select constructors_1.nationality, constructors_1.name, constructors_1.constructorid, constructors_1.constructorref, count( constructors_1.name) , provsql.sr_why(provsql.provenance(), 'provmap') from constructors as constructors_1 where constructors_1.constructorref is not NULL group by constructors_1.constructorid, constructors_1.constructorref, constructors_1.name, constructors_1.nationality limit 39) EXCEPT (select drivers_1.driverref, drivers_1.surname, drivers_1.driverid, drivers_1.driverref, count( drivers_1.driverref) , provsql.sr_why(provsql.provenance(), 'provmap') from drivers as drivers_1 where drivers_1.dob is not NULL limit 8);",NO,"ERREUR:  la colonne « drivers_1.driverref » doit apparaître dans la clause GROUP BY ou doit être utilisé dans une fonction d'agrégat LIGNE 15 : drivers_1.driverref,            ^"
314,"-- meta {""num_joins"":0,""num_aggregates"":2,""has_union"":false,""has_intersect"":true,""has_negation"":false} (select qualifying_1.constructorid , provsql.sr_why(provsql.provenance(), 'provmap') from qualifying as qualifying_1 where qualifying_1.constructorid is not NULL limit 36) INTERSECT (select standings_1.position , provsql.sr_why(provsql.provenance(), 'provmap') from standings as standings_1 where standings_1.wins is not NULL group by standings_1.date, standings_1.driverstandingsid, standings_1.points, standings_1.position, standings_1.wins limit 19);",NO,"ERREUR:  Set operations other than UNION and EXCEPT not supported by provsql"
315,"-- meta {""num_joins"":0,""num_aggregates"":2,""has_union"":true,""has_intersect"":false,""has_negation"":false} (select min( results_1.position), results_1.laps, max( results_1.number), results_1.number, results_1.position , provsql.sr_why(provsql.provenance(), 'provmap') from results as results_1 where results_1.fastestlap is not NULL group by results_1.laps, results_1.number, results_1.position limit 28) UNION (select sum( circuits_1.lat), max( circuits_1.circuitid), avg( circuits_1.lng), circuits_1.lng, circuits_1.lat , provsql.sr_why(provsql.provenance(), 'provmap') from circuits as circuits_1 where circuits_1.lat is not NULL limit 37);",NO,"ERREUR:  la colonne « circuits_1.lng » doit apparaître dans la clause GROUP BY ou doit être utilisé dans une fonction d'agrégat LIGNE 22 : circuits_1.lng,            ^"
316,"-- meta {""num_joins"":0,""num_aggregates"":1,""has_union"":false,""has_intersect"":false,""has_negation"":false} select results_1.positionorder, results_1.laps, results_1.fastestlap, max( results_1.date) , provsql.sr_why(provsql.provenance(), 'provmap') from results as results_1 where results_1.position is not NULL group by results_1.fastestlap, results_1.laps, results_1.positionorder limit 37;",YES,""
317,"-- meta {""num_joins"":0,""num_aggregates"":1,""has_union"":false,""has_intersect"":false,""has_negation"":true} (select drivers_1.forename, min( drivers_1.dob), drivers_1.code , provsql.sr_why(provsql.provenance(), 'provmap') from drivers as drivers_1 where drivers_1.driverid is not NULL group by drivers_1.code, drivers_1.forename limit 37) EXCEPT (select count( results_1.driverid), min( results_1.date), min( results_1.raceid) , provsql.sr_why(provsql.provenance(), 'provmap') from results as results_1 where results_1.raceid is not NULL limit 17);",NO,"ERREUR:  les EXCEPT types text et bigint ne peuvent pas correspondre LIGNE 13 : count(            ^"
318,"-- meta {""num_joins"":0,""num_aggregates"":2,""has_union"":false,""has_intersect"":true,""has_negation"":false} (select max( constructor_results_1.constructorid), constructor_results_1.constructorresultsid, min( constructor_results_1.points), constructor_results_1.points, constructor_results_1.date, constructor_results_1.constructorid, constructor_results_1.raceid , provsql.sr_why(provsql.provenance(), 'provmap') from constructor_results as constructor_results_1 where constructor_results_1.constructorid is not NULL group by constructor_results_1.constructorid, constructor_results_1.constructorresultsid, constructor_results_1.date, constructor_results_1.points, constructor_results_1.raceid limit 15) INTERSECT (select min( constructor_results_2.raceid), constructor_results_2.raceid, avg( constructor_results_2.points), constructor_results_2.points, constructor_results_2.date, constructor_results_2.constructorresultsid, constructor_results_2.raceid , provsql.sr_why(provsql.provenance(), 'provmap') from constructor_results as constructor_results_2 where constructor_results_2.constructorid is not NULL limit 15);",NO,"ERREUR:  la colonne « constructor_results_2.raceid » doit apparaître dans la clause GROUP BY ou doit être utilisé dans une fonction d'agrégat LIGNE 20 : constructor_results_2.raceid,            ^"
319,"-- meta {""num_joins"":1,""num_aggregates"":1,""has_union"":true,""has_intersect"":false,""has_negation"":false} (select sum( results_1.rank), results_1.points , provsql.sr_why(provsql.provenance(), 'provmap') from results as results_1 where results_1.constructorid is not NULL group by results_1.points limit 27) UNION (select sum( standings_1.points), standings_1.points , provsql.sr_why(provsql.provenance(), 'provmap') from drivers as drivers_1 inner join standings as standings_1 on (drivers_1.driverid = standings_1.driverstandingsid ) where standings_1.driverstandingsid <= standings_1.raceid limit 17);",NO,"ERREUR:  la colonne « standings_1.points » doit apparaître dans la clause GROUP BY ou doit être utilisé dans une fonction d'agrégat LIGNE 14 : standings_1.points            ^"
320,"-- meta {""num_joins"":1,""num_aggregates"":0,""has_union"":false,""has_intersect"":false,""has_negation"":true} (select drivers_1.code , provsql.sr_why(provsql.provenance(), 'provmap') from drivers as drivers_1 where drivers_1.dob is not NULL limit 19) EXCEPT (select constructors_1.nationality , provsql.sr_why(provsql.provenance(), 'provmap') from drivers as drivers_2 inner join constructors as constructors_1 on (drivers_2.driverid = constructors_1.constructorid ) where drivers_2.forename is not NULL limit 27);",YES,""
321,"-- meta {""num_joins"":2,""num_aggregates"":1,""has_union"":false,""has_intersect"":false,""has_negation"":false} select races_1.year, min( constructor_results_1.date), constructor_results_1.raceid, constructor_results_1.date, constructor_results_1.points, races_1.name, races_1.date, results_1.points , provsql.sr_why(provsql.provenance(), 'provmap') from constructor_results as constructor_results_1 inner join results as results_1 inner join races as races_1 on (results_1.resultid = races_1.raceid ) on (constructor_results_1.constructorresultsid = races_1.raceid ) where races_1.name is not NULL group by constructor_results_1.date, constructor_results_1.points, constructor_results_1.raceid, races_1.date, races_1.name, races_1.year, results_1.points limit 34;",YES,""
322,"-- meta {""num_joins"":0,""num_aggregates"":2,""has_union"":true,""has_intersect"":false,""has_negation"":false} (select races_1.round, races_1.raceid, max( races_1.date), min( races_1.date), races_1.circuitid, races_1.year , provsql.sr_why(provsql.provenance(), 'provmap') from races as races_1 where races_1.raceid is not NULL group by races_1.circuitid, races_1.raceid, races_1.round, races_1.year limit 20) UNION (select constructor_standings_1.wins, constructor_standings_1.position, max( constructor_standings_1.date), min( constructor_standings_1.date), avg( constructor_standings_1.position), constructor_standings_1.raceid , provsql.sr_why(provsql.provenance(), 'provmap') from constructor_standings as constructor_standings_1 where constructor_standings_1.date is not NULL limit 30);",NO,"ERREUR:  la colonne « constructor_standings_1.wins » doit apparaître dans la clause GROUP BY ou doit être utilisé dans une fonction d'agrégat LIGNE 17 : constructor_standings_1.wins,            ^"
323,"-- meta {""num_joins"":0,""num_aggregates"":2,""has_union"":false,""has_intersect"":false,""has_negation"":true} (select races_1.time, races_1.circuitid, races_1.name, avg( races_1.raceid) , provsql.sr_why(provsql.provenance(), 'provmap') from races as races_1 where races_1.circuitid is not NULL group by races_1.circuitid, races_1.name, races_1.time limit 21) EXCEPT (select sum( standings_1.wins), standings_1.position, max( standings_1.date), sum( standings_1.wins) , provsql.sr_why(provsql.provenance(), 'provmap') from standings as standings_1 where standings_1.wins is not NULL group by standings_1.date, standings_1.driverid limit 13);",NO,"ERREUR:  la colonne « standings_1.position » doit apparaître dans la clause GROUP BY ou doit être utilisé dans une fonction d'agrégat LIGNE 16 : standings_1.position,            ^"
324,"-- meta {""num_joins"":0,""num_aggregates"":4,""has_union"":false,""has_intersect"":false,""has_negation"":false} select drivers_1.driverid, drivers_1.dob, drivers_1.driverref, count( drivers_1.code), drivers_1.code, drivers_1.nationality, count( drivers_1.dob), drivers_1.surname, min( drivers_1.driverid), sum( drivers_1.driverid), drivers_1.forename , provsql.sr_why(provsql.provenance(), 'provmap') from drivers as drivers_1 where drivers_1.driverref > drivers_1.surname group by drivers_1.code, drivers_1.dob, drivers_1.driverid, drivers_1.driverref, drivers_1.forename, drivers_1.nationality, drivers_1.surname limit 22;",YES,""
325,"-- meta {""num_joins"":0,""num_aggregates"":1,""has_union"":false,""has_intersect"":false,""has_negation"":true} (select drivers_1.surname , provsql.sr_why(provsql.provenance(), 'provmap') from drivers as drivers_1 where drivers_1.driverid <= drivers_1.driverid limit 28) EXCEPT (select min( constructor_standings_1.points) , provsql.sr_why(provsql.provenance(), 'provmap') from constructor_standings as constructor_standings_1 where constructor_standings_1.position is not NULL group by constructor_standings_1.raceid limit 29);",NO,"ERREUR:  les EXCEPT types text et double precision ne peuvent pas correspondre LIGNE 9 : min(           ^"
326,"-- meta {""num_joins"":0,""num_aggregates"":5,""has_union"":false,""has_intersect"":false,""has_negation"":true} (select drivers_1.nationality, drivers_1.driverid, drivers_1.driverref, min( drivers_1.driverid), max( drivers_1.dob), min( drivers_1.dob), sum( drivers_1.driverid) , provsql.sr_why(provsql.provenance(), 'provmap') from drivers as drivers_1 where drivers_1.forename is not NULL group by drivers_1.driverid, drivers_1.driverref, drivers_1.nationality limit 16) EXCEPT (select min( drivers_2.dob), drivers_2.driverid, drivers_2.code, count(*), max( drivers_2.dob), max( drivers_2.dob), sum( drivers_2.driverid) , provsql.sr_why(provsql.provenance(), 'provmap') from drivers as drivers_2 where drivers_2.surname is not NULL group by drivers_2.dob, drivers_2.forename, drivers_2.nationality, drivers_2.surname limit 32);",NO,"ERREUR:  la colonne « drivers_2.driverid » doit apparaître dans la clause GROUP BY ou doit être utilisé dans une fonction d'agrégat LIGNE 22 : drivers_2.driverid,            ^"
327,"-- meta {""num_joins"":2,""num_aggregates"":8,""has_union"":true,""has_intersect"":false,""has_negation"":false} (select count( circuits_1.country), avg( circuits_1.circuitid), min( circuits_1.alt), circuits_1.location, circuits_1.lat, max( circuits_1.circuitid), circuits_1.circuitref, max( circuits_1.lng), min( circuits_1.circuitid) , provsql.sr_why(provsql.provenance(), 'provmap') from circuits as circuits_1 where circuits_1.lng is not NULL group by circuits_1.circuitref, circuits_1.lat, circuits_1.location limit 29) UNION (select min( constructor_standings_1.raceid), sum( constructor_standings_1.constructorstandingsid), max( constructor_standings_1.points), sum( results_1.rank), results_1.milliseconds, min( results_1.grid), min( constructor_results_1.date), max( results_1.rank), min( constructor_results_1.raceid) , provsql.sr_why(provsql.provenance(), 'provmap') from results as results_1 inner join constructor_standings as constructor_standings_1 inner join constructor_results as constructor_results_1 on (constructor_standings_1.constructorstandingsid = constructor_results_1.constructorresultsid ) on (results_1.resultid = constructor_results_1.constructorresultsid ) where constructor_results_1.constructorresultsid is not NULL group by constructor_results_1.constructorresultsid, constructor_results_1.points, constructor_standings_1.date, constructor_standings_1.wins, results_1.laps, results_1.statusid limit 19);",NO,"ERREUR:  la colonne « results_1.milliseconds » doit apparaître dans la clause GROUP BY ou doit être utilisé dans une fonction d'agrégat LIGNE 32 : results_1.milliseconds,            ^"
328,"-- meta {""num_joins"":1,""num_aggregates"":0,""has_union"":false,""has_intersect"":true,""has_negation"":false} (select drivers_1.surname, drivers_1.driverid, drivers_1.forename, drivers_1.nationality, drivers_1.dob, drivers_1.driverref , provsql.sr_why(provsql.provenance(), 'provmap') from drivers as drivers_1 where drivers_1.driverid is not NULL limit 25) INTERSECT (select constructors_1.nationality, constructor_standings_1.wins, count( constructor_standings_1.position), constructors_1.nationality, constructor_standings_1.date, constructors_1.name , provsql.sr_why(provsql.provenance(), 'provmap') from constructor_standings as constructor_standings_1 inner join constructors as constructors_1 on (constructor_standings_1.constructorstandingsid = constructors_1.constructorid ) where constructors_1.constructorid is not NULL limit 24);",NO,"ERREUR:  la colonne « constructors_1.nationality » doit apparaître dans la clause GROUP BY ou doit être utilisé dans une fonction d'agrégat LIGNE 14 : constructors_1.nationality,            ^"
329,"-- meta {""num_joins"":1,""num_aggregates"":2,""has_union"":true,""has_intersect"":false,""has_negation"":false} (select qualifying_1.qualifyid, qualifying_1.date, count( qualifying_1.number) , provsql.sr_why(provsql.provenance(), 'provmap') from qualifying as qualifying_1 where qualifying_1.qualifyid <= qualifying_1.driverid group by qualifying_1.date, qualifying_1.qualifyid limit 7) UNION (select qualifying_2.qualifyid, min( constructor_standings_1.points), max( qualifying_2.number) , provsql.sr_why(provsql.provenance(), 'provmap') from qualifying as qualifying_2 inner join constructor_standings as constructor_standings_1 on (qualifying_2.qualifyid = constructor_standings_1.constructorstandingsid ) where constructor_standings_1.constructorstandingsid is not NULL group by constructor_standings_1.constructorid, constructor_standings_1.date, constructor_standings_1.wins, qualifying_2.position, qualifying_2.raceid limit 3);",NO,"ERREUR:  la colonne « qualifying_2.qualifyid » doit apparaître dans la clause GROUP BY ou doit être utilisé dans une fonction d'agrégat LIGNE 13 : qualifying_2.qualifyid,            ^"
330,"-- meta {""num_joins"":2,""num_aggregates"":1,""has_union"":false,""has_intersect"":false,""has_negation"":true} (select standings_1.raceid, standings_1.driverstandingsid , provsql.sr_why(provsql.provenance(), 'provmap') from standings as standings_1 where standings_1.driverstandingsid is not NULL limit 19) EXCEPT (select drivers_1.driverid, races_1.round , provsql.sr_why(provsql.provenance(), 'provmap') from standings as standings_2 inner join races as races_1 on (standings_2.driverstandingsid = races_1.raceid ) inner join drivers as drivers_1 on (races_1.raceid = drivers_1.driverid ) where races_1.date < standings_2.date group by races_1.date, races_1.year, standings_2.date, standings_2.driverid, standings_2.points limit 24);",NO,"ERREUR:  la colonne « drivers_1.driverid » doit apparaître dans la clause GROUP BY ou doit être utilisé dans une fonction d'agrégat LIGNE 10 : drivers_1.driverid,            ^"
331,"-- meta {""num_joins"":1,""num_aggregates"":0,""has_union"":false,""has_intersect"":true,""has_negation"":false} (select qualifying_1.position , provsql.sr_why(provsql.provenance(), 'provmap') from qualifying as qualifying_1 inner join qualifying as qualifying_2 on (qualifying_1.qualifyid = qualifying_2.qualifyid ) where qualifying_1.raceid is not NULL limit 31) INTERSECT (select races_1.round , provsql.sr_why(provsql.provenance(), 'provmap') from races as races_1 where races_1.date is not NULL limit 35);",NO,"ERREUR:  Set operations other than UNION and EXCEPT not supported by provsql"
332,"-- meta {""num_joins"":1,""num_aggregates"":3,""has_union"":false,""has_intersect"":false,""has_negation"":true} (select drivers_1.surname, drivers_1.nationality, drivers_1.driverref, drivers_1.forename, drivers_1.dob, drivers_1.code, max( drivers_1.dob) , provsql.sr_why(provsql.provenance(), 'provmap') from drivers as drivers_1 where drivers_1.code is not NULL group by drivers_1.code, drivers_1.dob, drivers_1.driverref, drivers_1.forename, drivers_1.nationality, drivers_1.surname limit 9) EXCEPT (select drivers_2.code, drivers_2.driverref, drivers_2.driverref, drivers_2.surname, drivers_2.dob, drivers_2.code, max( constructor_standings_1.date) , provsql.sr_why(provsql.provenance(), 'provmap') from constructor_standings as constructor_standings_1 inner join drivers as drivers_2 on (constructor_standings_1.constructorstandingsid = drivers_2.driverid ) where drivers_2.code is not NULL group by constructor_standings_1.position, constructor_standings_1.wins, drivers_2.code, drivers_2.driverref, drivers_2.nationality limit 38);",NO,"ERREUR:  la colonne « drivers_2.surname » doit apparaître dans la clause GROUP BY ou doit être utilisé dans une fonction d'agrégat LIGNE 20 : drivers_2.surname,            ^"
333,"-- meta {""num_joins"":0,""num_aggregates"":2,""has_union"":true,""has_intersect"":false,""has_negation"":false} (select standings_1.position , provsql.sr_why(provsql.provenance(), 'provmap') from standings as standings_1 where standings_1.driverid > standings_1.driverstandingsid limit 12) UNION (select min( standings_2.date) , provsql.sr_why(provsql.provenance(), 'provmap') from standings as standings_2 where standings_2.driverid is not NULL group by standings_2.date, standings_2.driverid, standings_2.driverstandingsid, standings_2.points, standings_2.position, standings_2.raceid, standings_2.wins limit 4);",NO,"ERREUR:  les UNION types bigint et timestamp without time zone ne peuvent pas correspondre LIGNE 9 : min(           ^"
334,"-- meta {""num_joins"":1,""num_aggregates"":0,""has_union"":false,""has_intersect"":true,""has_negation"":false} (select circuits_1.circuitref, standings_1.raceid, circuits_1.alt, circuits_1.name, standings_1.position , provsql.sr_why(provsql.provenance(), 'provmap') from standings as standings_1 inner join circuits as circuits_1 on (standings_1.driverstandingsid = circuits_1.circuitid ) where circuits_1.lng is not NULL limit 7) INTERSECT (select avg( constructor_results_1.points), max( constructor_results_1.constructorresultsid), constructor_results_1.points, max( constructor_results_1.date), min( constructor_results_1.date) , provsql.sr_why(provsql.provenance(), 'provmap') from constructor_results as constructor_results_1 where constructor_results_1.date is not NULL limit 2);",NO,"ERREUR:  la colonne « constructor_results_1.points » doit apparaître dans la clause GROUP BY ou doit être utilisé dans une fonction d'agrégat LIGNE 19 : constructor_results_1.points,            ^"
335,"-- meta {""num_joins"":5,""num_aggregates"":0,""has_union"":false,""has_intersect"":false,""has_negation"":true} (select results_1.statusid, races_1.raceid, races_1.time, results_1.number, races_1.year, results_1.date , provsql.sr_why(provsql.provenance(), 'provmap') from standings as standings_1 inner join qualifying as qualifying_1 inner join results as results_1 on (qualifying_1.qualifyid = results_1.resultid ) on (standings_1.driverstandingsid = qualifying_1.qualifyid ) inner join races as races_1 inner join constructor_standings as constructor_standings_1 on (races_1.raceid = constructor_standings_1.constructorstandingsid ) on (standings_1.driverstandingsid = races_1.raceid ) where results_1.constructorid is not NULL limit 26) EXCEPT (select standings_2.driverid, max( standings_2.date), circuits_1.circuitref, circuits_1.lat, circuits_1.circuitid, standings_2.date , provsql.sr_why(provsql.provenance(), 'provmap') from circuits as circuits_1 inner join standings as standings_2 on (circuits_1.circuitid = standings_2.driverstandingsid ) where circuits_1.circuitid is not NULL limit 8);",NO,"ERREUR:  la colonne « standings_2.driverid » doit apparaître dans la clause GROUP BY ou doit être utilisé dans une fonction d'agrégat LIGNE 22 : standings_2.driverid,            ^"
336,"-- meta {""num_joins"":0,""num_aggregates"":4,""has_union"":false,""has_intersect"":false,""has_negation"":false} select max( qualifying_1.date), count(*), qualifying_1.driverid, qualifying_1.qualifyid, count(*), qualifying_1.number, qualifying_1.position, avg( qualifying_1.constructorid), qualifying_1.date , provsql.sr_why(provsql.provenance(), 'provmap') from qualifying as qualifying_1 where qualifying_1.date < qualifying_1.date group by qualifying_1.date, qualifying_1.driverid, qualifying_1.number, qualifying_1.position, qualifying_1.qualifyid limit 9;",YES,""
337,"-- meta {""num_joins"":0,""num_aggregates"":1,""has_union"":false,""has_intersect"":false,""has_negation"":true} (select constructor_standings_1.date, constructor_standings_1.position, constructor_standings_1.raceid, constructor_standings_1.constructorstandingsid, constructor_standings_1.wins, min( constructor_standings_1.wins), constructor_standings_1.constructorid, constructor_standings_1.points , provsql.sr_why(provsql.provenance(), 'provmap') from constructor_standings as constructor_standings_1 where constructor_standings_1.constructorstandingsid >= constructor_standings_1.position group by constructor_standings_1.constructorid, constructor_standings_1.constructorstandingsid, constructor_standings_1.date, constructor_standings_1.points, constructor_standings_1.position, constructor_standings_1.raceid, constructor_standings_1.wins limit 2) EXCEPT (select results_1.date, results_1.resultid, count(*), results_1.statusid, results_1.resultid, count(*), results_1.grid, results_1.fastestlap , provsql.sr_why(provsql.provenance(), 'provmap') from results as results_1 where results_1.statusid is not NULL limit 11);",NO,"ERREUR:  la colonne « results_1.date » doit apparaître dans la clause GROUP BY ou doit être utilisé dans une fonction d'agrégat LIGNE 18 : results_1.date,            ^"
338,"-- meta {""num_joins"":0,""num_aggregates"":1,""has_union"":false,""has_intersect"":false,""has_negation"":false} select constructor_standings_1.points, count( constructor_standings_1.constructorstandingsid) , provsql.sr_why(provsql.provenance(), 'provmap') from constructor_standings as constructor_standings_1 where constructor_standings_1.wins is not NULL group by constructor_standings_1.points limit 42;",YES,""
339,"-- meta {""num_joins"":0,""num_aggregates"":2,""has_union"":true,""has_intersect"":false,""has_negation"":false} (select constructor_standings_1.date, constructor_standings_1.wins, constructor_standings_1.constructorid, max( constructor_standings_1.wins) , provsql.sr_why(provsql.provenance(), 'provmap') from constructor_standings as constructor_standings_1 where constructor_standings_1.wins is not NULL group by constructor_standings_1.constructorid, constructor_standings_1.date, constructor_standings_1.wins limit 16) UNION (select qualifying_1.date, qualifying_1.raceid, qualifying_1.qualifyid, count(*) , provsql.sr_why(provsql.provenance(), 'provmap') from qualifying as qualifying_1 where qualifying_1.driverid is not NULL group by qualifying_1.driverid, qualifying_1.number limit 11);",NO,"ERREUR:  la colonne « qualifying_1.date » doit apparaître dans la clause GROUP BY ou doit être utilisé dans une fonction d'agrégat LIGNE 14 : qualifying_1.date,            ^"
340,"-- meta {""num_joins"":4,""num_aggregates"":4,""has_union"":true,""has_intersect"":false,""has_negation"":false} (select max( drivers_1.dob) , provsql.sr_why(provsql.provenance(), 'provmap') from standings as standings_1 inner join drivers as drivers_1 on (standings_1.driverstandingsid = drivers_1.driverid ) where drivers_1.driverid is not NULL limit 33) UNION (select min( qualifying_1.date) , provsql.sr_why(provsql.provenance(), 'provmap') from qualifying as qualifying_1 inner join circuits as circuits_1 on (qualifying_1.qualifyid = circuits_1.circuitid ) inner join results as results_1 on (circuits_1.circuitid = results_1.resultid ) inner join results as results_2 on (qualifying_1.qualifyid = results_2.resultid ) where qualifying_1.constructorid is not NULL group by circuits_1.circuitid, circuits_1.lat, circuits_1.name, results_1.driverid, results_1.grid, results_1.rank, results_2.date, results_2.milliseconds limit 2);",NO,"ERREUR:  UNION/INTERSECT/EXCEPT n'a pas pu convertir le type provsql.agg_token en timestamp without time zone"
341,"-- meta {""num_joins"":2,""num_aggregates"":3,""has_union"":false,""has_intersect"":true,""has_negation"":false} (select standings_1.points , provsql.sr_why(provsql.provenance(), 'provmap') from standings as standings_1 where standings_1.driverid < standings_1.position limit 17) INTERSECT (select standings_2.points , provsql.sr_why(provsql.provenance(), 'provmap') from drivers as drivers_1 inner join standings as standings_2 inner join constructors as constructors_1 on (standings_2.driverstandingsid = constructors_1.constructorid ) on (drivers_1.driverid = standings_2.driverstandingsid ) where standings_2.points <= standings_2.points group by constructors_1.constructorref, constructors_1.name, constructors_1.nationality, drivers_1.driverid, drivers_1.forename, drivers_1.surname, standings_2.driverid, standings_2.points, standings_2.position, standings_2.wins limit 17);",NO,"ERREUR:  Set operations other than UNION and EXCEPT not supported by provsql"
342,"-- meta {""num_joins"":3,""num_aggregates"":1,""has_union"":true,""has_intersect"":false,""has_negation"":false} (select races_1.date, count( races_1.year), races_1.circuitid, races_1.raceid, races_1.time, races_2.date, races_1.round, races_2.round , provsql.sr_why(provsql.provenance(), 'provmap') from races as races_1 inner join races as races_2 on (races_1.raceid = races_2.raceid ) where races_2.date is not NULL group by races_1.circuitid, races_1.date, races_1.raceid, races_1.round, races_1.time, races_2.date, races_2.round limit 35) UNION (select count(*), count(*), qualifying_1.driverid, qualifying_1.position, races_3.name, qualifying_1.date, qualifying_2.raceid, races_3.year , provsql.sr_why(provsql.provenance(), 'provmap') from qualifying as qualifying_1 inner join races as races_3 inner join qualifying as qualifying_2 on (races_3.raceid = qualifying_2.qualifyid ) on (qualifying_1.qualifyid = qualifying_2.qualifyid ) where qualifying_2.raceid is not NULL limit 33);",NO,"ERREUR:  la colonne « qualifying_1.driverid » doit apparaître dans la clause GROUP BY ou doit être utilisé dans une fonction d'agrégat LIGNE 22 : qualifying_1.driverid,            ^"
343,"-- meta {""num_joins"":2,""num_aggregates"":1,""has_union"":false,""has_intersect"":false,""has_negation"":true} (select avg( standings_1.points), standings_1.points, standings_1.raceid , provsql.sr_why(provsql.provenance(), 'provmap') from standings as standings_1 where standings_1.driverid is not NULL group by standings_1.points, standings_1.raceid limit 32) EXCEPT (select max( results_1.points), circuits_1.alt, count( results_1.resultid) , provsql.sr_why(provsql.provenance(), 'provmap') from results as results_1 inner join results as results_2 on (results_1.resultid = results_2.resultid ) inner join circuits as circuits_1 on (results_1.resultid = circuits_1.circuitid ) where results_2.position is not NULL limit 39);",NO,"ERREUR:  la colonne « circuits_1.alt » doit apparaître dans la clause GROUP BY ou doit être utilisé dans une fonction d'agrégat LIGNE 15 : circuits_1.alt,            ^"
344,"-- meta {""num_joins"":0,""num_aggregates"":3,""has_union"":false,""has_intersect"":false,""has_negation"":false} select max( constructors_1.constructorid), max( constructors_1.constructorid), constructors_1.nationality, constructors_1.constructorref, constructors_1.constructorid, avg( constructors_1.constructorid), constructors_1.name , provsql.sr_why(provsql.provenance(), 'provmap') from constructors as constructors_1 where constructors_1.constructorref is not NULL group by constructors_1.constructorid, constructors_1.constructorref, constructors_1.name, constructors_1.nationality limit 27;",YES,""
345,"-- meta {""num_joins"":6,""num_aggregates"":1,""has_union"":false,""has_intersect"":false,""has_negation"":true} (select qualifying_1.number, drivers_1.surname, constructor_results_1.constructorid, drivers_1.forename, drivers_1.nationality, constructor_results_1.date, min( constructor_results_1.date), constructor_results_1.raceid , provsql.sr_why(provsql.provenance(), 'provmap') from constructor_results as constructor_results_1 inner join drivers as drivers_1 on (constructor_results_1.constructorresultsid = drivers_1.driverid ) inner join qualifying as qualifying_1 on (constructor_results_1.constructorresultsid = qualifying_1.qualifyid ) where qualifying_1.position is not NULL group by constructor_results_1.constructorid, constructor_results_1.date, constructor_results_1.raceid, drivers_1.forename, drivers_1.nationality, drivers_1.surname, qualifying_1.number limit 22) EXCEPT (select sum( standings_1.points), drivers_2.nationality, qualifying_2.driverid, constructors_1.constructorref, drivers_2.code, standings_1.date, min( qualifying_2.date), qualifying_2.driverid , provsql.sr_why(provsql.provenance(), 'provmap') from qualifying as qualifying_2 inner join drivers as drivers_2 inner join constructors as constructors_1 inner join standings as standings_1 on (constructors_1.constructorid = standings_1.driverstandingsid ) on (drivers_2.driverid = standings_1.driverstandingsid ) inner join constructors as constructors_2 on (standings_1.driverstandingsid = constructors_2.constructorid ) on (qualifying_2.qualifyid = constructors_2.constructorid ) where standings_1.driverstandingsid is not NULL limit 18);",NO,"ERREUR:  la colonne « drivers_2.nationality » doit apparaître dans la clause GROUP BY ou doit être utilisé dans une fonction d'agrégat LIGNE 24 : drivers_2.nationality,            ^"
346,"-- meta {""num_joins"":4,""num_aggregates"":1,""has_union"":false,""has_intersect"":false,""has_negation"":false} select drivers_2.driverref, sum( constructor_results_1.raceid), drivers_2.surname, constructor_results_1.constructorid, constructor_results_2.raceid, constructor_standings_1.date , provsql.sr_why(provsql.provenance(), 'provmap') from constructor_results as constructor_results_1 inner join constructor_standings as constructor_standings_1 on (constructor_results_1.constructorresultsid = constructor_standings_1.constructorstandingsid ) inner join drivers as drivers_1 inner join drivers as drivers_2 on (drivers_1.driverid = drivers_2.driverid ) inner join constructor_results as constructor_results_2 on (drivers_1.driverid = constructor_results_2.constructorresultsid ) on (constructor_results_1.constructorresultsid = drivers_2.driverid ) where constructor_standings_1.points = constructor_results_2.points group by constructor_results_1.constructorid, constructor_results_2.raceid, constructor_standings_1.date, drivers_2.driverref, drivers_2.surname limit 27;",YES,""
347,"-- meta {""num_joins"":1,""num_aggregates"":0,""has_union"":false,""has_intersect"":true,""has_negation"":false} (select constructor_results_1.constructorid , provsql.sr_why(provsql.provenance(), 'provmap') from constructor_standings as constructor_standings_1 inner join constructor_results as constructor_results_1 on (constructor_standings_1.constructorstandingsid = constructor_results_1.constructorresultsid ) where constructor_standings_1.constructorstandingsid is not NULL limit 25) INTERSECT (select circuits_1.circuitid , provsql.sr_why(provsql.provenance(), 'provmap') from circuits as circuits_1 where circuits_1.name < circuits_1.location limit 6);",NO,"ERREUR:  Set operations other than UNION and EXCEPT not supported by provsql"
348,"-- meta {""num_joins"":0,""num_aggregates"":1,""has_union"":false,""has_intersect"":false,""has_negation"":true} (select qualifying_1.number, qualifying_1.date , provsql.sr_why(provsql.provenance(), 'provmap') from qualifying as qualifying_1 where qualifying_1.qualifyid is not NULL limit 15) EXCEPT (select constructor_results_1.constructorid, constructor_results_1.date , provsql.sr_why(provsql.provenance(), 'provmap') from constructor_results as constructor_results_1 where constructor_results_1.date is not NULL group by constructor_results_1.constructorid, constructor_results_1.constructorresultsid, constructor_results_1.points limit 17);",YES,""
349,"-- meta {""num_joins"":2,""num_aggregates"":1,""has_union"":false,""has_intersect"":false,""has_negation"":true} (select standings_1.raceid , provsql.sr_why(provsql.provenance(), 'provmap') from standings as standings_1 where standings_1.raceid is not NULL limit 35) EXCEPT (select constructor_standings_1.wins , provsql.sr_why(provsql.provenance(), 'provmap') from constructor_standings as constructor_standings_1 inner join constructors as constructors_1 inner join races as races_1 on (constructors_1.constructorid = races_1.raceid ) on (constructor_standings_1.constructorstandingsid = constructors_1.constructorid ) where constructors_1.name is not NULL group by constructors_1.nationality, races_1.time limit 1);",NO,"ERREUR:  la colonne « constructor_standings_1.wins » doit apparaître dans la clause GROUP BY ou doit être utilisé dans une fonction d'agrégat LIGNE 9 : constructor_standings_1.wins           ^"
350,"-- meta {""num_joins"":0,""num_aggregates"":2,""has_union"":false,""has_intersect"":false,""has_negation"":false} select qualifying_1.raceid, qualifying_1.constructorid, qualifying_1.position, min( qualifying_1.date), max( qualifying_1.date) , provsql.sr_why(provsql.provenance(), 'provmap') from qualifying as qualifying_1 where qualifying_1.driverid is not NULL group by qualifying_1.constructorid, qualifying_1.position, qualifying_1.raceid limit 28;",YES,""
351,"-- meta {""num_joins"":0,""num_aggregates"":0,""has_union"":false,""has_intersect"":false,""has_negation"":true} (select races_1.date, races_1.name, races_1.raceid, races_1.circuitid, races_1.round, races_1.year , provsql.sr_why(provsql.provenance(), 'provmap') from races as races_1 where races_1.name is not NULL limit 38) EXCEPT (select drivers_1.dob, max( drivers_1.dob), drivers_1.driverid, drivers_1.driverid, drivers_1.driverid, drivers_1.driverid , provsql.sr_why(provsql.provenance(), 'provmap') from drivers as drivers_1 where drivers_1.dob is not NULL limit 23);",NO,"ERREUR:  la colonne « drivers_1.dob » doit apparaître dans la clause GROUP BY ou doit être utilisé dans une fonction d'agrégat LIGNE 14 : drivers_1.dob,            ^"
352,"-- meta {""num_joins"":2,""num_aggregates"":1,""has_union"":true,""has_intersect"":false,""has_negation"":false} (select circuits_1.name, constructor_standings_1.date, circuits_1.lng, drivers_1.surname, constructor_standings_1.points, max( drivers_1.dob) , provsql.sr_why(provsql.provenance(), 'provmap') from circuits as circuits_1 inner join constructor_standings as constructor_standings_1 on (circuits_1.circuitid = constructor_standings_1.constructorstandingsid ) inner join drivers as drivers_1 on (constructor_standings_1.constructorstandingsid = drivers_1.driverid ) where circuits_1.country is not NULL group by circuits_1.lng, circuits_1.name, constructor_standings_1.date, constructor_standings_1.points, drivers_1.surname limit 17) UNION (select max( constructor_results_1.constructorresultsid), constructor_results_1.date, max( constructor_results_1.date), count( constructor_results_1.points), constructor_results_1.points, min( constructor_results_1.date) , provsql.sr_why(provsql.provenance(), 'provmap') from constructor_results as constructor_results_1 where constructor_results_1.constructorresultsid is not NULL limit 7);",NO,"ERREUR:  la colonne « constructor_results_1.date » doit apparaître dans la clause GROUP BY ou doit être utilisé dans une fonction d'agrégat LIGNE 22 : constructor_results_1.date,            ^"
353,"-- meta {""num_joins"":0,""num_aggregates"":1,""has_union"":false,""has_intersect"":true,""has_negation"":false} (select results_1.resultid, results_1.driverid, avg( results_1.raceid), results_1.fastestlap, results_1.constructorid, results_1.position, results_1.number , provsql.sr_why(provsql.provenance(), 'provmap') from results as results_1 where results_1.position is not NULL group by results_1.constructorid, results_1.driverid, results_1.fastestlap, results_1.number, results_1.position, results_1.resultid limit 3) INTERSECT (select results_2.driverid, results_2.resultid, avg( results_2.constructorid), results_2.rank, results_2.driverid, min( results_2.date), results_2.milliseconds , provsql.sr_why(provsql.provenance(), 'provmap') from results as results_2 where results_2.date < results_2.date limit 30);",NO,"ERREUR:  la colonne « results_2.driverid » doit apparaître dans la clause GROUP BY ou doit être utilisé dans une fonction d'agrégat LIGNE 17 : results_2.driverid,            ^"
354,"-- meta {""num_joins"":3,""num_aggregates"":5,""has_union"":false,""has_intersect"":true,""has_negation"":false} (select standings_1.position, constructor_standings_2.position, constructor_standings_1.constructorstandingsid, standings_1.driverstandingsid, avg( standings_1.points), constructor_standings_1.raceid, min( constructor_standings_2.date), sum( constructor_standings_1.constructorid), constructor_standings_2.wins , provsql.sr_why(provsql.provenance(), 'provmap') from constructor_standings as constructor_standings_1 inner join standings as standings_1 on (constructor_standings_1.constructorstandingsid = standings_1.driverstandingsid ) inner join constructor_standings as constructor_standings_2 on (standings_1.driverstandingsid = constructor_standings_2.constructorstandingsid ) where constructor_standings_2.date is not NULL group by constructor_standings_1.constructorstandingsid, constructor_standings_1.raceid, constructor_standings_2.position, constructor_standings_2.wins, standings_1.driverstandingsid, standings_1.position limit 24) INTERSECT (select standings_2.raceid, standings_2.raceid, avg( standings_2.points), races_1.round, sum( standings_2.points), races_1.round, min( races_1.date), sum( standings_2.position), standings_2.position , provsql.sr_why(provsql.provenance(), 'provmap') from standings as standings_2 inner join races as races_1 on (standings_2.driverstandingsid = races_1.raceid ) where standings_2.points < standings_2.points group by races_1.circuitid, races_1.name, races_1.raceid, standings_2.date, standings_2.driverid, standings_2.position limit 31);",NO,"ERREUR:  la colonne « standings_2.raceid » doit apparaître dans la clause GROUP BY ou doit être utilisé dans une fonction d'agrégat LIGNE 25 : standings_2.raceid,            ^"
355,"-- meta {""num_joins"":4,""num_aggregates"":7,""has_union"":false,""has_intersect"":false,""has_negation"":false} select drivers_1.surname, drivers_1.nationality, constructors_1.constructorid, count( results_1.milliseconds), constructor_results_1.raceid, constructors_1.nationality, drivers_1.code, max( results_1.milliseconds), sum( results_1.points), constructor_results_1.constructorid, races_1.raceid, results_1.grid, races_1.circuitid, races_1.name, constructor_results_1.date, results_1.rank, races_1.time, max( results_1.date), races_1.year, drivers_1.driverref, results_1.number, count(*), races_1.round, drivers_1.forename, races_1.date, min( results_1.constructorid), constructor_results_1.constructorresultsid, min( constructors_1.constructorid) , provsql.sr_why(provsql.provenance(), 'provmap') from races as races_1 inner join constructors as constructors_1 inner join results as results_1 inner join drivers as drivers_1 on (results_1.resultid = drivers_1.driverid ) inner join constructor_results as constructor_results_1 on (results_1.resultid = constructor_results_1.constructorresultsid ) on (constructors_1.constructorid = results_1.resultid ) on (races_1.raceid = constructor_results_1.constructorresultsid ) where races_1.name is not NULL group by constructor_results_1.constructorid, constructor_results_1.constructorresultsid, constructor_results_1.date, constructor_results_1.raceid, constructors_1.constructorid, constructors_1.nationality, drivers_1.code, drivers_1.driverref, drivers_1.forename, drivers_1.nationality, drivers_1.surname, races_1.circuitid, races_1.date, races_1.name, races_1.raceid, races_1.round, races_1.time, races_1.year, results_1.grid, results_1.number, results_1.rank limit 32;",YES,""
356,"-- meta {""num_joins"":1,""num_aggregates"":1,""has_union"":true,""has_intersect"":false,""has_negation"":false} (select min( races_1.date) , provsql.sr_why(provsql.provenance(), 'provmap') from races as races_1 where races_1.time is not NULL limit 9) UNION (select min( results_1.date) , provsql.sr_why(provsql.provenance(), 'provmap') from results as results_1 inner join results as results_2 on (results_1.resultid = results_2.resultid ) where results_2.fastestlap is not NULL limit 27);",NO,"ERREUR:  UNION/INTERSECT/EXCEPT n'a pas pu convertir le type provsql.agg_token en timestamp without time zone"
357,"-- meta {""num_joins"":3,""num_aggregates"":1,""has_union"":false,""has_intersect"":true,""has_negation"":false} (select circuits_1.location, circuits_1.alt, max( circuits_1.alt), circuits_1.lat , provsql.sr_why(provsql.provenance(), 'provmap') from circuits as circuits_1 where circuits_1.name is not NULL group by circuits_1.alt, circuits_1.lat, circuits_1.location limit 42) INTERSECT (select avg( circuits_2.lat), constructor_results_1.points, sum( circuits_2.alt), circuits_2.lng , provsql.sr_why(provsql.provenance(), 'provmap') from circuits as circuits_2 inner join drivers as drivers_1 on (circuits_2.circuitid = drivers_1.driverid ) inner join constructor_results as constructor_results_1 inner join qualifying as qualifying_1 on (constructor_results_1.constructorresultsid = qualifying_1.qualifyid ) on (circuits_2.circuitid = constructor_results_1.constructorresultsid ) where constructor_results_1.points is not NULL limit 26);",NO,"ERREUR:  la colonne « constructor_results_1.points » doit apparaître dans la clause GROUP BY ou doit être utilisé dans une fonction d'agrégat LIGNE 16 : constructor_results_1.points,            ^"
358,"-- meta {""num_joins"":0,""num_aggregates"":4,""has_union"":true,""has_intersect"":false,""has_negation"":false} (select standings_1.position, max( standings_1.date) , provsql.sr_why(provsql.provenance(), 'provmap') from standings as standings_1 where standings_1.driverid is not NULL group by standings_1.position limit 41) UNION (select constructor_results_1.constructorresultsid, max( constructor_results_1.date) , provsql.sr_why(provsql.provenance(), 'provmap') from constructor_results as constructor_results_1 where constructor_results_1.points is not NULL group by constructor_results_1.constructorid, constructor_results_1.constructorresultsid, constructor_results_1.date limit 39);",NO,"ERREUR:  UNION/INTERSECT/EXCEPT n'a pas pu convertir le type provsql.agg_token en timestamp without time zone"
359,"-- meta {""num_joins"":5,""num_aggregates"":4,""has_union"":false,""has_intersect"":true,""has_negation"":false} (select standings_1.driverstandingsid, standings_1.wins , provsql.sr_why(provsql.provenance(), 'provmap') from drivers as drivers_1 inner join drivers as drivers_2 on (drivers_1.driverid = drivers_2.driverid ) inner join standings as standings_1 inner join qualifying as qualifying_1 inner join races as races_1 on (qualifying_1.qualifyid = races_1.raceid ) on (standings_1.driverstandingsid = qualifying_1.qualifyid ) on (drivers_1.driverid = qualifying_1.qualifyid ) inner join standings as standings_2 on (drivers_2.driverid = standings_2.driverstandingsid ) where standings_2.date >= standings_1.date limit 41) INTERSECT (select races_2.round, races_2.raceid , provsql.sr_why(provsql.provenance(), 'provmap') from races as races_2 where races_2.date is not NULL group by races_2.name, races_2.raceid, races_2.time, races_2.year limit 5);",NO,"ERREUR:  Set operations other than UNION and EXCEPT not supported by provsql"
360,"-- meta {""num_joins"":2,""num_aggregates"":3,""has_union"":true,""has_intersect"":false,""has_negation"":false} (select constructor_results_1.constructorid, max( constructor_results_1.points), constructor_results_1.raceid, constructor_results_1.date, max( constructor_results_1.points), avg( constructor_results_1.points) , provsql.sr_why(provsql.provenance(), 'provmap') from constructor_results as constructor_results_1 where constructor_results_1.constructorresultsid is not NULL group by constructor_results_1.constructorid, constructor_results_1.date, constructor_results_1.raceid limit 16) UNION (select min( drivers_1.dob), min( circuits_2.lat), circuits_1.circuitid, sum( circuits_2.lng), min( circuits_1.lat), min( circuits_1.lat) , provsql.sr_why(provsql.provenance(), 'provmap') from drivers as drivers_1 inner join circuits as circuits_1 inner join circuits as circuits_2 on (circuits_1.circuitid = circuits_2.circuitid ) on (drivers_1.driverid = circuits_2.circuitid ) where drivers_1.nationality is not NULL limit 34);",NO,"ERREUR:  la colonne « circuits_1.circuitid » doit apparaître dans la clause GROUP BY ou doit être utilisé dans une fonction d'agrégat LIGNE 22 : circuits_1.circuitid,            ^"
361,"-- meta {""num_joins"":5,""num_aggregates"":2,""has_union"":false,""has_intersect"":true,""has_negation"":false} (select circuits_2.lat, min( races_1.date), circuits_2.alt , provsql.sr_why(provsql.provenance(), 'provmap') from circuits as circuits_1 inner join circuits as circuits_2 inner join qualifying as qualifying_1 inner join races as races_1 on (qualifying_1.qualifyid = races_1.raceid ) on (circuits_2.circuitid = qualifying_1.qualifyid ) on (circuits_1.circuitid = circuits_2.circuitid ) where circuits_1.circuitid is not NULL group by circuits_2.alt, circuits_2.lat limit 32) INTERSECT (select sum( standings_1.points), max( standings_1.date), standings_1.points , provsql.sr_why(provsql.provenance(), 'provmap') from qualifying as qualifying_2 inner join qualifying as qualifying_3 on (qualifying_2.qualifyid = qualifying_3.qualifyid ) inner join standings as standings_1 on (qualifying_2.qualifyid = standings_1.driverstandingsid ) where standings_1.wins is not NULL limit 7);",NO,"ERREUR:  la colonne « standings_1.points » doit apparaître dans la clause GROUP BY ou doit être utilisé dans une fonction d'agrégat LIGNE 23 : standings_1.points            ^"
362,"-- meta {""num_joins"":0,""num_aggregates"":2,""has_union"":true,""has_intersect"":false,""has_negation"":false} (select results_1.date , provsql.sr_why(provsql.provenance(), 'provmap') from results as results_1 where results_1.driverid is not NULL limit 42) UNION (select qualifying_1.date , provsql.sr_why(provsql.provenance(), 'provmap') from qualifying as qualifying_1 where qualifying_1.raceid is not NULL group by qualifying_1.constructorid, qualifying_1.date, qualifying_1.driverid, qualifying_1.number, qualifying_1.position, qualifying_1.qualifyid, qualifying_1.raceid limit 27);",YES,""
363,"-- meta {""num_joins"":1,""num_aggregates"":0,""has_union"":false,""has_intersect"":true,""has_negation"":false} (select constructor_standings_1.raceid , provsql.sr_why(provsql.provenance(), 'provmap') from constructor_standings as constructor_standings_1 where constructor_standings_1.position <= constructor_standings_1.constructorstandingsid limit 20) INTERSECT (select results_1.resultid , provsql.sr_why(provsql.provenance(), 'provmap') from races as races_1 inner join results as results_1 on (races_1.raceid = results_1.resultid ) where results_1.positionorder < results_1.statusid limit 41);",NO,"ERREUR:  Set operations other than UNION and EXCEPT not supported by provsql"
364,"-- meta {""num_joins"":0,""num_aggregates"":1,""has_union"":true,""has_intersect"":false,""has_negation"":false} (select constructors_1.name , provsql.sr_why(provsql.provenance(), 'provmap') from constructors as constructors_1 where constructors_1.constructorid is not NULL limit 29) UNION (select min( qualifying_1.date) , provsql.sr_why(provsql.provenance(), 'provmap') from qualifying as qualifying_1 where qualifying_1.raceid is not NULL limit 19);",NO,"ERREUR:  les UNION types text et timestamp without time zone ne peuvent pas correspondre LIGNE 9 : min(           ^"
365,"-- meta {""num_joins"":0,""num_aggregates"":5,""has_union"":false,""has_intersect"":true,""has_negation"":false} (select min( standings_1.date), min( standings_1.date), standings_1.wins, standings_1.raceid, standings_1.points, standings_1.position, standings_1.date, count(*), max( standings_1.wins), min( standings_1.date), standings_1.driverstandingsid, standings_1.driverid , provsql.sr_why(provsql.provenance(), 'provmap') from standings as standings_1 where standings_1.date is not NULL group by standings_1.date, standings_1.driverid, standings_1.driverstandingsid, standings_1.points, standings_1.position, standings_1.raceid, standings_1.wins limit 33) INTERSECT (select max( constructor_results_1.date), max( constructor_results_1.date), constructor_results_1.constructorid, constructor_results_1.constructorid, sum( constructor_results_1.points), constructor_results_1.constructorid, max( constructor_results_1.date), count( constructor_results_1.date), min( constructor_results_1.raceid), max( constructor_results_1.date), constructor_results_1.raceid, constructor_results_1.constructorresultsid , provsql.sr_why(provsql.provenance(), 'provmap') from constructor_results as constructor_results_1 where constructor_results_1.date is not NULL limit 34);",NO,"ERREUR:  la colonne « constructor_results_1.constructorid » doit apparaître dans la clause GROUP BY ou doit être utilisé dans une fonction d'agrégat LIGNE 29 : constructor_results_1.constructorid,            ^"
366,"-- meta {""num_joins"":0,""num_aggregates"":1,""has_union"":false,""has_intersect"":true,""has_negation"":false} (select races_1.time, avg( races_1.circuitid), races_1.circuitid , provsql.sr_why(provsql.provenance(), 'provmap') from races as races_1 where races_1.name is not NULL group by races_1.circuitid, races_1.time limit 20) INTERSECT (select races_2.time, avg( races_2.year), min( races_2.date) , provsql.sr_why(provsql.provenance(), 'provmap') from races as races_2 where races_2.round is not NULL limit 17);",NO,"ERREUR:  la colonne « races_2.time » doit apparaître dans la clause GROUP BY ou doit être utilisé dans une fonction d'agrégat LIGNE 13 : races_2.time,            ^"
367,"-- meta {""num_joins"":0,""num_aggregates"":2,""has_union"":false,""has_intersect"":false,""has_negation"":false} select min( constructor_standings_1.date), constructor_standings_1.constructorid, constructor_standings_1.raceid, constructor_standings_1.date, constructor_standings_1.wins, sum( constructor_standings_1.points) , provsql.sr_why(provsql.provenance(), 'provmap') from constructor_standings as constructor_standings_1 where constructor_standings_1.position is not NULL group by constructor_standings_1.constructorid, constructor_standings_1.date, constructor_standings_1.raceid, constructor_standings_1.wins limit 5;",YES,""
368,"-- meta {""num_joins"":0,""num_aggregates"":1,""has_union"":false,""has_intersect"":false,""has_negation"":false} select constructor_standings_1.wins, constructor_standings_1.position, constructor_standings_1.points, sum( constructor_standings_1.raceid), constructor_standings_1.date, constructor_standings_1.constructorid , provsql.sr_why(provsql.provenance(), 'provmap') from constructor_standings as constructor_standings_1 where constructor_standings_1.points is not NULL group by constructor_standings_1.constructorid, constructor_standings_1.date, constructor_standings_1.points, constructor_standings_1.position, constructor_standings_1.wins limit 32;",YES,""
369,"-- meta {""num_joins"":0,""num_aggregates"":1,""has_union"":false,""has_intersect"":false,""has_negation"":false} select min( qualifying_1.constructorid), qualifying_1.qualifyid , provsql.sr_why(provsql.provenance(), 'provmap') from qualifying as qualifying_1 where qualifying_1.date is not NULL group by qualifying_1.qualifyid limit 33;",YES,""
370,"-- meta {""num_joins"":2,""num_aggregates"":0,""has_union"":true,""has_intersect"":false,""has_negation"":false} (select constructor_results_1.raceid, drivers_1.nationality , provsql.sr_why(provsql.provenance(), 'provmap') from results as results_1 inner join drivers as drivers_1 inner join constructor_results as constructor_results_1 on (drivers_1.driverid = constructor_results_1.constructorresultsid ) on (results_1.resultid = drivers_1.driverid ) where results_1.driverid is not NULL limit 30) UNION (select avg( constructor_standings_1.points), min( constructor_standings_1.points) , provsql.sr_why(provsql.provenance(), 'provmap') from constructor_standings as constructor_standings_1 where constructor_standings_1.wins is not NULL limit 31);",NO,"ERREUR:  les UNION types text et double precision ne peuvent pas correspondre LIGNE 16 : min(            ^"
371,"-- meta {""num_joins"":0,""num_aggregates"":1,""has_union"":false,""has_intersect"":false,""has_negation"":true} (select constructor_standings_1.wins , provsql.sr_why(provsql.provenance(), 'provmap') from constructor_standings as constructor_standings_1 where constructor_standings_1.raceid is not NULL limit 36) EXCEPT (select standings_1.raceid , provsql.sr_why(provsql.provenance(), 'provmap') from standings as standings_1 where standings_1.driverid is not NULL group by standings_1.date, standings_1.driverid, standings_1.points, standings_1.position, standings_1.raceid, standings_1.wins limit 20);",YES,""
372,"-- meta {""num_joins"":1,""num_aggregates"":0,""has_union"":false,""has_intersect"":false,""has_negation"":false} select results_1.laps, results_1.fastestlap , provsql.sr_why(provsql.provenance(), 'provmap') from results as results_1 inner join qualifying as qualifying_1 on (results_1.resultid = qualifying_1.qualifyid ) where results_1.number is not NULL limit 35;",YES,""
373,"-- meta {""num_joins"":0,""num_aggregates"":2,""has_union"":true,""has_intersect"":false,""has_negation"":false} (select constructor_results_1.date, constructor_results_1.points, constructor_results_1.constructorid , provsql.sr_why(provsql.provenance(), 'provmap') from constructor_results as constructor_results_1 where constructor_results_1.points is not NULL limit 37) UNION (select count(*), circuits_1.alt, circuits_1.circuitid , provsql.sr_why(provsql.provenance(), 'provmap') from circuits as circuits_1 where circuits_1.alt is not NULL group by circuits_1.alt, circuits_1.lat, circuits_1.lng, circuits_1.location, circuits_1.name limit 9);",NO,"ERREUR:  la colonne « circuits_1.circuitid » doit apparaître dans la clause GROUP BY ou doit être utilisé dans une fonction d'agrégat LIGNE 13 : circuits_1.circuitid            ^"
374,"-- meta {""num_joins"":0,""num_aggregates"":3,""has_union"":true,""has_intersect"":false,""has_negation"":false} (select min( races_1.round), races_1.date, count(*), races_1.name, races_1.raceid, races_1.round, max( races_1.date) , provsql.sr_why(provsql.provenance(), 'provmap') from races as races_1 where races_1.circuitid is not NULL group by races_1.date, races_1.name, races_1.raceid, races_1.round limit 42) UNION (select count(*), drivers_1.dob, max( drivers_1.driverid), drivers_1.nationality, drivers_1.driverid, drivers_1.driverid, min( drivers_1.dob) , provsql.sr_why(provsql.provenance(), 'provmap') from drivers as drivers_1 where drivers_1.forename is not NULL limit 3);",NO,"ERREUR:  la colonne « drivers_1.dob » doit apparaître dans la clause GROUP BY ou doit être utilisé dans une fonction d'agrégat LIGNE 19 : drivers_1.dob,            ^"
375,"-- meta {""num_joins"":0,""num_aggregates"":1,""has_union"":false,""has_intersect"":true,""has_negation"":false} (select constructor_results_1.constructorresultsid, constructor_results_1.constructorid, constructor_results_1.points, min( constructor_results_1.points), constructor_results_1.raceid, constructor_results_1.date , provsql.sr_why(provsql.provenance(), 'provmap') from constructor_results as constructor_results_1 where constructor_results_1.raceid is not NULL group by constructor_results_1.constructorid, constructor_results_1.constructorresultsid, constructor_results_1.date, constructor_results_1.points, constructor_results_1.raceid limit 4) INTERSECT (select circuits_1.circuitid, circuits_1.circuitid, circuits_1.lng, max( circuits_1.lat), circuits_1.circuitid, sum( circuits_1.alt) , provsql.sr_why(provsql.provenance(), 'provmap') from circuits as circuits_1 where circuits_1.location <= circuits_1.name limit 5);",NO,"ERREUR:  la colonne « circuits_1.circuitid » doit apparaître dans la clause GROUP BY ou doit être utilisé dans une fonction d'agrégat LIGNE 16 : circuits_1.circuitid,            ^"
376,"-- meta {""num_joins"":1,""num_aggregates"":0,""has_union"":false,""has_intersect"":false,""has_negation"":false} select standings_1.position, circuits_1.country, standings_1.raceid, circuits_1.lng , provsql.sr_why(provsql.provenance(), 'provmap') from circuits as circuits_1 inner join standings as standings_1 on (circuits_1.circuitid = standings_1.driverstandingsid ) where standings_1.driverid is not NULL limit 36;",YES,""
377,"-- meta {""num_joins"":2,""num_aggregates"":2,""has_union"":false,""has_intersect"":false,""has_negation"":true} (select standings_1.driverstandingsid, drivers_1.nationality, results_1.resultid, min( standings_1.driverstandingsid), drivers_1.code, results_1.positionorder, min( drivers_1.dob), results_1.raceid , provsql.sr_why(provsql.provenance(), 'provmap') from results as results_1 inner join drivers as drivers_1 on (results_1.resultid = drivers_1.driverid ) inner join standings as standings_1 on (drivers_1.driverid = standings_1.driverstandingsid ) where results_1.grid > standings_1.driverid group by drivers_1.code, drivers_1.nationality, results_1.positionorder, results_1.raceid, results_1.resultid, standings_1.driverstandingsid limit 27) EXCEPT (select qualifying_1.constructorid, count( qualifying_1.raceid), qualifying_1.position, max( qualifying_1.driverid), max( qualifying_1.date), min( qualifying_1.date), max( qualifying_1.date), qualifying_1.number , provsql.sr_why(provsql.provenance(), 'provmap') from qualifying as qualifying_1 where qualifying_1.date >= qualifying_1.date limit 18);",NO,"ERREUR:  la colonne « qualifying_1.constructorid » doit apparaître dans la clause GROUP BY ou doit être utilisé dans une fonction d'agrégat LIGNE 23 : qualifying_1.constructorid,            ^"
378,"-- meta {""num_joins"":0,""num_aggregates"":1,""has_union"":false,""has_intersect"":false,""has_negation"":false} select circuits_1.lng, circuits_1.alt, circuits_1.country, circuits_1.lat, circuits_1.location, min( circuits_1.circuitid) , provsql.sr_why(provsql.provenance(), 'provmap') from circuits as circuits_1 where circuits_1.country is not NULL group by circuits_1.alt, circuits_1.country, circuits_1.lat, circuits_1.lng, circuits_1.location limit 14;",YES,""
379,"-- meta {""num_joins"":0,""num_aggregates"":3,""has_union"":true,""has_intersect"":false,""has_negation"":false} (select drivers_1.forename, drivers_1.nationality , provsql.sr_why(provsql.provenance(), 'provmap') from drivers as drivers_1 where drivers_1.driverid >= drivers_1.driverid limit 3) UNION (select count( constructor_results_1.date), count(*) , provsql.sr_why(provsql.provenance(), 'provmap') from constructor_results as constructor_results_1 where constructor_results_1.date > constructor_results_1.date group by constructor_results_1.constructorid, constructor_results_1.constructorresultsid, constructor_results_1.date, constructor_results_1.points, constructor_results_1.raceid limit 41);",NO,"ERREUR:  les UNION types text et bigint ne peuvent pas correspondre LIGNE 10 : count(            ^"
380,"-- meta {""num_joins"":6,""num_aggregates"":2,""has_union"":true,""has_intersect"":false,""has_negation"":false} (select results_1.points, min( standings_1.date), constructor_results_1.points , provsql.sr_why(provsql.provenance(), 'provmap') from results as results_1 inner join circuits as circuits_1 inner join constructor_results as constructor_results_1 inner join standings as standings_1 on (constructor_results_1.constructorresultsid = standings_1.driverstandingsid ) on (circuits_1.circuitid = standings_1.driverstandingsid ) on (results_1.resultid = constructor_results_1.constructorresultsid ) where constructor_results_1.raceid is not NULL group by constructor_results_1.points, results_1.points limit 17) UNION (select max( results_3.milliseconds), min( races_1.date), results_2.position , provsql.sr_why(provsql.provenance(), 'provmap') from races as races_1 inner join constructors as constructors_1 inner join results as results_2 on (constructors_1.constructorid = results_2.resultid ) on (races_1.raceid = constructors_1.constructorid ) inner join results as results_3 on (races_1.raceid = results_3.resultid ) where results_2.raceid is not NULL group by constructors_1.nationality, results_2.fastestlap, results_3.laps limit 19);",NO,"ERREUR:  la colonne « results_2.position » doit apparaître dans la clause GROUP BY ou doit être utilisé dans une fonction d'agrégat LIGNE 23 : results_2.position            ^"
381,"-- meta {""num_joins"":0,""num_aggregates"":0,""has_union"":true,""has_intersect"":false,""has_negation"":false} (select qualifying_1.number, qualifying_1.constructorid , provsql.sr_why(provsql.provenance(), 'provmap') from qualifying as qualifying_1 where qualifying_1.raceid is not NULL limit 11) UNION (select circuits_1.circuitid, circuits_1.circuitid , provsql.sr_why(provsql.provenance(), 'provmap') from circuits as circuits_1 where circuits_1.circuitid is not NULL limit 25);",YES,""
382,"-- meta {""num_joins"":1,""num_aggregates"":2,""has_union"":false,""has_intersect"":true,""has_negation"":false} (select standings_2.driverstandingsid, standings_2.points , provsql.sr_why(provsql.provenance(), 'provmap') from standings as standings_1 inner join standings as standings_2 on (standings_1.driverstandingsid = standings_2.driverstandingsid ) where standings_1.position is not NULL limit 11) INTERSECT (select circuits_1.circuitid, circuits_1.lng , provsql.sr_why(provsql.provenance(), 'provmap') from circuits as circuits_1 where circuits_1.lat is not NULL group by circuits_1.alt, circuits_1.lng, circuits_1.name limit 21);",NO,"ERREUR:  la colonne « circuits_1.circuitid » doit apparaître dans la clause GROUP BY ou doit être utilisé dans une fonction d'agrégat LIGNE 12 : circuits_1.circuitid,            ^"
383,"-- meta {""num_joins"":0,""num_aggregates"":2,""has_union"":false,""has_intersect"":false,""has_negation"":true} (select count( circuits_1.lat), circuits_1.name, circuits_1.lng, circuits_1.alt , provsql.sr_why(provsql.provenance(), 'provmap') from circuits as circuits_1 where circuits_1.circuitref is not NULL group by circuits_1.alt, circuits_1.lng, circuits_1.name limit 11) EXCEPT (select min( constructor_standings_1.constructorstandingsid), max( constructor_standings_1.date), constructor_standings_1.points, count( constructor_standings_1.constructorstandingsid) , provsql.sr_why(provsql.provenance(), 'provmap') from constructor_standings as constructor_standings_1 where constructor_standings_1.constructorid is not NULL limit 11);",NO,"ERREUR:  la colonne « constructor_standings_1.points » doit apparaître dans la clause GROUP BY ou doit être utilisé dans une fonction d'agrégat LIGNE 18 : constructor_standings_1.points,            ^"
384,"-- meta {""num_joins"":0,""num_aggregates"":1,""has_union"":false,""has_intersect"":true,""has_negation"":false} (select circuits_1.circuitref, circuits_1.name, min( circuits_1.circuitid), circuits_1.country , provsql.sr_why(provsql.provenance(), 'provmap') from circuits as circuits_1 where circuits_1.alt is not NULL group by circuits_1.circuitref, circuits_1.country, circuits_1.name limit 25) INTERSECT (select min( constructor_results_1.points), sum( constructor_results_1.points), count(*), min( constructor_results_1.date) , provsql.sr_why(provsql.provenance(), 'provmap') from constructor_results as constructor_results_1 where constructor_results_1.date >= constructor_results_1.date limit 3);",NO,"ERREUR:  les INTERSECT types text et double precision ne peuvent pas correspondre LIGNE 14 : min(            ^"
385,"-- meta {""num_joins"":0,""num_aggregates"":1,""has_union"":true,""has_intersect"":false,""has_negation"":false} (select constructor_standings_1.wins, constructor_standings_1.position, constructor_standings_1.constructorid, constructor_standings_1.constructorstandingsid, constructor_standings_1.points, constructor_standings_1.date , provsql.sr_why(provsql.provenance(), 'provmap') from constructor_standings as constructor_standings_1 where constructor_standings_1.points >= constructor_standings_1.points limit 21) UNION (select drivers_1.driverid, drivers_1.driverid, drivers_1.driverid, drivers_1.driverid, max( drivers_1.driverid), drivers_1.dob , provsql.sr_why(provsql.provenance(), 'provmap') from drivers as drivers_1 where drivers_1.dob is not NULL group by drivers_1.forename, drivers_1.surname limit 1);",NO,"ERREUR:  la colonne « drivers_1.driverid » doit apparaître dans la clause GROUP BY ou doit être utilisé dans une fonction d'agrégat LIGNE 14 : drivers_1.driverid,            ^"
386,"-- meta {""num_joins"":1,""num_aggregates"":0,""has_union"":true,""has_intersect"":false,""has_negation"":false} (select standings_1.driverid, standings_1.position, qualifying_1.driverid, qualifying_1.date, standings_1.points, standings_1.driverstandingsid , provsql.sr_why(provsql.provenance(), 'provmap') from qualifying as qualifying_1 inner join standings as standings_1 on (qualifying_1.qualifyid = standings_1.driverstandingsid ) where qualifying_1.number > qualifying_1.constructorid limit 23) UNION (select circuits_1.circuitid, circuits_1.circuitid, circuits_1.circuitid, sum( circuits_1.circuitid), circuits_1.alt, circuits_1.circuitid , provsql.sr_why(provsql.provenance(), 'provmap') from circuits as circuits_1 where circuits_1.circuitid is not NULL limit 2);",NO,"ERREUR:  la colonne « circuits_1.circuitid » doit apparaître dans la clause GROUP BY ou doit être utilisé dans une fonction d'agrégat LIGNE 16 : circuits_1.circuitid,            ^"
387,"-- meta {""num_joins"":0,""num_aggregates"":3,""has_union"":true,""has_intersect"":false,""has_negation"":false} (select qualifying_1.number, count( qualifying_1.raceid), qualifying_1.position, max( qualifying_1.date), max( qualifying_1.date), qualifying_1.qualifyid , provsql.sr_why(provsql.provenance(), 'provmap') from qualifying as qualifying_1 where qualifying_1.driverid is not NULL group by qualifying_1.number, qualifying_1.position, qualifying_1.qualifyid limit 40) UNION (select count( drivers_1.forename), count( drivers_1.nationality), drivers_1.driverid, max( drivers_1.dob), min( drivers_1.dob), drivers_1.driverid , provsql.sr_why(provsql.provenance(), 'provmap') from drivers as drivers_1 where drivers_1.driverid is not NULL limit 24);",NO,"ERREUR:  la colonne « drivers_1.driverid » doit apparaître dans la clause GROUP BY ou doit être utilisé dans une fonction d'agrégat LIGNE 22 : drivers_1.driverid,            ^"
388,"-- meta {""num_joins"":2,""num_aggregates"":0,""has_union"":false,""has_intersect"":false,""has_negation"":true} (select standings_2.driverid, standings_2.driverstandingsid, standings_1.position, constructor_results_1.raceid, standings_1.raceid , provsql.sr_why(provsql.provenance(), 'provmap') from standings as standings_1 inner join standings as standings_2 inner join constructor_results as constructor_results_1 on (standings_2.driverstandingsid = constructor_results_1.constructorresultsid ) on (standings_1.driverstandingsid = standings_2.driverstandingsid ) where constructor_results_1.date < standings_2.date limit 33) EXCEPT (select sum( constructor_standings_1.points), constructor_standings_1.constructorid, constructor_standings_1.constructorid, constructor_standings_1.constructorstandingsid, constructor_standings_1.constructorstandingsid , provsql.sr_why(provsql.provenance(), 'provmap') from constructor_standings as constructor_standings_1 where constructor_standings_1.wins >= constructor_standings_1.position limit 25);",NO,"ERREUR:  la colonne « constructor_standings_1.constructorid » doit apparaître dans la clause GROUP BY ou doit être utilisé dans une fonction d'agrégat LIGNE 19 : constructor_standings_1.constructorid,            ^"
389,"-- meta {""num_joins"":4,""num_aggregates"":3,""has_union"":true,""has_intersect"":false,""has_negation"":false} (select results_1.position, avg( circuits_2.lat), results_1.raceid, circuits_2.location, circuits_3.lng, results_1.driverid, avg( results_1.number), circuits_1.location, circuits_2.lng, results_1.constructorid, circuits_2.alt, circuits_1.country, results_1.rank, circuits_2.name, results_1.points, circuits_1.circuitref, max( results_1.date) , provsql.sr_why(provsql.provenance(), 'provmap') from circuits as circuits_1 inner join circuits as circuits_2 on (circuits_1.circuitid = circuits_2.circuitid ) inner join circuits as circuits_3 on (circuits_2.circuitid = circuits_3.circuitid ) inner join results as results_1 on (circuits_1.circuitid = results_1.resultid ) where results_1.statusid is not NULL group by circuits_1.circuitref, circuits_1.country, circuits_1.location, circuits_2.alt, circuits_2.lng, circuits_2.location, circuits_2.name, circuits_3.lng, results_1.constructorid, results_1.driverid, results_1.points, results_1.position, results_1.raceid, results_1.rank limit 30) UNION (select constructor_standings_1.points, sum( constructor_standings_1.points), qualifying_1.driverid, min( qualifying_1.qualifyid), constructor_standings_1.points, qualifying_1.position, max( constructor_standings_1.points), max( qualifying_1.date), min( constructor_standings_1.constructorstandingsid), qualifying_1.driverid, sum( constructor_standings_1.raceid), sum( constructor_standings_1.points), min( qualifying_1.date), min( constructor_standings_1.points), min( qualifying_1.date), sum( constructor_standings_1.position), max( constructor_standings_1.date) , provsql.sr_why(provsql.provenance(), 'provmap') from constructor_standings as constructor_standings_1 inner join qualifying as qualifying_1 on (constructor_standings_1.constructorstandingsid = qualifying_1.qualifyid ) where qualifying_1.qualifyid is not NULL limit 38);",NO,"ERREUR:  la colonne « constructor_standings_1.points » doit apparaître dans la clause GROUP BY ou doit être utilisé dans une fonction d'agrégat LIGNE 35 : constructor_standings_1.points,            ^"
390,"-- meta {""num_joins"":4,""num_aggregates"":2,""has_union"":true,""has_intersect"":false,""has_negation"":false} (select constructor_standings_1.position, constructor_results_1.constructorresultsid, constructor_standings_1.wins, constructors_2.constructorref , provsql.sr_why(provsql.provenance(), 'provmap') from constructor_results as constructor_results_1 inner join constructors as constructors_1 inner join constructors as constructors_2 inner join constructor_standings as constructor_standings_1 on (constructors_2.constructorid = constructor_standings_1.constructorstandingsid ) on (constructors_1.constructorid = constructors_2.constructorid ) on (constructor_results_1.constructorresultsid = constructors_2.constructorid ) where constructors_1.name is not NULL limit 39) UNION (select standings_1.driverid, standings_2.driverstandingsid, standings_2.raceid, min( standings_2.date) , provsql.sr_why(provsql.provenance(), 'provmap') from standings as standings_1 inner join standings as standings_2 on (standings_1.driverstandingsid = standings_2.driverstandingsid ) where standings_2.driverid is not NULL group by standings_1.driverid, standings_1.driverstandingsid, standings_1.points, standings_1.raceid, standings_2.points limit 28);",NO,"ERREUR:  la colonne « standings_2.driverstandingsid » doit apparaître dans la clause GROUP BY ou doit être utilisé dans une fonction d'agrégat LIGNE 19 : standings_2.driverstandingsid,            ^"
391,"-- meta {""num_joins"":0,""num_aggregates"":0,""has_union"":false,""has_intersect"":false,""has_negation"":false} select results_1.position , provsql.sr_why(provsql.provenance(), 'provmap') from results as results_1 where results_1.rank is not NULL limit 18;",YES,""
392,"-- meta {""num_joins"":4,""num_aggregates"":2,""has_union"":true,""has_intersect"":false,""has_negation"":false} (select results_2.driverid, results_1.laps, results_2.resultid, avg( results_2.rank), results_1.points, max( results_1.date) , provsql.sr_why(provsql.provenance(), 'provmap') from results as results_1 inner join results as results_2 on (results_1.resultid = results_2.resultid ) where results_1.resultid is not NULL group by results_1.laps, results_1.points, results_2.driverid, results_2.resultid limit 13) UNION (select max( races_1.raceid), races_1.round, races_1.year, max( circuits_1.alt), circuits_1.lng, min( races_1.date) , provsql.sr_why(provsql.provenance(), 'provmap') from constructors as constructors_1 inner join constructors as constructors_2 inner join races as races_1 inner join circuits as circuits_1 on (races_1.raceid = circuits_1.circuitid ) on (constructors_2.constructorid = circuits_1.circuitid ) on (constructors_1.constructorid = constructors_2.constructorid ) where races_1.year is not NULL limit 38);",NO,"ERREUR:  la colonne « races_1.round » doit apparaître dans la clause GROUP BY ou doit être utilisé dans une fonction d'agrégat LIGNE 21 : races_1.round,            ^"
393,"-- meta {""num_joins"":0,""num_aggregates"":1,""has_union"":true,""has_intersect"":false,""has_negation"":false} (select qualifying_1.raceid, qualifying_1.position, qualifying_1.number, qualifying_1.date, qualifying_1.driverid , provsql.sr_why(provsql.provenance(), 'provmap') from qualifying as qualifying_1 where qualifying_1.date is not NULL limit 25) UNION (select standings_1.driverid, standings_1.wins, standings_1.position, min( standings_1.points), standings_1.raceid , provsql.sr_why(provsql.provenance(), 'provmap') from standings as standings_1 where standings_1.driverid is not NULL group by standings_1.driverid, standings_1.points, standings_1.raceid limit 39);",NO,"ERREUR:  la colonne « standings_1.wins » doit apparaître dans la clause GROUP BY ou doit être utilisé dans une fonction d'agrégat LIGNE 14 : standings_1.wins,            ^"
394,"-- meta {""num_joins"":0,""num_aggregates"":1,""has_union"":true,""has_intersect"":false,""has_negation"":false} (select standings_1.driverstandingsid, standings_1.wins, standings_1.driverid, standings_1.date, standings_1.position , provsql.sr_why(provsql.provenance(), 'provmap') from standings as standings_1 where standings_1.date is not NULL limit 23) UNION (select constructor_standings_1.constructorstandingsid, min( constructor_standings_1.position), max( constructor_standings_1.wins), constructor_standings_1.date, constructor_standings_1.constructorstandingsid , provsql.sr_why(provsql.provenance(), 'provmap') from constructor_standings as constructor_standings_1 where constructor_standings_1.constructorstandingsid is not NULL limit 22);",NO,"ERREUR:  la colonne « constructor_standings_1.constructorstandingsid » doit apparaître dans la clause GROUP BY ou doit être utilisé dans une fonction d'agrégat LIGNE 13 : constructor_standings_1.constructorstandingsid,            ^"
395,"-- meta {""num_joins"":0,""num_aggregates"":4,""has_union"":false,""has_intersect"":false,""has_negation"":false} select constructors_1.nationality, count( constructors_1.constructorref), max( constructors_1.constructorid), count( constructors_1.name), constructors_1.constructorref, constructors_1.name, min( constructors_1.constructorid) , provsql.sr_why(provsql.provenance(), 'provmap') from constructors as constructors_1 where constructors_1.name is not NULL group by constructors_1.constructorref, constructors_1.name, constructors_1.nationality limit 32;",YES,""
396,"-- meta {""num_joins"":2,""num_aggregates"":2,""has_union"":true,""has_intersect"":false,""has_negation"":false} (select drivers_1.driverid, drivers_1.forename, max( drivers_1.driverid), max( drivers_1.dob), drivers_1.dob, drivers_1.code , provsql.sr_why(provsql.provenance(), 'provmap') from drivers as drivers_1 where drivers_1.surname is not NULL group by drivers_1.code, drivers_1.dob, drivers_1.driverid, drivers_1.forename limit 36) UNION (select standings_1.wins, drivers_2.driverref, max( standings_1.driverstandingsid), min( drivers_2.dob), constructor_standings_1.date, drivers_2.forename , provsql.sr_why(provsql.provenance(), 'provmap') from standings as standings_1 inner join drivers as drivers_2 on (standings_1.driverstandingsid = drivers_2.driverid ) inner join constructor_standings as constructor_standings_1 on (standings_1.driverstandingsid = constructor_standings_1.constructorstandingsid ) where drivers_2.surname is not NULL limit 24);",NO,"ERREUR:  la colonne « standings_1.wins » doit apparaître dans la clause GROUP BY ou doit être utilisé dans une fonction d'agrégat LIGNE 17 : standings_1.wins,            ^"
397,"-- meta {""num_joins"":3,""num_aggregates"":4,""has_union"":false,""has_intersect"":false,""has_negation"":true} (select results_1.raceid, results_1.rank, min( results_1.date), races_1.round, min( results_1.raceid), results_1.statusid, sum( results_1.points), results_1.constructorid, races_1.date, results_1.laps, races_1.circuitid, races_1.raceid, results_1.fastestlap, results_1.number, results_1.grid, avg( results_1.milliseconds), results_1.positionorder , provsql.sr_why(provsql.provenance(), 'provmap') from races as races_1 inner join results as results_1 on (races_1.raceid = results_1.resultid ) where results_1.fastestlap > results_1.points group by races_1.circuitid, races_1.date, races_1.raceid, races_1.round, results_1.constructorid, results_1.fastestlap, results_1.grid, results_1.laps, results_1.number, results_1.positionorder, results_1.raceid, results_1.rank, results_1.statusid limit 5) EXCEPT (select results_2.constructorid, results_2.position, min( standings_1.date), results_2.laps, min( results_2.constructorid), results_2.driverid, min( circuits_1.lat), sum( circuits_1.lng), standings_1.date, min( results_2.date), count(*), standings_1.position, results_2.position, circuits_1.lat, max( results_2.points), min( circuits_1.alt), results_2.resultid , provsql.sr_why(provsql.provenance(), 'provmap') from standings as standings_1 inner join results as results_2 inner join circuits as circuits_1 on (results_2.resultid = circuits_1.circuitid ) on (standings_1.driverstandingsid = results_2.resultid ) where standings_1.position > results_2.positionorder limit 38);",NO,"ERREUR:  la colonne « results_2.constructorid » doit apparaître dans la clause GROUP BY ou doit être utilisé dans une fonction d'agrégat LIGNE 32 : results_2.constructorid,            ^"
398,"-- meta {""num_joins"":2,""num_aggregates"":1,""has_union"":true,""has_intersect"":false,""has_negation"":false} (select races_2.round , provsql.sr_why(provsql.provenance(), 'provmap') from qualifying as qualifying_1 inner join races as races_1 on (qualifying_1.qualifyid = races_1.raceid ) inner join races as races_2 on (qualifying_1.qualifyid = races_2.raceid ) where races_1.year is not NULL limit 39) UNION (select qualifying_2.constructorid , provsql.sr_why(provsql.provenance(), 'provmap') from qualifying as qualifying_2 where qualifying_2.qualifyid is not NULL group by qualifying_2.constructorid, qualifying_2.number, qualifying_2.qualifyid limit 16);",YES,""
399,"-- meta {""num_joins"":0,""num_aggregates"":0,""has_union"":false,""has_intersect"":false,""has_negation"":false} select results_1.fastestlap, results_1.positionorder , provsql.sr_why(provsql.provenance(), 'provmap') from results as results_1 where results_1.grid is not NULL limit 23;",YES,""
400,"-- meta {""num_joins"":2,""num_aggregates"":1,""has_union"":false,""has_intersect"":false,""has_negation"":true} (select max( constructors_1.constructorid) , provsql.sr_why(provsql.provenance(), 'provmap') from constructors as constructors_1 where constructors_1.nationality is not NULL limit 22) EXCEPT (select count(*) , provsql.sr_why(provsql.provenance(), 'provmap') from constructors as constructors_2 inner join races as races_1 inner join races as races_2 on (races_1.raceid = races_2.raceid ) on (constructors_2.constructorid = races_1.raceid ) where races_2.year is not NULL limit 8);",NO,"ERREUR:  variable not found in subplan target lists"
401,"-- meta {""num_joins"":1,""num_aggregates"":2,""has_union"":false,""has_intersect"":true,""has_negation"":false} (select races_1.date, races_1.raceid , provsql.sr_why(provsql.provenance(), 'provmap') from races as races_1 where races_1.date = races_1.date limit 40) INTERSECT (select races_2.date, results_1.resultid , provsql.sr_why(provsql.provenance(), 'provmap') from races as races_2 inner join results as results_1 on (races_2.raceid = results_1.resultid ) where results_1.date is not NULL limit 20);",NO,"ERREUR:  Set operations other than UNION and EXCEPT not supported by provsql"
402,"-- meta {""num_joins"":4,""num_aggregates"":1,""has_union"":false,""has_intersect"":true,""has_negation"":false} (select drivers_1.surname, drivers_1.driverref, count( drivers_1.forename) , provsql.sr_why(provsql.provenance(), 'provmap') from drivers as drivers_1 where drivers_1.nationality is not NULL group by drivers_1.driverref, drivers_1.surname limit 31) INTERSECT (select constructors_1.constructorref, constructors_2.nationality, min( constructor_results_1.raceid) , provsql.sr_why(provsql.provenance(), 'provmap') from constructor_results as constructor_results_1 inner join constructors as constructors_1 on (constructor_results_1.constructorresultsid = constructors_1.constructorid ) inner join standings as standings_1 inner join constructors as constructors_2 on (standings_1.driverstandingsid = constructors_2.constructorid ) inner join races as races_1 on (constructors_2.constructorid = races_1.raceid ) on (constructor_results_1.constructorresultsid = standings_1.driverstandingsid ) where standings_1.wins <= races_1.round limit 22);",NO,"ERREUR:  la colonne « constructors_1.constructorref » doit apparaître dans la clause GROUP BY ou doit être utilisé dans une fonction d'agrégat LIGNE 13 : constructors_1.constructorref,            ^"
403,"-- meta {""num_joins"":3,""num_aggregates"":4,""has_union"":true,""has_intersect"":false,""has_negation"":false} (select standings_1.driverstandingsid, standings_1.driverid, avg( standings_1.driverstandingsid), max( standings_1.points), standings_1.date , provsql.sr_why(provsql.provenance(), 'provmap') from standings as standings_1 where standings_1.wins is not NULL group by standings_1.date, standings_1.driverid, standings_1.driverstandingsid limit 14) UNION (select races_1.circuitid, results_1.grid, sum( constructor_results_1.constructorresultsid), max( results_1.fastestlap), results_1.date , provsql.sr_why(provsql.provenance(), 'provmap') from races as races_1 inner join constructor_results as constructor_results_1 inner join results as results_1 on (constructor_results_1.constructorresultsid = results_1.resultid ) on (races_1.raceid = results_1.resultid ) inner join standings as standings_2 on (results_1.resultid = standings_2.driverstandingsid ) where races_1.raceid is not NULL group by constructor_results_1.date, races_1.circuitid, results_1.driverid, results_1.position, standings_2.driverstandingsid limit 38);",NO,"ERREUR:  la colonne « results_1.grid » doit apparaître dans la clause GROUP BY ou doit être utilisé dans une fonction d'agrégat LIGNE 17 : results_1.grid,            ^"
404,"-- meta {""num_joins"":3,""num_aggregates"":0,""has_union"":false,""has_intersect"":false,""has_negation"":false} select races_1.name, constructors_1.name, constructors_1.nationality , provsql.sr_why(provsql.provenance(), 'provmap') from constructor_results as constructor_results_1 inner join races as races_1 inner join circuits as circuits_1 on (races_1.raceid = circuits_1.circuitid ) inner join constructors as constructors_1 on (circuits_1.circuitid = constructors_1.constructorid ) on (constructor_results_1.constructorresultsid = constructors_1.constructorid ) where circuits_1.location is not NULL limit 37;",YES,""
405,"-- meta {""num_joins"":2,""num_aggregates"":1,""has_union"":true,""has_intersect"":false,""has_negation"":false} (select avg( results_1.statusid), results_2.driverid, results_1.driverid, results_2.statusid , provsql.sr_why(provsql.provenance(), 'provmap') from results as results_1 inner join results as results_2 on (results_1.resultid = results_2.resultid ) inner join constructors as constructors_1 on (results_2.resultid = constructors_1.constructorid ) where results_1.statusid >= results_2.constructorid group by results_1.driverid, results_2.driverid, results_2.statusid limit 21) UNION (select sum( qualifying_1.constructorid), qualifying_1.constructorid, qualifying_1.number, qualifying_1.position , provsql.sr_why(provsql.provenance(), 'provmap') from qualifying as qualifying_1 where qualifying_1.number > qualifying_1.constructorid limit 29);",NO,"ERREUR:  la colonne « qualifying_1.constructorid » doit apparaître dans la clause GROUP BY ou doit être utilisé dans une fonction d'agrégat LIGNE 20 : qualifying_1.constructorid,            ^"
406,"-- meta {""num_joins"":1,""num_aggregates"":0,""has_union"":false,""has_intersect"":false,""has_negation"":true} (select qualifying_1.position, qualifying_1.driverid, qualifying_1.constructorid , provsql.sr_why(provsql.provenance(), 'provmap') from qualifying as qualifying_1 where qualifying_1.constructorid is not NULL limit 42) EXCEPT (select results_1.statusid, results_1.resultid, constructor_standings_1.raceid , provsql.sr_why(provsql.provenance(), 'provmap') from results as results_1 inner join constructor_standings as constructor_standings_1 on (results_1.resultid = constructor_standings_1.constructorstandingsid ) where results_1.milliseconds is not NULL limit 2);",YES,""
407,"-- meta {""num_joins"":0,""num_aggregates"":0,""has_union"":false,""has_intersect"":false,""has_negation"":true} (select qualifying_1.constructorid, qualifying_1.date, qualifying_1.driverid, qualifying_1.raceid , provsql.sr_why(provsql.provenance(), 'provmap') from qualifying as qualifying_1 where qualifying_1.position is not NULL limit 19) EXCEPT (select results_1.driverid, results_1.date, results_1.positionorder, results_1.positionorder , provsql.sr_why(provsql.provenance(), 'provmap') from results as results_1 where results_1.driverid is not NULL limit 23);",YES,""
408,"-- meta {""num_joins"":0,""num_aggregates"":0,""has_union"":false,""has_intersect"":true,""has_negation"":false} (select standings_1.position, standings_1.points , provsql.sr_why(provsql.provenance(), 'provmap') from standings as standings_1 where standings_1.position is not NULL limit 36) INTERSECT (select constructors_1.constructorid, count( constructors_1.constructorref) , provsql.sr_why(provsql.provenance(), 'provmap') from constructors as constructors_1 where constructors_1.name is not NULL limit 23);",NO,"ERREUR:  la colonne « constructors_1.constructorid » doit apparaître dans la clause GROUP BY ou doit être utilisé dans une fonction d'agrégat LIGNE 10 : constructors_1.constructorid,            ^"
409,"-- meta {""num_joins"":0,""num_aggregates"":0,""has_union"":false,""has_intersect"":true,""has_negation"":false} (select drivers_1.driverref, drivers_1.forename , provsql.sr_why(provsql.provenance(), 'provmap') from drivers as drivers_1 where drivers_1.driverref is not NULL limit 7) INTERSECT (select max( qualifying_1.date), sum( qualifying_1.number) , provsql.sr_why(provsql.provenance(), 'provmap') from qualifying as qualifying_1 where qualifying_1.number is not NULL limit 20);",NO,"ERREUR:  les INTERSECT types text et timestamp without time zone ne peuvent pas correspondre LIGNE 10 : max(            ^"
410,"-- meta {""num_joins"":1,""num_aggregates"":3,""has_union"":true,""has_intersect"":false,""has_negation"":false} (select standings_1.driverid, max( standings_1.date) , provsql.sr_why(provsql.provenance(), 'provmap') from standings as standings_1 where standings_1.points is not NULL group by standings_1.driverid limit 6) UNION (select qualifying_1.position, max( qualifying_1.date) , provsql.sr_why(provsql.provenance(), 'provmap') from constructor_results as constructor_results_1 inner join qualifying as qualifying_1 on (constructor_results_1.constructorresultsid = qualifying_1.qualifyid ) where constructor_results_1.date is not NULL group by constructor_results_1.constructorid, constructor_results_1.constructorresultsid, constructor_results_1.points, qualifying_1.driverid, qualifying_1.position, qualifying_1.qualifyid limit 3);",NO,"ERREUR:  UNION/INTERSECT/EXCEPT n'a pas pu convertir le type provsql.agg_token en timestamp without time zone"
411,"-- meta {""num_joins"":2,""num_aggregates"":0,""has_union"":false,""has_intersect"":false,""has_negation"":false} select races_2.raceid , provsql.sr_why(provsql.provenance(), 'provmap') from races as races_1 inner join races as races_2 on (races_1.raceid = races_2.raceid ) inner join drivers as drivers_1 on (races_2.raceid = drivers_1.driverid ) where drivers_1.code is not NULL limit 25;",YES,""
412,"-- meta {""num_joins"":4,""num_aggregates"":1,""has_union"":true,""has_intersect"":false,""has_negation"":false} (select circuits_1.lat , provsql.sr_why(provsql.provenance(), 'provmap') from qualifying as qualifying_1 inner join standings as standings_1 on (qualifying_1.qualifyid = standings_1.driverstandingsid ) inner join circuits as circuits_1 inner join qualifying as qualifying_2 on (circuits_1.circuitid = qualifying_2.qualifyid ) on (standings_1.driverstandingsid = qualifying_2.qualifyid ) where qualifying_1.date = qualifying_2.date limit 26) UNION (select results_1.position , provsql.sr_why(provsql.provenance(), 'provmap') from constructor_standings as constructor_standings_1 inner join results as results_1 on (constructor_standings_1.constructorstandingsid = results_1.resultid ) where results_1.rank > results_1.fastestlap group by constructor_standings_1.constructorid, constructor_standings_1.points, results_1.constructorid, results_1.milliseconds limit 9);",NO,"ERREUR:  la colonne « results_1.position » doit apparaître dans la clause GROUP BY ou doit être utilisé dans une fonction d'agrégat LIGNE 15 : results_1.position            ^"
413,"-- meta {""num_joins"":0,""num_aggregates"":2,""has_union"":false,""has_intersect"":false,""has_negation"":false} select constructor_standings_1.position, constructor_standings_1.constructorid, constructor_standings_1.date, constructor_standings_1.constructorstandingsid, count(*), constructor_standings_1.points, constructor_standings_1.wins, avg( constructor_standings_1.points), constructor_standings_1.raceid , provsql.sr_why(provsql.provenance(), 'provmap') from constructor_standings as constructor_standings_1 where constructor_standings_1.points < constructor_standings_1.points group by constructor_standings_1.constructorid, constructor_standings_1.constructorstandingsid, constructor_standings_1.date, constructor_standings_1.points, constructor_standings_1.position, constructor_standings_1.raceid, constructor_standings_1.wins limit 10;",YES,""
414,"-- meta {""num_joins"":4,""num_aggregates"":0,""has_union"":false,""has_intersect"":true,""has_negation"":false} (select qualifying_1.date, qualifying_1.number, qualifying_1.qualifyid , provsql.sr_why(provsql.provenance(), 'provmap') from qualifying as qualifying_1 inner join constructor_standings as constructor_standings_1 on (qualifying_1.qualifyid = constructor_standings_1.constructorstandingsid ) inner join drivers as drivers_1 on (constructor_standings_1.constructorstandingsid = drivers_1.driverid ) where constructor_standings_1.points >= constructor_standings_1.points limit 22) INTERSECT (select results_1.date, results_1.driverid, results_1.statusid , provsql.sr_why(provsql.provenance(), 'provmap') from drivers as drivers_2 inner join results as results_1 inner join constructors as constructors_1 on (results_1.resultid = constructors_1.constructorid ) on (drivers_2.driverid = constructors_1.constructorid ) where drivers_2.surname is not NULL limit 14);",NO,"ERREUR:  Set operations other than UNION and EXCEPT not supported by provsql"
415,"-- meta {""num_joins"":0,""num_aggregates"":1,""has_union"":false,""has_intersect"":false,""has_negation"":false} select circuits_1.circuitref, circuits_1.location, avg( circuits_1.circuitid), circuits_1.circuitid , provsql.sr_why(provsql.provenance(), 'provmap') from circuits as circuits_1 where circuits_1.circuitid = circuits_1.circuitid group by circuits_1.circuitid, circuits_1.circuitref, circuits_1.location limit 31;",YES,""
416,"-- meta {""num_joins"":0,""num_aggregates"":1,""has_union"":false,""has_intersect"":true,""has_negation"":false} (select qualifying_1.driverid , provsql.sr_why(provsql.provenance(), 'provmap') from qualifying as qualifying_1 where qualifying_1.number is not NULL limit 5) INTERSECT (select constructors_1.constructorid , provsql.sr_why(provsql.provenance(), 'provmap') from constructors as constructors_1 where constructors_1.constructorid is not NULL group by constructors_1.constructorid, constructors_1.constructorref, constructors_1.name, constructors_1.nationality limit 13);",NO,"ERREUR:  Set operations other than UNION and EXCEPT not supported by provsql"
417,"-- meta {""num_joins"":7,""num_aggregates"":6,""has_union"":true,""has_intersect"":false,""has_negation"":false} (select sum( constructor_standings_1.constructorid), circuits_1.circuitref, standings_1.raceid , provsql.sr_why(provsql.provenance(), 'provmap') from circuits as circuits_1 inner join qualifying as qualifying_1 inner join standings as standings_1 on (qualifying_1.qualifyid = standings_1.driverstandingsid ) inner join constructor_standings as constructor_standings_1 on (qualifying_1.qualifyid = constructor_standings_1.constructorstandingsid ) on (circuits_1.circuitid = constructor_standings_1.constructorstandingsid ) inner join circuits as circuits_2 inner join standings as standings_2 on (circuits_2.circuitid = standings_2.driverstandingsid ) on (constructor_standings_1.constructorstandingsid = standings_2.driverstandingsid ) where circuits_2.location is not NULL group by circuits_1.circuitref, standings_1.raceid limit 32) UNION (select avg( drivers_1.driverid), circuits_3.location, qualifying_2.constructorid , provsql.sr_why(provsql.provenance(), 'provmap') from drivers as drivers_1 inner join qualifying as qualifying_2 inner join circuits as circuits_3 on (qualifying_2.qualifyid = circuits_3.circuitid ) on (drivers_1.driverid = qualifying_2.qualifyid ) where drivers_1.code > drivers_1.driverref group by circuits_3.circuitid, circuits_3.lng, circuits_3.name, drivers_1.code, drivers_1.dob, drivers_1.forename, drivers_1.nationality, qualifying_2.date, qualifying_2.number, qualifying_2.raceid limit 2);",NO,"ERREUR:  la colonne « qualifying_2.constructorid » doit apparaître dans la clause GROUP BY ou doit être utilisé dans une fonction d'agrégat LIGNE 26 : qualifying_2.constructorid            ^"
418,"-- meta {""num_joins"":3,""num_aggregates"":2,""has_union"":false,""has_intersect"":false,""has_negation"":true} (select results_1.statusid, count( constructors_1.nationality) , provsql.sr_why(provsql.provenance(), 'provmap') from results as results_1 inner join constructors as constructors_1 on (results_1.resultid = constructors_1.constructorid ) where constructors_1.name >= constructors_1.nationality group by results_1.statusid limit 17) EXCEPT (select avg( standings_1.points), max( standings_1.position) , provsql.sr_why(provsql.provenance(), 'provmap') from drivers as drivers_1 inner join constructor_standings as constructor_standings_1 inner join standings as standings_1 on (constructor_standings_1.constructorstandingsid = standings_1.driverstandingsid ) on (drivers_1.driverid = constructor_standings_1.constructorstandingsid ) where drivers_1.nationality = drivers_1.code group by constructor_standings_1.constructorid, constructor_standings_1.position, constructor_standings_1.wins, drivers_1.code, drivers_1.dob, drivers_1.driverid, standings_1.date, standings_1.points, standings_1.position limit 42);",NO,"ERREUR:  l'attribut 1 de type record a un mauvais type DÉTAIL : La table a le type bigint alors que la requête attend double precision."
419,"-- meta {""num_joins"":0,""num_aggregates"":2,""has_union"":false,""has_intersect"":false,""has_negation"":true} (select circuits_1.circuitref, avg( circuits_1.alt) , provsql.sr_why(provsql.provenance(), 'provmap') from circuits as circuits_1 where circuits_1.name is not NULL group by circuits_1.circuitref limit 34) EXCEPT (select min( constructor_standings_1.date), min( constructor_standings_1.points) , provsql.sr_why(provsql.provenance(), 'provmap') from constructor_standings as constructor_standings_1 where constructor_standings_1.constructorid is not NULL group by constructor_standings_1.constructorid, constructor_standings_1.constructorstandingsid, constructor_standings_1.points limit 14);",NO,"ERREUR:  les EXCEPT types text et timestamp without time zone ne peuvent pas correspondre LIGNE 12 : min(            ^"
420,"-- meta {""num_joins"":1,""num_aggregates"":2,""has_union"":false,""has_intersect"":false,""has_negation"":true} (select max( qualifying_1.date) , provsql.sr_why(provsql.provenance(), 'provmap') from qualifying as qualifying_1 where qualifying_1.qualifyid is not NULL limit 40) EXCEPT (select max( drivers_1.dob) , provsql.sr_why(provsql.provenance(), 'provmap') from drivers as drivers_1 inner join constructor_results as constructor_results_1 on (drivers_1.driverid = constructor_results_1.constructorresultsid ) where constructor_results_1.constructorresultsid is not NULL limit 42);",NO,"ERREUR:  variable not found in subplan target lists"
421,"-- meta {""num_joins"":0,""num_aggregates"":0,""has_union"":false,""has_intersect"":false,""has_negation"":true} (select constructors_1.nationality, constructors_1.constructorref , provsql.sr_why(provsql.provenance(), 'provmap') from constructors as constructors_1 where constructors_1.nationality is not NULL limit 19) EXCEPT (select sum( results_1.points), avg( results_1.rank) , provsql.sr_why(provsql.provenance(), 'provmap') from results as results_1 where results_1.date <= results_1.date limit 4);",NO,"ERREUR:  les EXCEPT types text et double precision ne peuvent pas correspondre LIGNE 10 : sum(            ^"
422,"-- meta {""num_joins"":0,""num_aggregates"":4,""has_union"":false,""has_intersect"":false,""has_negation"":true} (select races_1.circuitid , provsql.sr_why(provsql.provenance(), 'provmap') from races as races_1 where races_1.year is not NULL limit 4) EXCEPT (select qualifying_1.constructorid , provsql.sr_why(provsql.provenance(), 'provmap') from qualifying as qualifying_1 where qualifying_1.date is not NULL group by qualifying_1.constructorid, qualifying_1.date, qualifying_1.driverid, qualifying_1.number, qualifying_1.position, qualifying_1.qualifyid, qualifying_1.raceid limit 10);",YES,""
423,"-- meta {""num_joins"":0,""num_aggregates"":2,""has_union"":true,""has_intersect"":false,""has_negation"":false} (select constructor_standings_1.date, constructor_standings_1.constructorstandingsid, constructor_standings_1.constructorid, sum( constructor_standings_1.raceid), min( constructor_standings_1.points), constructor_standings_1.position , provsql.sr_why(provsql.provenance(), 'provmap') from constructor_standings as constructor_standings_1 where constructor_standings_1.constructorid is not NULL group by constructor_standings_1.constructorid, constructor_standings_1.constructorstandingsid, constructor_standings_1.date, constructor_standings_1.position limit 12) UNION (select sum( constructor_standings_2.position), constructor_standings_2.constructorid, constructor_standings_2.constructorid, avg( constructor_standings_2.raceid), min( constructor_standings_2.points), constructor_standings_2.raceid , provsql.sr_why(provsql.provenance(), 'provmap') from constructor_standings as constructor_standings_2 where constructor_standings_2.points < constructor_standings_2.points limit 38);",NO,"ERREUR:  la colonne « constructor_standings_2.constructorid » doit apparaître dans la clause GROUP BY ou doit être utilisé dans une fonction d'agrégat LIGNE 19 : constructor_standings_2.constructorid,            ^"
424,"-- meta {""num_joins"":2,""num_aggregates"":2,""has_union"":true,""has_intersect"":false,""has_negation"":false} (select races_2.time, avg( constructor_standings_1.points), avg( races_2.year), races_2.year, races_2.raceid, races_1.time, races_1.date, races_1.round, constructor_standings_1.position, races_2.round, races_1.year , provsql.sr_why(provsql.provenance(), 'provmap') from constructor_standings as constructor_standings_1 inner join races as races_1 inner join races as races_2 on (races_1.raceid = races_2.raceid ) on (constructor_standings_1.constructorstandingsid = races_2.raceid ) where constructor_standings_1.constructorstandingsid is not NULL group by constructor_standings_1.position, races_1.date, races_1.round, races_1.time, races_1.year, races_2.raceid, races_2.round, races_2.time, races_2.year limit 34) UNION (select sum( constructor_standings_2.points), min( constructor_standings_2.points), sum( constructor_standings_2.wins), constructor_standings_2.raceid, sum( constructor_standings_2.points), min( constructor_standings_2.raceid), constructor_standings_2.date, constructor_standings_2.constructorid, constructor_standings_2.constructorstandingsid, constructor_standings_2.constructorstandingsid, constructor_standings_2.constructorid , provsql.sr_why(provsql.provenance(), 'provmap') from constructor_standings as constructor_standings_2 where constructor_standings_2.position is not NULL limit 20);",NO,"ERREUR:  la colonne « constructor_standings_2.raceid » doit apparaître dans la clause GROUP BY ou doit être utilisé dans une fonction d'agrégat LIGNE 32 : constructor_standings_2.raceid,            ^"
425,"-- meta {""num_joins"":1,""num_aggregates"":0,""has_union"":true,""has_intersect"":false,""has_negation"":false} (select qualifying_1.position , provsql.sr_why(provsql.provenance(), 'provmap') from qualifying as qualifying_1 where qualifying_1.constructorid is not NULL limit 35) UNION (select results_1.positionorder , provsql.sr_why(provsql.provenance(), 'provmap') from constructor_results as constructor_results_1 inner join results as results_1 on (constructor_results_1.constructorresultsid = results_1.resultid ) where constructor_results_1.points is not NULL limit 41);",YES,""
426,"-- meta {""num_joins"":2,""num_aggregates"":1,""has_union"":false,""has_intersect"":false,""has_negation"":false} select max( races_1.date), results_1.driverid, races_2.round , provsql.sr_why(provsql.provenance(), 'provmap') from results as results_1 inner join races as races_1 on (results_1.resultid = races_1.raceid ) inner join races as races_2 on (results_1.resultid = races_2.raceid ) where results_1.date = races_2.date group by races_2.round, results_1.driverid limit 36;",YES,""
427,"-- meta {""num_joins"":0,""num_aggregates"":1,""has_union"":true,""has_intersect"":false,""has_negation"":false} (select standings_1.wins, standings_1.driverstandingsid, standings_1.driverid , provsql.sr_why(provsql.provenance(), 'provmap') from standings as standings_1 where standings_1.driverid = standings_1.driverstandingsid limit 16) UNION (select drivers_1.driverid, count( drivers_1.driverid), drivers_1.driverid , provsql.sr_why(provsql.provenance(), 'provmap') from drivers as drivers_1 where drivers_1.surname is not NULL group by drivers_1.driverref, drivers_1.forename, drivers_1.nationality limit 40);",NO,"ERREUR:  la colonne « drivers_1.driverid » doit apparaître dans la clause GROUP BY ou doit être utilisé dans une fonction d'agrégat LIGNE 11 : drivers_1.driverid,            ^"
428,"-- meta {""num_joins"":0,""num_aggregates"":3,""has_union"":true,""has_intersect"":false,""has_negation"":false} (select constructor_results_1.raceid, constructor_results_1.date , provsql.sr_why(provsql.provenance(), 'provmap') from constructor_results as constructor_results_1 where constructor_results_1.raceid <= constructor_results_1.constructorid limit 35) UNION (select sum( constructor_standings_1.points), constructor_standings_1.date , provsql.sr_why(provsql.provenance(), 'provmap') from constructor_standings as constructor_standings_1 where constructor_standings_1.wins is not NULL group by constructor_standings_1.constructorid, constructor_standings_1.constructorstandingsid, constructor_standings_1.points limit 31);",NO,"ERREUR:  UNION/INTERSECT/EXCEPT n'a pas pu convertir le type provsql.agg_token en double precision"
429,"-- meta {""num_joins"":2,""num_aggregates"":0,""has_union"":false,""has_intersect"":true,""has_negation"":false} (select races_1.date, races_1.name, races_1.round, races_1.time , provsql.sr_why(provsql.provenance(), 'provmap') from races as races_1 where races_1.round is not NULL limit 11) INTERSECT (select drivers_1.dob, drivers_1.code, races_2.round, drivers_1.surname , provsql.sr_why(provsql.provenance(), 'provmap') from standings as standings_1 inner join races as races_2 on (standings_1.driverstandingsid = races_2.raceid ) inner join drivers as drivers_1 on (races_2.raceid = drivers_1.driverid ) where drivers_1.code <= races_2.time limit 38);",NO,"ERREUR:  Set operations other than UNION and EXCEPT not supported by provsql"
430,"-- meta {""num_joins"":0,""num_aggregates"":1,""has_union"":false,""has_intersect"":false,""has_negation"":true} (select constructor_results_1.points, constructor_results_1.constructorid, max( constructor_results_1.constructorid), constructor_results_1.constructorresultsid, constructor_results_1.date , provsql.sr_why(provsql.provenance(), 'provmap') from constructor_results as constructor_results_1 where constructor_results_1.constructorresultsid < constructor_results_1.raceid group by constructor_results_1.constructorid, constructor_results_1.constructorresultsid, constructor_results_1.date, constructor_results_1.points limit 32) EXCEPT (select results_1.position, min( results_1.positionorder), min( results_1.statusid), results_1.driverid, results_1.date , provsql.sr_why(provsql.provenance(), 'provmap') from results as results_1 where results_1.date > results_1.date limit 38);",NO,"ERREUR:  la colonne « results_1.position » doit apparaître dans la clause GROUP BY ou doit être utilisé dans une fonction d'agrégat LIGNE 15 : results_1.position,            ^"
431,"-- meta {""num_joins"":0,""num_aggregates"":3,""has_union"":false,""has_intersect"":true,""has_negation"":false} (select count( standings_1.date) , provsql.sr_why(provsql.provenance(), 'provmap') from standings as standings_1 where standings_1.raceid is not NULL limit 21) INTERSECT (select count( constructor_results_1.points) , provsql.sr_why(provsql.provenance(), 'provmap') from constructor_results as constructor_results_1 where constructor_results_1.points is not NULL group by constructor_results_1.constructorid, constructor_results_1.date, constructor_results_1.points, constructor_results_1.raceid limit 39);",NO,"ERREUR:  Set operations other than UNION and EXCEPT not supported by provsql"
432,"-- meta {""num_joins"":1,""num_aggregates"":1,""has_union"":false,""has_intersect"":true,""has_negation"":false} (select constructor_standings_1.date , provsql.sr_why(provsql.provenance(), 'provmap') from constructor_standings as constructor_standings_1 inner join drivers as drivers_1 on (constructor_standings_1.constructorstandingsid = drivers_1.driverid ) where drivers_1.code is not NULL limit 32) INTERSECT (select drivers_2.dob , provsql.sr_why(provsql.provenance(), 'provmap') from drivers as drivers_2 where drivers_2.dob = drivers_2.dob group by drivers_2.driverref, drivers_2.forename limit 8);",NO,"ERREUR:  la colonne « drivers_2.dob » doit apparaître dans la clause GROUP BY ou doit être utilisé dans une fonction d'agrégat LIGNE 11 : drivers_2.dob            ^"
433,"-- meta {""num_joins"":1,""num_aggregates"":1,""has_union"":true,""has_intersect"":false,""has_negation"":false} (select constructors_1.nationality, drivers_1.forename, constructors_1.constructorid, drivers_1.code , provsql.sr_why(provsql.provenance(), 'provmap') from constructors as constructors_1 inner join drivers as drivers_1 on (constructors_1.constructorid = drivers_1.driverid ) where constructors_1.nationality is not NULL limit 4) UNION (select constructors_2.name, count( constructors_2.name), constructors_2.constructorid, constructors_2.name , provsql.sr_why(provsql.provenance(), 'provmap') from constructors as constructors_2 where constructors_2.nationality is not NULL group by constructors_2.constructorid, constructors_2.constructorref, constructors_2.name, constructors_2.nationality limit 18);",NO,"ERREUR:  les UNION types text et bigint ne peuvent pas correspondre LIGNE 15 : count(            ^"
434,"-- meta {""num_joins"":1,""num_aggregates"":3,""has_union"":true,""has_intersect"":false,""has_negation"":false} (select standings_1.driverstandingsid, max( standings_1.date) , provsql.sr_why(provsql.provenance(), 'provmap') from standings as standings_1 where standings_1.date >= standings_1.date group by standings_1.driverstandingsid limit 24) UNION (select constructor_standings_1.position, max( constructor_standings_1.date) , provsql.sr_why(provsql.provenance(), 'provmap') from constructor_standings as constructor_standings_1 inner join constructors as constructors_1 on (constructor_standings_1.constructorstandingsid = constructors_1.constructorid ) where constructor_standings_1.date > constructor_standings_1.date group by constructor_standings_1.position, constructor_standings_1.raceid, constructor_standings_1.wins, constructors_1.constructorref, constructors_1.name, constructors_1.nationality limit 27);",NO,"ERREUR:  UNION/INTERSECT/EXCEPT n'a pas pu convertir le type provsql.agg_token en timestamp without time zone"
435,"-- meta {""num_joins"":3,""num_aggregates"":0,""has_union"":false,""has_intersect"":false,""has_negation"":true} (select results_1.resultid, standings_1.driverid, standings_1.points , provsql.sr_why(provsql.provenance(), 'provmap') from results as results_1 inner join standings as standings_1 inner join races as races_1 on (standings_1.driverstandingsid = races_1.raceid ) on (results_1.resultid = races_1.raceid ) where results_1.grid is not NULL limit 8) EXCEPT (select races_2.year, races_2.round, standings_2.points , provsql.sr_why(provsql.provenance(), 'provmap') from races as races_2 inner join standings as standings_2 on (races_2.raceid = standings_2.driverstandingsid ) where races_2.round is not NULL limit 12);",YES,""
436,"-- meta {""num_joins"":1,""num_aggregates"":2,""has_union"":false,""has_intersect"":true,""has_negation"":false} (select constructor_standings_1.position, min( constructor_standings_1.date) , provsql.sr_why(provsql.provenance(), 'provmap') from qualifying as qualifying_1 inner join constructor_standings as constructor_standings_1 on (qualifying_1.qualifyid = constructor_standings_1.constructorstandingsid ) where constructor_standings_1.position is not NULL group by constructor_standings_1.position limit 16) INTERSECT (select qualifying_2.driverid, max( qualifying_2.date) , provsql.sr_why(provsql.provenance(), 'provmap') from qualifying as qualifying_2 where qualifying_2.driverid is not NULL group by qualifying_2.date, qualifying_2.driverid, qualifying_2.number, qualifying_2.position limit 6);",NO,"ERREUR:  Set operations other than UNION and EXCEPT not supported by provsql"
437,"-- meta {""num_joins"":0,""num_aggregates"":2,""has_union"":true,""has_intersect"":false,""has_negation"":false} (select drivers_1.driverid , provsql.sr_why(provsql.provenance(), 'provmap') from drivers as drivers_1 where drivers_1.nationality is not NULL limit 19) UNION (select races_1.circuitid , provsql.sr_why(provsql.provenance(), 'provmap') from races as races_1 where races_1.raceid is not NULL group by races_1.circuitid limit 26);",YES,""
438,"-- meta {""num_joins"":0,""num_aggregates"":0,""has_union"":true,""has_intersect"":false,""has_negation"":false} (select qualifying_1.date , provsql.sr_why(provsql.provenance(), 'provmap') from qualifying as qualifying_1 where qualifying_1.driverid is not NULL limit 19) UNION (select sum( constructor_results_1.raceid) , provsql.sr_why(provsql.provenance(), 'provmap') from constructor_results as constructor_results_1 where constructor_results_1.raceid is not NULL limit 16);",NO,"ERREUR:  les UNION types timestamp without time zone et numeric ne peuvent pas correspondre LIGNE 9 : sum(           ^"
439,"-- meta {""num_joins"":1,""num_aggregates"":4,""has_union"":false,""has_intersect"":false,""has_negation"":true} (select qualifying_1.driverid, qualifying_1.number, qualifying_1.constructorid, qualifying_1.position, min( qualifying_1.position), qualifying_1.qualifyid, count( qualifying_1.driverid), min( qualifying_1.position) , provsql.sr_why(provsql.provenance(), 'provmap') from qualifying as qualifying_1 where qualifying_1.date >= qualifying_1.date group by qualifying_1.constructorid, qualifying_1.driverid, qualifying_1.number, qualifying_1.position, qualifying_1.qualifyid limit 25) EXCEPT (select constructor_results_1.raceid, min( constructor_standings_1.date), constructor_results_1.constructorid, constructor_standings_1.position, count( constructor_standings_1.points), count(*), count(*), max( constructor_standings_1.constructorid) , provsql.sr_why(provsql.provenance(), 'provmap') from constructor_results as constructor_results_1 inner join constructor_standings as constructor_standings_1 on (constructor_results_1.constructorresultsid = constructor_standings_1.constructorstandingsid ) where constructor_standings_1.points = constructor_results_1.points limit 17);",NO,"ERREUR:  la colonne « constructor_results_1.raceid » doit apparaître dans la clause GROUP BY ou doit être utilisé dans une fonction d'agrégat LIGNE 20 : constructor_results_1.raceid,            ^"
440,"-- meta {""num_joins"":1,""num_aggregates"":0,""has_union"":false,""has_intersect"":false,""has_negation"":true} (select results_1.fastestlap , provsql.sr_why(provsql.provenance(), 'provmap') from races as races_1 inner join results as results_1 on (races_1.raceid = results_1.resultid ) where races_1.time < races_1.name limit 5) EXCEPT (select count(*) , provsql.sr_why(provsql.provenance(), 'provmap') from constructors as constructors_1 where constructors_1.nationality is not NULL limit 19);",NO,"ERREUR:  l'attribut 1 de type record a un mauvais type DÉTAIL : La table a le type provsql.agg_token alors que la requête attend double precision."
441,"-- meta {""num_joins"":6,""num_aggregates"":0,""has_union"":false,""has_intersect"":false,""has_negation"":true} (select constructor_standings_1.position, constructor_standings_1.wins, constructor_standings_1.constructorstandingsid, constructor_standings_1.constructorid, constructor_standings_1.raceid , provsql.sr_why(provsql.provenance(), 'provmap') from constructor_standings as constructor_standings_1 where constructor_standings_1.constructorid is not NULL limit 20) EXCEPT (select standings_2.driverid, qualifying_1.number, standings_2.wins, races_1.year, count( qualifying_1.position) , provsql.sr_why(provsql.provenance(), 'provmap') from qualifying as qualifying_1 inner join constructors as constructors_1 on (qualifying_1.qualifyid = constructors_1.constructorid ) inner join races as races_1 inner join constructor_results as constructor_results_1 on (races_1.raceid = constructor_results_1.constructorresultsid ) on (constructors_1.constructorid = constructor_results_1.constructorresultsid ) inner join standings as standings_1 inner join standings as standings_2 inner join constructor_standings as constructor_standings_2 on (standings_2.driverstandingsid = constructor_standings_2.constructorstandingsid ) on (standings_1.driverstandingsid = standings_2.driverstandingsid ) on (constructors_1.constructorid = standings_1.driverstandingsid ) where constructor_standings_2.raceid is not NULL limit 16);",NO,"ERREUR:  la colonne « standings_2.driverid » doit apparaître dans la clause GROUP BY ou doit être utilisé dans une fonction d'agrégat LIGNE 13 : standings_2.driverid,            ^"
442,"-- meta {""num_joins"":0,""num_aggregates"":0,""has_union"":false,""has_intersect"":false,""has_negation"":false} select standings_1.position , provsql.sr_why(provsql.provenance(), 'provmap') from standings as standings_1 where standings_1.raceid is not NULL limit 2;",YES,""
443,"-- meta {""num_joins"":0,""num_aggregates"":1,""has_union"":false,""has_intersect"":false,""has_negation"":false} select qualifying_1.qualifyid, avg( qualifying_1.driverid), qualifying_1.constructorid, qualifying_1.number , provsql.sr_why(provsql.provenance(), 'provmap') from qualifying as qualifying_1 where qualifying_1.number is not NULL group by qualifying_1.constructorid, qualifying_1.number, qualifying_1.qualifyid limit 32;",YES,""
444,"-- meta {""num_joins"":2,""num_aggregates"":2,""has_union"":false,""has_intersect"":false,""has_negation"":true} (select races_1.name, races_1.circuitid, races_1.round, races_1.year, races_1.date , provsql.sr_why(provsql.provenance(), 'provmap') from races as races_1 where races_1.name is not NULL limit 25) EXCEPT (select constructors_1.constructorref, standings_1.wins, constructors_2.constructorid, constructors_2.constructorid, standings_1.date , provsql.sr_why(provsql.provenance(), 'provmap') from constructors as constructors_1 inner join constructors as constructors_2 on (constructors_1.constructorid = constructors_2.constructorid ) inner join standings as standings_1 on (constructors_2.constructorid = standings_1.driverstandingsid ) where constructors_1.name is not NULL group by constructors_1.name, constructors_1.nationality, constructors_2.constructorid, constructors_2.constructorref, constructors_2.nationality, standings_1.position, standings_1.wins limit 16);",NO,"ERREUR:  la colonne « constructors_1.constructorref » doit apparaître dans la clause GROUP BY ou doit être utilisé dans une fonction d'agrégat LIGNE 13 : constructors_1.constructorref,            ^"
445,"-- meta {""num_joins"":3,""num_aggregates"":1,""has_union"":false,""has_intersect"":false,""has_negation"":true} (select qualifying_1.number, qualifying_1.constructorid, constructors_1.name , provsql.sr_why(provsql.provenance(), 'provmap') from constructors as constructors_1 inner join qualifying as qualifying_1 on (constructors_1.constructorid = qualifying_1.qualifyid ) where constructors_1.constructorref is not NULL limit 10) EXCEPT (select drivers_1.driverid, max( constructor_results_1.points), drivers_1.code , provsql.sr_why(provsql.provenance(), 'provmap') from drivers as drivers_1 inner join drivers as drivers_2 on (drivers_1.driverid = drivers_2.driverid ) inner join constructor_results as constructor_results_1 on (drivers_2.driverid = constructor_results_1.constructorresultsid ) where drivers_2.dob < constructor_results_1.date group by constructor_results_1.constructorid, drivers_1.driverref, drivers_1.nationality, drivers_2.surname limit 24);",NO,"ERREUR:  la colonne « drivers_1.driverid » doit apparaître dans la clause GROUP BY ou doit être utilisé dans une fonction d'agrégat LIGNE 13 : drivers_1.driverid,            ^"
446,"-- meta {""num_joins"":2,""num_aggregates"":7,""has_union"":true,""has_intersect"":false,""has_negation"":false} (select min( circuits_1.circuitid), sum( circuits_1.lng), circuits_1.lat, circuits_1.circuitref, circuits_1.lng, circuits_1.country, circuits_1.location, count( circuits_1.alt), sum( circuits_1.lng), circuits_1.circuitid, circuits_1.alt, max( circuits_1.circuitid), sum( circuits_1.lat), max( circuits_1.alt) , provsql.sr_why(provsql.provenance(), 'provmap') from circuits as circuits_1 where circuits_1.lat is not NULL group by circuits_1.alt, circuits_1.circuitid, circuits_1.circuitref, circuits_1.country, circuits_1.lat, circuits_1.lng, circuits_1.location limit 28) UNION (select count( qualifying_1.constructorid), avg( circuits_2.lng), circuits_2.alt, circuits_2.name, circuits_2.alt, circuits_2.location, circuits_2.country, max( qualifying_1.qualifyid), min( circuits_2.lng), qualifying_1.constructorid, sum( circuits_2.lat), min( qualifying_1.constructorid), min( circuits_2.lat), max( circuits_2.alt) , provsql.sr_why(provsql.provenance(), 'provmap') from qualifying as qualifying_1 inner join constructor_standings as constructor_standings_1 inner join circuits as circuits_2 on (constructor_standings_1.constructorstandingsid = circuits_2.circuitid ) on (qualifying_1.qualifyid = circuits_2.circuitid ) where circuits_2.lng >= circuits_2.alt limit 4);",NO,"ERREUR:  la colonne « circuits_2.alt » doit apparaître dans la clause GROUP BY ou doit être utilisé dans une fonction d'agrégat LIGNE 34 : circuits_2.alt,            ^"
447,"-- meta {""num_joins"":0,""num_aggregates"":0,""has_union"":true,""has_intersect"":false,""has_negation"":false} (select results_1.number, results_1.positionorder, results_1.position , provsql.sr_why(provsql.provenance(), 'provmap') from results as results_1 where results_1.constructorid >= results_1.resultid limit 28) UNION (select standings_1.points, standings_1.position, standings_1.points , provsql.sr_why(provsql.provenance(), 'provmap') from standings as standings_1 where standings_1.points is not NULL limit 1);",YES,""
448,"-- meta {""num_joins"":3,""num_aggregates"":0,""has_union"":true,""has_intersect"":false,""has_negation"":false} (select constructor_results_1.date , provsql.sr_why(provsql.provenance(), 'provmap') from constructor_results as constructor_results_1 where constructor_results_1.constructorresultsid is not NULL limit 27) UNION (select constructor_standings_1.date , provsql.sr_why(provsql.provenance(), 'provmap') from circuits as circuits_1 inner join results as results_1 inner join constructor_results as constructor_results_2 inner join constructor_standings as constructor_standings_1 on (constructor_results_2.constructorresultsid = constructor_standings_1.constructorstandingsid ) on (results_1.resultid = constructor_results_2.constructorresultsid ) on (circuits_1.circuitid = constructor_results_2.constructorresultsid ) where circuits_1.alt is not NULL limit 15);",YES,""
449,"-- meta {""num_joins"":1,""num_aggregates"":0,""has_union"":false,""has_intersect"":false,""has_negation"":false} select qualifying_1.date, races_1.date , provsql.sr_why(provsql.provenance(), 'provmap') from qualifying as qualifying_1 inner join races as races_1 on (qualifying_1.qualifyid = races_1.raceid ) where qualifying_1.qualifyid is not NULL limit 22;",YES,""
450,"-- meta {""num_joins"":0,""num_aggregates"":2,""has_union"":false,""has_intersect"":true,""has_negation"":false} (select avg( constructors_1.constructorid), constructors_1.name , provsql.sr_why(provsql.provenance(), 'provmap') from constructors as constructors_1 where constructors_1.name <= constructors_1.nationality group by constructors_1.name limit 38) INTERSECT (select sum( drivers_1.driverid), drivers_1.surname , provsql.sr_why(provsql.provenance(), 'provmap') from drivers as drivers_1 where drivers_1.driverid is not NULL group by drivers_1.driverid, drivers_1.nationality limit 28);",NO,"ERREUR:  Set operations other than UNION and EXCEPT not supported by provsql"
451,"-- meta {""num_joins"":1,""num_aggregates"":1,""has_union"":false,""has_intersect"":true,""has_negation"":false} (select races_1.time, results_1.positionorder , provsql.sr_why(provsql.provenance(), 'provmap') from races as races_1 inner join results as results_1 on (races_1.raceid = results_1.resultid ) where races_1.time < races_1.name limit 39) INTERSECT (select min( constructor_standings_1.date), constructor_standings_1.position , provsql.sr_why(provsql.provenance(), 'provmap') from constructor_standings as constructor_standings_1 where constructor_standings_1.date >= constructor_standings_1.date group by constructor_standings_1.constructorid, constructor_standings_1.date, constructor_standings_1.points limit 33);",NO,"ERREUR:  la colonne « constructor_standings_1.position » doit apparaître dans la clause GROUP BY ou doit être utilisé dans une fonction d'agrégat LIGNE 14 : constructor_standings_1.position            ^"
452,"-- meta {""num_joins"":2,""num_aggregates"":0,""has_union"":false,""has_intersect"":false,""has_negation"":false} select results_3.driverid, results_3.date , provsql.sr_why(provsql.provenance(), 'provmap') from results as results_1 inner join results as results_2 inner join results as results_3 on (results_2.resultid = results_3.resultid ) on (results_1.resultid = results_2.resultid ) where results_3.position = results_1.position limit 20;",YES,""
453,"-- meta {""num_joins"":2,""num_aggregates"":2,""has_union"":false,""has_intersect"":true,""has_negation"":false} (select races_1.year, races_1.date, max( races_1.year), races_1.name, races_1.time, races_1.raceid , provsql.sr_why(provsql.provenance(), 'provmap') from races as races_1 where races_1.year <= races_1.circuitid group by races_1.date, races_1.name, races_1.raceid, races_1.time, races_1.year limit 14) INTERSECT (select constructor_standings_1.position, constructor_results_1.date, min( qualifying_1.qualifyid), min( constructor_results_1.date), max( constructor_standings_1.date), qualifying_1.position , provsql.sr_why(provsql.provenance(), 'provmap') from qualifying as qualifying_1 inner join constructor_results as constructor_results_1 inner join constructor_standings as constructor_standings_1 on (constructor_results_1.constructorresultsid = constructor_standings_1.constructorstandingsid ) on (qualifying_1.qualifyid = constructor_standings_1.constructorstandingsid ) where constructor_standings_1.constructorid is not NULL limit 8);",NO,"ERREUR:  la colonne « constructor_standings_1.position » doit apparaître dans la clause GROUP BY ou doit être utilisé dans une fonction d'agrégat LIGNE 16 : constructor_standings_1.position,            ^"
454,"-- meta {""num_joins"":0,""num_aggregates"":3,""has_union"":true,""has_intersect"":false,""has_negation"":false} (select min( qualifying_1.date), qualifying_1.number , provsql.sr_why(provsql.provenance(), 'provmap') from qualifying as qualifying_1 where qualifying_1.qualifyid is not NULL group by qualifying_1.number limit 39) UNION (select max( constructor_results_1.date), constructor_results_1.constructorresultsid , provsql.sr_why(provsql.provenance(), 'provmap') from constructor_results as constructor_results_1 where constructor_results_1.date >= constructor_results_1.date group by constructor_results_1.date, constructor_results_1.points, constructor_results_1.raceid limit 30);",NO,"ERREUR:  la colonne « constructor_results_1.constructorresultsid » doit apparaître dans la clause GROUP BY ou doit être utilisé dans une fonction d'agrégat LIGNE 14 : constructor_results_1.constructorresultsid            ^"
455,"-- meta {""num_joins"":0,""num_aggregates"":0,""has_union"":false,""has_intersect"":false,""has_negation"":false} select qualifying_1.qualifyid, qualifying_1.date, qualifying_1.driverid , provsql.sr_why(provsql.provenance(), 'provmap') from qualifying as qualifying_1 where qualifying_1.constructorid is not NULL limit 21;",YES,""
456,"-- meta {""num_joins"":1,""num_aggregates"":1,""has_union"":false,""has_intersect"":true,""has_negation"":false} (select constructor_results_1.points, min( constructor_results_1.date) , provsql.sr_why(provsql.provenance(), 'provmap') from constructor_results as constructor_results_1 where constructor_results_1.raceid is not NULL group by constructor_results_1.points limit 4) INTERSECT (select min( circuits_1.circuitid), max( constructor_standings_1.date) , provsql.sr_why(provsql.provenance(), 'provmap') from constructor_standings as constructor_standings_1 inner join circuits as circuits_1 on (constructor_standings_1.constructorstandingsid = circuits_1.circuitid ) where circuits_1.circuitref is not NULL limit 30);",NO,"ERREUR:  Set operations other than UNION and EXCEPT not supported by provsql"
457,"-- meta {""num_joins"":3,""num_aggregates"":1,""has_union"":false,""has_intersect"":true,""has_negation"":false} (select qualifying_1.constructorid, constructors_1.nationality, qualifying_1.qualifyid, constructor_results_1.raceid, constructor_results_1.date , provsql.sr_why(provsql.provenance(), 'provmap') from constructors as constructors_1 inner join qualifying as qualifying_1 on (constructors_1.constructorid = qualifying_1.qualifyid ) inner join standings as standings_1 inner join constructor_results as constructor_results_1 on (standings_1.driverstandingsid = constructor_results_1.constructorresultsid ) on (constructors_1.constructorid = standings_1.driverstandingsid ) where constructors_1.constructorid is not NULL limit 18) INTERSECT (select max( standings_2.date), max( standings_2.position), standings_2.driverstandingsid, standings_2.wins, standings_2.date , provsql.sr_why(provsql.provenance(), 'provmap') from standings as standings_2 where standings_2.driverid is not NULL group by standings_2.date, standings_2.driverid, standings_2.driverstandingsid, standings_2.points, standings_2.raceid, standings_2.wins limit 14);",NO,"ERREUR:  les INTERSECT types bigint et timestamp without time zone ne peuvent pas correspondre LIGNE 19 : max(            ^"
458,"-- meta {""num_joins"":0,""num_aggregates"":1,""has_union"":false,""has_intersect"":false,""has_negation"":true} (select qualifying_1.position, qualifying_1.qualifyid, qualifying_1.constructorid, qualifying_1.driverid, qualifying_1.date , provsql.sr_why(provsql.provenance(), 'provmap') from qualifying as qualifying_1 where qualifying_1.number is not NULL limit 39) EXCEPT (select qualifying_2.driverid, sum( qualifying_2.constructorid), qualifying_2.position, qualifying_2.position, qualifying_2.date , provsql.sr_why(provsql.provenance(), 'provmap') from qualifying as qualifying_2 where qualifying_2.position is not NULL limit 19);",NO,"ERREUR:  la colonne « qualifying_2.driverid » doit apparaître dans la clause GROUP BY ou doit être utilisé dans une fonction d'agrégat LIGNE 13 : qualifying_2.driverid,            ^"
459,"-- meta {""num_joins"":0,""num_aggregates"":3,""has_union"":true,""has_intersect"":false,""has_negation"":false} (select drivers_1.driverref, drivers_1.surname, drivers_1.code, drivers_1.forename, drivers_1.driverid, drivers_1.nationality , provsql.sr_why(provsql.provenance(), 'provmap') from drivers as drivers_1 where drivers_1.driverid = drivers_1.driverid limit 6) UNION (select races_1.name, races_1.name, races_1.time, races_1.time, races_1.raceid, races_1.name , provsql.sr_why(provsql.provenance(), 'provmap') from races as races_1 where races_1.name is not NULL group by races_1.circuitid, races_1.round limit 11);",NO,"ERREUR:  la colonne « races_1.name » doit apparaître dans la clause GROUP BY ou doit être utilisé dans une fonction d'agrégat LIGNE 14 : races_1.name,            ^"
460,"-- meta {""num_joins"":0,""num_aggregates"":5,""has_union"":false,""has_intersect"":false,""has_negation"":true} (select qualifying_1.raceid , provsql.sr_why(provsql.provenance(), 'provmap') from qualifying as qualifying_1 where qualifying_1.qualifyid is not NULL limit 9) EXCEPT (select results_1.grid , provsql.sr_why(provsql.provenance(), 'provmap') from results as results_1 where results_1.positionorder < results_1.laps group by results_1.constructorid, results_1.date, results_1.grid, results_1.laps, results_1.milliseconds, results_1.points, results_1.positionorder, results_1.raceid, results_1.rank, results_1.resultid limit 38);",YES,""
461,"-- meta {""num_joins"":0,""num_aggregates"":3,""has_union"":false,""has_intersect"":false,""has_negation"":false} select max( circuits_1.alt), sum( circuits_1.lng), circuits_1.alt, circuits_1.lng, circuits_1.location, count( circuits_1.lng) , provsql.sr_why(provsql.provenance(), 'provmap') from circuits as circuits_1 where circuits_1.country is not NULL group by circuits_1.alt, circuits_1.lng, circuits_1.location limit 15;",YES,""
462,"-- meta {""num_joins"":1,""num_aggregates"":0,""has_union"":false,""has_intersect"":false,""has_negation"":true} (select constructor_standings_1.position, races_1.raceid, races_1.round, races_1.name , provsql.sr_why(provsql.provenance(), 'provmap') from races as races_1 inner join constructor_standings as constructor_standings_1 on (races_1.raceid = constructor_standings_1.constructorstandingsid ) where races_1.round is not NULL limit 20) EXCEPT (select constructor_results_1.constructorid, constructor_results_1.constructorresultsid, constructor_results_1.raceid, avg( constructor_results_1.raceid) , provsql.sr_why(provsql.provenance(), 'provmap') from constructor_results as constructor_results_1 where constructor_results_1.date is not NULL limit 41);",NO,"ERREUR:  la colonne « constructor_results_1.constructorid » doit apparaître dans la clause GROUP BY ou doit être utilisé dans une fonction d'agrégat LIGNE 14 : constructor_results_1.constructorid,            ^"
463,"-- meta {""num_joins"":1,""num_aggregates"":3,""has_union"":false,""has_intersect"":true,""has_negation"":false} (select races_1.time, races_1.year , provsql.sr_why(provsql.provenance(), 'provmap') from standings as standings_1 inner join races as races_1 on (standings_1.driverstandingsid = races_1.raceid ) where standings_1.points is not NULL limit 30) INTERSECT (select circuits_1.circuitref, circuits_1.circuitid , provsql.sr_why(provsql.provenance(), 'provmap') from circuits as circuits_1 where circuits_1.lat is not NULL group by circuits_1.circuitid, circuits_1.lng, circuits_1.location limit 29);",NO,"ERREUR:  Set operations other than UNION and EXCEPT not supported by provsql"
464,"-- meta {""num_joins"":0,""num_aggregates"":3,""has_union"":false,""has_intersect"":false,""has_negation"":false} select count(*), constructor_results_1.points, constructor_results_1.constructorid, min( constructor_results_1.constructorresultsid), constructor_results_1.date, constructor_results_1.constructorresultsid, min( constructor_results_1.constructorresultsid), constructor_results_1.raceid , provsql.sr_why(provsql.provenance(), 'provmap') from constructor_results as constructor_results_1 where constructor_results_1.constructorresultsid is not NULL group by constructor_results_1.constructorid, constructor_results_1.constructorresultsid, constructor_results_1.date, constructor_results_1.points, constructor_results_1.raceid limit 38;",YES,""
465,"-- meta {""num_joins"":0,""num_aggregates"":1,""has_union"":false,""has_intersect"":false,""has_negation"":false} select min( races_1.circuitid), races_1.date , provsql.sr_why(provsql.provenance(), 'provmap') from races as races_1 where races_1.raceid is not NULL group by races_1.date limit 13;",YES,""
466,"-- meta {""num_joins"":2,""num_aggregates"":0,""has_union"":false,""has_intersect"":false,""has_negation"":false} select races_1.time, races_1.name , provsql.sr_why(provsql.provenance(), 'provmap') from races as races_1 inner join constructor_results as constructor_results_1 on (races_1.raceid = constructor_results_1.constructorresultsid ) inner join races as races_2 on (races_1.raceid = races_2.raceid ) where races_1.circuitid is not NULL limit 33;",YES,""
467,"-- meta {""num_joins"":0,""num_aggregates"":2,""has_union"":false,""has_intersect"":true,""has_negation"":false} (select races_1.name, races_1.circuitid , provsql.sr_why(provsql.provenance(), 'provmap') from races as races_1 where races_1.time >= races_1.name limit 23) INTERSECT (select circuits_1.location, max( circuits_1.lng) , provsql.sr_why(provsql.provenance(), 'provmap') from circuits as circuits_1 where circuits_1.name is not NULL group by circuits_1.circuitid, circuits_1.circuitref, circuits_1.lat, circuits_1.lng limit 36);",NO,"ERREUR:  Set operations other than UNION and EXCEPT not supported by provsql"
468,"-- meta {""num_joins"":2,""num_aggregates"":1,""has_union"":false,""has_intersect"":false,""has_negation"":false} select constructors_1.name, standings_1.wins, standings_1.driverid, standings_1.points, standings_1.driverstandingsid, constructors_1.nationality, constructors_1.constructorref, constructors_2.constructorid, min( standings_1.points), constructors_2.constructorref, standings_1.position, standings_1.raceid , provsql.sr_why(provsql.provenance(), 'provmap') from constructors as constructors_1 inner join constructors as constructors_2 inner join standings as standings_1 on (constructors_2.constructorid = standings_1.driverstandingsid ) on (constructors_1.constructorid = standings_1.driverstandingsid ) where standings_1.driverid is not NULL group by constructors_1.constructorref, constructors_1.name, constructors_1.nationality, constructors_2.constructorid, constructors_2.constructorref, standings_1.driverid, standings_1.driverstandingsid, standings_1.points, standings_1.position, standings_1.raceid, standings_1.wins limit 13;",YES,""
469,"-- meta {""num_joins"":2,""num_aggregates"":2,""has_union"":false,""has_intersect"":false,""has_negation"":true} (select races_1.time, results_1.laps, races_1.raceid, max( results_1.date), results_1.number, results_1.positionorder, results_1.milliseconds, races_1.name, min( results_1.date), races_1.circuitid , provsql.sr_why(provsql.provenance(), 'provmap') from races as races_1 inner join results as results_1 on (races_1.raceid = results_1.resultid ) where races_1.time is not NULL group by races_1.circuitid, races_1.name, races_1.raceid, races_1.time, results_1.laps, results_1.milliseconds, results_1.number, results_1.positionorder limit 11) EXCEPT (select count( drivers_1.nationality), max( drivers_1.dob), standings_1.wins, max( drivers_1.dob), standings_1.points, standings_1.raceid, standings_1.points, drivers_1.code, min( standings_1.date), max( standings_1.date) , provsql.sr_why(provsql.provenance(), 'provmap') from drivers as drivers_1 inner join standings as standings_1 on (drivers_1.driverid = standings_1.driverstandingsid ) where drivers_1.surname is not NULL limit 1);",NO,"ERREUR:  la colonne « standings_1.wins » doit apparaître dans la clause GROUP BY ou doit être utilisé dans une fonction d'agrégat LIGNE 27 : standings_1.wins,            ^"
470,"-- meta {""num_joins"":1,""num_aggregates"":6,""has_union"":false,""has_intersect"":true,""has_negation"":false} (select drivers_1.nationality, drivers_1.forename, drivers_1.dob, max( drivers_1.dob), drivers_1.surname, drivers_1.driverref, drivers_1.driverid, drivers_1.code , provsql.sr_why(provsql.provenance(), 'provmap') from drivers as drivers_1 where drivers_1.driverid >= drivers_1.driverid group by drivers_1.code, drivers_1.dob, drivers_1.driverid, drivers_1.driverref, drivers_1.forename, drivers_1.nationality, drivers_1.surname limit 9) INTERSECT (select races_1.name, races_1.time, standings_1.date, min( standings_1.date), races_1.time, max( races_1.date), standings_1.raceid, races_1.name , provsql.sr_why(provsql.provenance(), 'provmap') from standings as standings_1 inner join races as races_1 on (standings_1.driverstandingsid = races_1.raceid ) where standings_1.raceid is not NULL group by races_1.circuitid, races_1.date, races_1.raceid, races_1.round, races_1.year, standings_1.driverid, standings_1.position limit 11);",NO,"ERREUR:  la colonne « standings_1.date » doit apparaître dans la clause GROUP BY ou doit être utilisé dans une fonction d'agrégat LIGNE 20 : standings_1.date,            ^"
471,"-- meta {""num_joins"":0,""num_aggregates"":2,""has_union"":true,""has_intersect"":false,""has_negation"":false} (select standings_1.driverid, standings_1.position, standings_1.driverstandingsid, standings_1.raceid, standings_1.wins, standings_1.date , provsql.sr_why(provsql.provenance(), 'provmap') from standings as standings_1 where standings_1.date is not NULL limit 20) UNION (select circuits_1.circuitid, count(*), circuits_1.circuitid, circuits_1.circuitid, min( circuits_1.circuitid), max( circuits_1.circuitid) , provsql.sr_why(provsql.provenance(), 'provmap') from circuits as circuits_1 where circuits_1.name is not NULL group by circuits_1.circuitid, circuits_1.circuitref, circuits_1.lng, circuits_1.name limit 4);",NO,"ERREUR:  les UNION types timestamp without time zone et bigint ne peuvent pas correspondre LIGNE 20 : max(            ^"
472,"-- meta {""num_joins"":1,""num_aggregates"":1,""has_union"":false,""has_intersect"":true,""has_negation"":false} (select min( constructor_standings_1.date) , provsql.sr_why(provsql.provenance(), 'provmap') from constructor_standings as constructor_standings_1 inner join results as results_1 on (constructor_standings_1.constructorstandingsid = results_1.resultid ) where constructor_standings_1.constructorid is not NULL limit 1) INTERSECT (select max( constructor_results_1.date) , provsql.sr_why(provsql.provenance(), 'provmap') from constructor_results as constructor_results_1 where constructor_results_1.points > constructor_results_1.points limit 10);",NO,"ERREUR:  Set operations other than UNION and EXCEPT not supported by provsql"
473,"-- meta {""num_joins"":1,""num_aggregates"":2,""has_union"":false,""has_intersect"":false,""has_negation"":true} (select constructor_results_1.date, constructor_results_1.constructorid, constructor_results_1.constructorresultsid, constructor_results_1.points, sum( constructor_results_1.points) , provsql.sr_why(provsql.provenance(), 'provmap') from constructor_results as constructor_results_1 where constructor_results_1.constructorid is not NULL group by constructor_results_1.constructorid, constructor_results_1.constructorresultsid, constructor_results_1.date, constructor_results_1.points limit 21) EXCEPT (select constructor_results_2.date, count( races_1.circuitid), constructor_results_2.constructorid, constructor_results_2.points, min( constructor_results_2.points) , provsql.sr_why(provsql.provenance(), 'provmap') from races as races_1 inner join constructor_results as constructor_results_2 on (races_1.raceid = constructor_results_2.constructorresultsid ) where constructor_results_2.constructorresultsid is not NULL group by constructor_results_2.constructorid, constructor_results_2.constructorresultsid, constructor_results_2.points, constructor_results_2.raceid limit 2);",NO,"ERREUR:  provenance() called on a table without provenance"
474,"-- meta {""num_joins"":1,""num_aggregates"":1,""has_union"":false,""has_intersect"":true,""has_negation"":false} (select count( constructor_results_1.constructorresultsid) , provsql.sr_why(provsql.provenance(), 'provmap') from qualifying as qualifying_1 inner join constructor_results as constructor_results_1 on (qualifying_1.qualifyid = constructor_results_1.constructorresultsid ) where constructor_results_1.raceid is not NULL limit 13) INTERSECT (select max( drivers_1.driverid) , provsql.sr_why(provsql.provenance(), 'provmap') from drivers as drivers_1 where drivers_1.driverid is not NULL limit 20);",NO,"ERREUR:  Set operations other than UNION and EXCEPT not supported by provsql"
475,"-- meta {""num_joins"":3,""num_aggregates"":1,""has_union"":false,""has_intersect"":false,""has_negation"":true} (select qualifying_1.raceid, min( results_2.date), qualifying_1.driverid, qualifying_1.constructorid, standings_1.date , provsql.sr_why(provsql.provenance(), 'provmap') from results as results_1 inner join qualifying as qualifying_1 on (results_1.resultid = qualifying_1.qualifyid ) inner join results as results_2 inner join standings as standings_1 on (results_2.resultid = standings_1.driverstandingsid ) on (results_1.resultid = results_2.resultid ) where results_1.grid > qualifying_1.position group by qualifying_1.constructorid, qualifying_1.driverid, qualifying_1.raceid, standings_1.date limit 30) EXCEPT (select standings_2.driverid, min( standings_2.date), standings_2.driverstandingsid, count(*), count( standings_2.points) , provsql.sr_why(provsql.provenance(), 'provmap') from standings as standings_2 where standings_2.position is not NULL limit 8);",NO,"ERREUR:  la colonne « standings_2.driverid » doit apparaître dans la clause GROUP BY ou doit être utilisé dans une fonction d'agrégat LIGNE 21 : standings_2.driverid,            ^"
476,"-- meta {""num_joins"":2,""num_aggregates"":0,""has_union"":true,""has_intersect"":false,""has_negation"":false} (select constructors_1.constructorid, constructors_1.nationality, constructors_1.name, qualifying_1.raceid , provsql.sr_why(provsql.provenance(), 'provmap') from qualifying as qualifying_1 inner join constructors as constructors_1 on (qualifying_1.qualifyid = constructors_1.constructorid ) where qualifying_1.driverid is not NULL limit 23) UNION (select races_1.circuitid, constructors_2.name, constructors_2.nationality, races_1.year , provsql.sr_why(provsql.provenance(), 'provmap') from races as races_1 inner join constructors as constructors_2 on (races_1.raceid = constructors_2.constructorid ) where races_1.date <= races_1.date limit 19);",YES,""
477,"-- meta {""num_joins"":0,""num_aggregates"":1,""has_union"":false,""has_intersect"":true,""has_negation"":false} (select constructors_1.nationality, constructors_1.name, constructors_1.constructorref, min( constructors_1.constructorid), constructors_1.constructorid , provsql.sr_why(provsql.provenance(), 'provmap') from constructors as constructors_1 where constructors_1.nationality is not NULL group by constructors_1.constructorid, constructors_1.constructorref, constructors_1.name, constructors_1.nationality limit 25) INTERSECT (select count(*), avg( qualifying_1.constructorid), max( qualifying_1.date), min( qualifying_1.constructorid), qualifying_1.qualifyid , provsql.sr_why(provsql.provenance(), 'provmap') from qualifying as qualifying_1 where qualifying_1.constructorid is not NULL limit 15);",NO,"ERREUR:  la colonne « qualifying_1.qualifyid » doit apparaître dans la clause GROUP BY ou doit être utilisé dans une fonction d'agrégat LIGNE 22 : qualifying_1.qualifyid            ^"
478,"-- meta {""num_joins"":4,""num_aggregates"":2,""has_union"":false,""has_intersect"":false,""has_negation"":true} (select drivers_2.surname , provsql.sr_why(provsql.provenance(), 'provmap') from drivers as drivers_1 inner join races as races_1 on (drivers_1.driverid = races_1.raceid ) inner join races as races_2 on (drivers_1.driverid = races_2.raceid ) inner join drivers as drivers_2 on (races_2.raceid = drivers_2.driverid ) where drivers_1.dob <= drivers_2.dob limit 23) EXCEPT (select drivers_3.forename , provsql.sr_why(provsql.provenance(), 'provmap') from standings as standings_1 inner join drivers as drivers_3 on (standings_1.driverstandingsid = drivers_3.driverid ) where standings_1.points > standings_1.points group by drivers_3.code, drivers_3.driverid, standings_1.date, standings_1.driverid, standings_1.driverstandingsid, standings_1.points, standings_1.raceid, standings_1.wins limit 33);",YES,""
479,"-- meta {""num_joins"":3,""num_aggregates"":1,""has_union"":false,""has_intersect"":true,""has_negation"":false} (select constructor_results_1.points, avg( results_1.points) , provsql.sr_why(provsql.provenance(), 'provmap') from results as results_1 inner join qualifying as qualifying_1 inner join constructor_results as constructor_results_1 on (qualifying_1.qualifyid = constructor_results_1.constructorresultsid ) on (results_1.resultid = constructor_results_1.constructorresultsid ) where results_1.date is not NULL group by constructor_results_1.points limit 4) INTERSECT (select circuits_1.lat, avg( circuits_1.lng) , provsql.sr_why(provsql.provenance(), 'provmap') from constructors as constructors_1 inner join circuits as circuits_1 on (constructors_1.constructorid = circuits_1.circuitid ) where circuits_1.name < constructors_1.name limit 31);",NO,"ERREUR:  la colonne « circuits_1.lat » doit apparaître dans la clause GROUP BY ou doit être utilisé dans une fonction d'agrégat LIGNE 16 : circuits_1.lat,            ^"
480,"-- meta {""num_joins"":1,""num_aggregates"":1,""has_union"":false,""has_intersect"":false,""has_negation"":false} select constructors_1.constructorid, max( qualifying_1.date), constructors_1.constructorref, constructors_1.nationality, qualifying_1.constructorid , provsql.sr_why(provsql.provenance(), 'provmap') from qualifying as qualifying_1 inner join constructors as constructors_1 on (qualifying_1.qualifyid = constructors_1.constructorid ) where qualifying_1.number is not NULL group by constructors_1.constructorid, constructors_1.constructorref, constructors_1.nationality, qualifying_1.constructorid limit 31;",YES,""
481,"-- meta {""num_joins"":1,""num_aggregates"":0,""has_union"":false,""has_intersect"":false,""has_negation"":true} (select constructors_1.nationality, circuits_1.circuitref , provsql.sr_why(provsql.provenance(), 'provmap') from constructors as constructors_1 inner join circuits as circuits_1 on (constructors_1.constructorid = circuits_1.circuitid ) where circuits_1.name is not NULL limit 39) EXCEPT (select min( qualifying_1.date), max( qualifying_1.date) , provsql.sr_why(provsql.provenance(), 'provmap') from qualifying as qualifying_1 where qualifying_1.constructorid is not NULL limit 21);",NO,"ERREUR:  les EXCEPT types text et timestamp without time zone ne peuvent pas correspondre LIGNE 12 : min(            ^"
482,"-- meta {""num_joins"":0,""num_aggregates"":4,""has_union"":false,""has_intersect"":false,""has_negation"":true} (select races_1.year, races_1.name, races_1.round, races_1.circuitid, races_1.date, max( races_1.date), count( races_1.circuitid), races_1.raceid, min( races_1.circuitid), min( races_1.raceid) , provsql.sr_why(provsql.provenance(), 'provmap') from races as races_1 where races_1.circuitid is not NULL group by races_1.circuitid, races_1.date, races_1.name, races_1.raceid, races_1.round, races_1.year limit 9) EXCEPT (select constructor_results_1.constructorid, max( constructor_results_1.date), constructor_results_1.constructorresultsid, constructor_results_1.constructorid, constructor_results_1.date, max( constructor_results_1.date), count(*), constructor_results_1.constructorid, count( constructor_results_1.date), count(*) , provsql.sr_why(provsql.provenance(), 'provmap') from constructor_results as constructor_results_1 where constructor_results_1.constructorresultsid is not NULL limit 4);",NO,"ERREUR:  la colonne « constructor_results_1.constructorid » doit apparaître dans la clause GROUP BY ou doit être utilisé dans une fonction d'agrégat LIGNE 23 : constructor_results_1.constructorid,            ^"
483,"-- meta {""num_joins"":1,""num_aggregates"":4,""has_union"":false,""has_intersect"":true,""has_negation"":false} (select circuits_1.name, circuits_1.alt, circuits_1.circuitref, circuits_1.location, max( circuits_1.lng), circuits_1.country, circuits_1.lng, qualifying_1.raceid , provsql.sr_why(provsql.provenance(), 'provmap') from qualifying as qualifying_1 inner join circuits as circuits_1 on (qualifying_1.qualifyid = circuits_1.circuitid ) where qualifying_1.date > qualifying_1.date group by circuits_1.alt, circuits_1.circuitref, circuits_1.country, circuits_1.lng, circuits_1.location, circuits_1.name, qualifying_1.raceid limit 39) INTERSECT (select avg( constructor_results_1.raceid), constructor_results_1.points, sum( constructor_results_1.points), sum( constructor_results_1.constructorresultsid), min( constructor_results_1.points), sum( constructor_results_1.points), constructor_results_1.points, avg( constructor_results_1.points) , provsql.sr_why(provsql.provenance(), 'provmap') from constructor_results as constructor_results_1 where constructor_results_1.date <= constructor_results_1.date group by constructor_results_1.constructorid, constructor_results_1.constructorresultsid, constructor_results_1.date, constructor_results_1.points, constructor_results_1.raceid limit 16);",NO,"ERREUR:  les INTERSECT types text et numeric ne peuvent pas correspondre LIGNE 20 : avg(            ^"
484,"-- meta {""num_joins"":0,""num_aggregates"":5,""has_union"":false,""has_intersect"":false,""has_negation"":true} (select results_1.positionorder, sum( results_1.points), results_1.grid, results_1.position, results_1.date, results_1.laps, results_1.number, results_1.statusid, results_1.points , provsql.sr_why(provsql.provenance(), 'provmap') from results as results_1 where results_1.date is not NULL group by results_1.date, results_1.grid, results_1.laps, results_1.number, results_1.points, results_1.position, results_1.positionorder, results_1.statusid limit 41) EXCEPT (select standings_1.wins, min( standings_1.points), standings_1.position, standings_1.points, min( standings_1.date), standings_1.raceid, min( standings_1.wins), standings_1.position, standings_1.points , provsql.sr_why(provsql.provenance(), 'provmap') from standings as standings_1 where standings_1.date = standings_1.date group by standings_1.driverid, standings_1.driverstandingsid, standings_1.points, standings_1.position, standings_1.raceid, standings_1.wins limit 25);",NO,"ERREUR:  provenance() called on a table without provenance"
485,"-- meta {""num_joins"":4,""num_aggregates"":2,""has_union"":false,""has_intersect"":true,""has_negation"":false} (select count(*) , provsql.sr_why(provsql.provenance(), 'provmap') from results as results_1 where results_1.driverid is not NULL limit 15) INTERSECT (select count(*) , provsql.sr_why(provsql.provenance(), 'provmap') from constructor_results as constructor_results_1 inner join qualifying as qualifying_1 on (constructor_results_1.constructorresultsid = qualifying_1.qualifyid ) inner join standings as standings_1 on (constructor_results_1.constructorresultsid = standings_1.driverstandingsid ) inner join constructor_results as constructor_results_2 on (constructor_results_1.constructorresultsid = constructor_results_2.constructorresultsid ) inner join drivers as drivers_1 on (constructor_results_1.constructorresultsid = drivers_1.driverid ) where standings_1.points <= constructor_results_2.points group by constructor_results_1.constructorresultsid, constructor_results_1.date, constructor_results_2.date, drivers_1.driverref, qualifying_1.qualifyid limit 40);",NO,"ERREUR:  Set operations other than UNION and EXCEPT not supported by provsql"
486,"-- meta {""num_joins"":1,""num_aggregates"":1,""has_union"":false,""has_intersect"":false,""has_negation"":true} (select drivers_1.surname, drivers_1.code, drivers_1.dob , provsql.sr_why(provsql.provenance(), 'provmap') from drivers as drivers_1 where drivers_1.dob < drivers_1.dob limit 29) EXCEPT (select count( circuits_1.lat), circuits_1.circuitref, max( circuits_1.lat) , provsql.sr_why(provsql.provenance(), 'provmap') from circuits as circuits_1 inner join qualifying as qualifying_1 on (circuits_1.circuitid = qualifying_1.qualifyid ) where circuits_1.country is not NULL group by circuits_1.alt, circuits_1.lng, circuits_1.name, qualifying_1.driverid, qualifying_1.raceid limit 4);",NO,"ERREUR:  la colonne « circuits_1.circuitref » doit apparaître dans la clause GROUP BY ou doit être utilisé dans une fonction d'agrégat LIGNE 13 : circuits_1.circuitref,            ^"
487,"-- meta {""num_joins"":4,""num_aggregates"":4,""has_union"":true,""has_intersect"":false,""has_negation"":false} (select min( constructors_1.constructorid), sum( constructors_1.constructorid), count(*), constructors_1.constructorid, constructors_1.name, constructors_1.nationality, avg( constructors_1.constructorid) , provsql.sr_why(provsql.provenance(), 'provmap') from constructors as constructors_1 where constructors_1.name is not NULL group by constructors_1.constructorid, constructors_1.name, constructors_1.nationality limit 3) UNION (select count(*), avg( constructor_standings_1.constructorstandingsid), count( results_1.driverid), qualifying_1.driverid, drivers_1.forename, drivers_1.driverref, sum( constructor_standings_1.raceid) , provsql.sr_why(provsql.provenance(), 'provmap') from constructor_standings as constructor_standings_1 inner join qualifying as qualifying_1 on (constructor_standings_1.constructorstandingsid = qualifying_1.qualifyid ) inner join standings as standings_1 inner join results as results_1 inner join drivers as drivers_1 on (results_1.resultid = drivers_1.driverid ) on (standings_1.driverstandingsid = drivers_1.driverid ) on (constructor_standings_1.constructorstandingsid = standings_1.driverstandingsid ) where standings_1.position is not NULL limit 24);",NO,"ERREUR:  la colonne « qualifying_1.driverid » doit apparaître dans la clause GROUP BY ou doit être utilisé dans une fonction d'agrégat LIGNE 24 : qualifying_1.driverid,            ^"
488,"-- meta {""num_joins"":2,""num_aggregates"":4,""has_union"":true,""has_intersect"":false,""has_negation"":false} (select max( results_1.date), results_1.resultid, results_1.grid, count(*), results_1.points, results_1.raceid, results_1.laps, avg( results_1.fastestlap), sum( results_1.points), results_1.position, results_1.fastestlap , provsql.sr_why(provsql.provenance(), 'provmap') from results as results_1 where results_1.milliseconds is not NULL group by results_1.fastestlap, results_1.grid, results_1.laps, results_1.points, results_1.position, results_1.raceid, results_1.resultid limit 34) UNION (select min( drivers_1.dob), constructor_standings_1.constructorid, constructor_standings_1.raceid, max( drivers_1.driverid), avg( constructor_standings_1.points), constructor_standings_1.constructorid, constructors_1.constructorid, min( constructor_standings_1.points), max( constructor_standings_1.points), constructor_standings_1.points, constructor_standings_1.points , provsql.sr_why(provsql.provenance(), 'provmap') from constructors as constructors_1 inner join drivers as drivers_1 inner join constructor_standings as constructor_standings_1 on (drivers_1.driverid = constructor_standings_1.constructorstandingsid ) on (constructors_1.constructorid = drivers_1.driverid ) where drivers_1.driverref is not NULL limit 24);",NO,"ERREUR:  la colonne « constructor_standings_1.constructorid » doit apparaître dans la clause GROUP BY ou doit être utilisé dans une fonction d'agrégat LIGNE 25 : constructor_standings_1.constructorid,            ^"
489,"-- meta {""num_joins"":3,""num_aggregates"":1,""has_union"":false,""has_intersect"":true,""has_negation"":false} (select constructors_1.nationality, min( drivers_1.dob) , provsql.sr_why(provsql.provenance(), 'provmap') from constructors as constructors_1 inner join drivers as drivers_1 on (constructors_1.constructorid = drivers_1.driverid ) where constructors_1.constructorid <= drivers_1.driverid group by constructors_1.nationality limit 18) INTERSECT (select circuits_1.location, min( results_1.date) , provsql.sr_why(provsql.provenance(), 'provmap') from standings as standings_1 inner join results as results_1 inner join circuits as circuits_1 on (results_1.resultid = circuits_1.circuitid ) on (standings_1.driverstandingsid = circuits_1.circuitid ) where circuits_1.name is not NULL limit 10);",NO,"ERREUR:  la colonne « circuits_1.location » doit apparaître dans la clause GROUP BY ou doit être utilisé dans une fonction d'agrégat LIGNE 14 : circuits_1.location,            ^"
490,"-- meta {""num_joins"":0,""num_aggregates"":9,""has_union"":false,""has_intersect"":false,""has_negation"":true} (select constructor_results_1.date, constructor_results_1.points, max( constructor_results_1.date), sum( constructor_results_1.constructorid), constructor_results_1.constructorresultsid, max( constructor_results_1.date), max( constructor_results_1.date), sum( constructor_results_1.constructorresultsid), constructor_results_1.raceid, max( constructor_results_1.date), max( constructor_results_1.date), constructor_results_1.constructorid, count(*), count( constructor_results_1.constructorid) , provsql.sr_why(provsql.provenance(), 'provmap') from constructor_results as constructor_results_1 where constructor_results_1.raceid is not NULL group by constructor_results_1.constructorid, constructor_results_1.constructorresultsid, constructor_results_1.date, constructor_results_1.points, constructor_results_1.raceid limit 39) EXCEPT (select standings_1.date, standings_1.points, min( standings_1.date), avg( standings_1.driverid), standings_1.wins, max( standings_1.date), min( standings_1.date), avg( standings_1.position), standings_1.driverstandingsid, min( standings_1.date), max( standings_1.date), standings_1.position, min( standings_1.raceid), count( standings_1.date) , provsql.sr_why(provsql.provenance(), 'provmap') from standings as standings_1 where standings_1.points <= standings_1.points limit 29);",NO,"ERREUR:  la colonne « standings_1.date » doit apparaître dans la clause GROUP BY ou doit être utilisé dans une fonction d'agrégat LIGNE 31 : standings_1.date,            ^"
491,"-- meta {""num_joins"":1,""num_aggregates"":1,""has_union"":false,""has_intersect"":false,""has_negation"":true} (select races_1.year, drivers_1.dob, races_1.round , provsql.sr_why(provsql.provenance(), 'provmap') from races as races_1 inner join drivers as drivers_1 on (races_1.raceid = drivers_1.driverid ) where drivers_1.code >= drivers_1.driverref limit 40) EXCEPT (select drivers_2.driverid, drivers_2.dob, avg( drivers_2.driverid) , provsql.sr_why(provsql.provenance(), 'provmap') from drivers as drivers_2 where drivers_2.driverid is not NULL group by drivers_2.code, drivers_2.forename limit 22);",NO,"ERREUR:  la colonne « drivers_2.driverid » doit apparaître dans la clause GROUP BY ou doit être utilisé dans une fonction d'agrégat LIGNE 13 : drivers_2.driverid,            ^"
492,"-- meta {""num_joins"":2,""num_aggregates"":2,""has_union"":false,""has_intersect"":true,""has_negation"":false} (select qualifying_1.qualifyid , provsql.sr_why(provsql.provenance(), 'provmap') from qualifying as qualifying_1 where qualifying_1.date is not NULL limit 24) INTERSECT (select constructor_results_1.raceid , provsql.sr_why(provsql.provenance(), 'provmap') from constructor_standings as constructor_standings_1 inner join constructor_results as constructor_results_1 on (constructor_standings_1.constructorstandingsid = constructor_results_1.constructorresultsid ) inner join constructor_results as constructor_results_2 on (constructor_standings_1.constructorstandingsid = constructor_results_2.constructorresultsid ) where constructor_standings_1.position is not NULL group by constructor_results_1.date, constructor_results_1.raceid, constructor_results_2.constructorresultsid, constructor_standings_1.date, constructor_standings_1.position, constructor_standings_1.raceid limit 31);",NO,"ERREUR:  Set operations other than UNION and EXCEPT not supported by provsql"
493,"-- meta {""num_joins"":1,""num_aggregates"":3,""has_union"":false,""has_intersect"":true,""has_negation"":false} (select drivers_1.forename, qualifying_1.qualifyid , provsql.sr_why(provsql.provenance(), 'provmap') from drivers as drivers_1 inner join qualifying as qualifying_1 on (drivers_1.driverid = qualifying_1.qualifyid ) where drivers_1.driverid is not NULL limit 4) INTERSECT (select races_1.time, min( races_1.round) , provsql.sr_why(provsql.provenance(), 'provmap') from races as races_1 where races_1.raceid is not NULL group by races_1.date, races_1.name, races_1.raceid, races_1.time, races_1.year limit 16);",NO,"ERREUR:  Set operations other than UNION and EXCEPT not supported by provsql"
494,"-- meta {""num_joins"":0,""num_aggregates"":0,""has_union"":true,""has_intersect"":false,""has_negation"":false} (select constructor_results_1.raceid, constructor_results_1.date, constructor_results_1.points , provsql.sr_why(provsql.provenance(), 'provmap') from constructor_results as constructor_results_1 where constructor_results_1.constructorid >= constructor_results_1.raceid limit 37) UNION (select min( results_1.rank), results_1.date, results_1.rank , provsql.sr_why(provsql.provenance(), 'provmap') from results as results_1 where results_1.number is not NULL limit 22);",NO,"ERREUR:  la colonne « results_1.date » doit apparaître dans la clause GROUP BY ou doit être utilisé dans une fonction d'agrégat LIGNE 13 : results_1.date,            ^"
495,"-- meta {""num_joins"":1,""num_aggregates"":0,""has_union"":true,""has_intersect"":false,""has_negation"":false} (select constructor_standings_1.position, results_1.fastestlap, constructor_standings_1.constructorstandingsid, constructor_standings_1.date , provsql.sr_why(provsql.provenance(), 'provmap') from constructor_standings as constructor_standings_1 inner join results as results_1 on (constructor_standings_1.constructorstandingsid = results_1.resultid ) where constructor_standings_1.date < results_1.date limit 20) UNION (select avg( circuits_1.circuitid), circuits_1.alt, circuits_1.circuitid, avg( circuits_1.circuitid) , provsql.sr_why(provsql.provenance(), 'provmap') from circuits as circuits_1 where circuits_1.circuitid > circuits_1.circuitid limit 33);",NO,"ERREUR:  la colonne « circuits_1.alt » doit apparaître dans la clause GROUP BY ou doit être utilisé dans une fonction d'agrégat LIGNE 16 : circuits_1.alt,            ^"
496,"-- meta {""num_joins"":1,""num_aggregates"":0,""has_union"":false,""has_intersect"":true,""has_negation"":false} (select constructor_standings_1.constructorid, constructor_standings_1.constructorstandingsid, constructor_standings_1.date, constructor_standings_1.position , provsql.sr_why(provsql.provenance(), 'provmap') from constructor_standings as constructor_standings_1 where constructor_standings_1.constructorstandingsid > constructor_standings_1.raceid limit 31) INTERSECT (select drivers_1.driverid, min( drivers_1.dob), drivers_1.dob, drivers_2.driverid , provsql.sr_why(provsql.provenance(), 'provmap') from drivers as drivers_1 inner join drivers as drivers_2 on (drivers_1.driverid = drivers_2.driverid ) where drivers_1.driverref is not NULL limit 1);",NO,"ERREUR:  la colonne « drivers_1.driverid » doit apparaître dans la clause GROUP BY ou doit être utilisé dans une fonction d'agrégat LIGNE 12 : drivers_1.driverid,            ^"
497,"-- meta {""num_joins"":0,""num_aggregates"":2,""has_union"":false,""has_intersect"":false,""has_negation"":false} select drivers_1.surname, drivers_1.driverid, drivers_1.dob, drivers_1.forename, avg( drivers_1.driverid), drivers_1.code, max( drivers_1.dob) , provsql.sr_why(provsql.provenance(), 'provmap') from drivers as drivers_1 where drivers_1.driverid is not NULL group by drivers_1.code, drivers_1.dob, drivers_1.driverid, drivers_1.forename, drivers_1.surname limit 38;",YES,""
498,"-- meta {""num_joins"":0,""num_aggregates"":1,""has_union"":false,""has_intersect"":false,""has_negation"":false} select circuits_1.circuitref, count( circuits_1.name), circuits_1.alt , provsql.sr_why(provsql.provenance(), 'provmap') from circuits as circuits_1 where circuits_1.alt is not NULL group by circuits_1.alt, circuits_1.circuitref limit 12;",YES,""
499,"-- meta {""num_joins"":3,""num_aggregates"":6,""has_union"":true,""has_intersect"":false,""has_negation"":false} (select count(*), max( results_1.date) , provsql.sr_why(provsql.provenance(), 'provmap') from results as results_1 inner join results as results_2 on (results_1.resultid = results_2.resultid ) inner join results as results_3 on (results_2.resultid = results_3.resultid ) where results_2.number is not NULL limit 24) UNION (select max( qualifying_1.number), min( qualifying_1.date) , provsql.sr_why(provsql.provenance(), 'provmap') from constructors as constructors_1 inner join qualifying as qualifying_1 on (constructors_1.constructorid = qualifying_1.qualifyid ) where constructors_1.constructorid is not NULL group by constructors_1.constructorid, constructors_1.nationality, qualifying_1.constructorid, qualifying_1.driverid limit 31);",NO,"ERREUR:  UNION/INTERSECT/EXCEPT n'a pas pu convertir le type provsql.agg_token en bigint"
500,"-- meta {""num_joins"":2,""num_aggregates"":1,""has_union"":false,""has_intersect"":false,""has_negation"":true} (select drivers_1.driverref, drivers_1.forename , provsql.sr_why(provsql.provenance(), 'provmap') from drivers as drivers_1 where drivers_1.forename is not NULL limit 17) EXCEPT (select max( constructor_standings_1.date), min( standings_1.date) , provsql.sr_why(provsql.provenance(), 'provmap') from qualifying as qualifying_1 inner join standings as standings_1 inner join constructor_standings as constructor_standings_1 on (standings_1.driverstandingsid = constructor_standings_1.constructorstandingsid ) on (qualifying_1.qualifyid = constructor_standings_1.constructorstandingsid ) where constructor_standings_1.position is not NULL group by constructor_standings_1.constructorid, constructor_standings_1.constructorstandingsid, constructor_standings_1.position, constructor_standings_1.wins, standings_1.date, standings_1.driverid, standings_1.driverstandingsid limit 25);",NO,"ERREUR:  les EXCEPT types text et timestamp without time zone ne peuvent pas correspondre LIGNE 10 : max(            ^"
501,"-- meta {""num_joins"":5,""num_aggregates"":3,""has_union"":false,""has_intersect"":false,""has_negation"":true} (select qualifying_1.constructorid, standings_1.driverstandingsid, sum( results_1.points), results_1.raceid, constructor_standings_1.constructorid, results_1.points, results_1.statusid, count(*) , provsql.sr_why(provsql.provenance(), 'provmap') from constructor_standings as constructor_standings_1 inner join standings as standings_1 inner join qualifying as qualifying_1 on (standings_1.driverstandingsid = qualifying_1.qualifyid ) inner join results as results_1 on (standings_1.driverstandingsid = results_1.resultid ) on (constructor_standings_1.constructorstandingsid = results_1.resultid ) where constructor_standings_1.constructorid is not NULL group by constructor_standings_1.constructorid, qualifying_1.constructorid, results_1.points, results_1.raceid, results_1.statusid, standings_1.driverstandingsid limit 41) EXCEPT (select results_2.laps, results_2.grid, min( results_2.rank), results_2.resultid, results_2.grid, results_2.rank, results_2.statusid, count( constructors_2.constructorref) , provsql.sr_why(provsql.provenance(), 'provmap') from results as results_2 inner join constructors as constructors_1 inner join constructors as constructors_2 on (constructors_1.constructorid = constructors_2.constructorid ) on (results_2.resultid = constructors_2.constructorid ) where constructors_2.name is not NULL group by constructors_1.constructorid, constructors_2.constructorref, results_2.grid, results_2.laps, results_2.statusid limit 36);",NO,"ERREUR:  la colonne « results_2.resultid » doit apparaître dans la clause GROUP BY ou doit être utilisé dans une fonction d'agrégat LIGNE 28 : results_2.resultid,            ^"
502,"-- meta {""num_joins"":2,""num_aggregates"":1,""has_union"":false,""has_intersect"":false,""has_negation"":true} (select standings_1.points, standings_1.raceid, standings_1.wins, standings_1.driverid , provsql.sr_why(provsql.provenance(), 'provmap') from standings as standings_1 where standings_1.wins is not NULL limit 7) EXCEPT (select min( races_1.date), min( races_1.date), results_1.statusid, circuits_1.circuitid , provsql.sr_why(provsql.provenance(), 'provmap') from circuits as circuits_1 inner join results as results_1 on (circuits_1.circuitid = results_1.resultid ) inner join races as races_1 on (results_1.resultid = races_1.raceid ) where results_1.driverid is not NULL group by circuits_1.country, circuits_1.lat, races_1.circuitid, races_1.name, results_1.driverid limit 23);",NO,"ERREUR:  la colonne « results_1.statusid » doit apparaître dans la clause GROUP BY ou doit être utilisé dans une fonction d'agrégat LIGNE 16 : results_1.statusid,            ^"
503,"-- meta {""num_joins"":2,""num_aggregates"":5,""has_union"":false,""has_intersect"":true,""has_negation"":false} (select standings_1.date, min( standings_1.wins), standings_1.points, min( standings_1.date), standings_1.driverid, min( standings_1.date), max( standings_1.driverstandingsid) , provsql.sr_why(provsql.provenance(), 'provmap') from standings as standings_1 where standings_1.position <= standings_1.raceid group by standings_1.date, standings_1.driverid, standings_1.points limit 17) INTERSECT (select drivers_1.dob, count( circuits_2.circuitid), circuits_1.lng, max( drivers_1.dob), circuits_1.circuitid, min( drivers_1.dob), count( circuits_2.country) , provsql.sr_why(provsql.provenance(), 'provmap') from drivers as drivers_1 inner join circuits as circuits_1 inner join circuits as circuits_2 on (circuits_1.circuitid = circuits_2.circuitid ) on (drivers_1.driverid = circuits_1.circuitid ) where drivers_1.driverid is not NULL group by circuits_2.lng, drivers_1.nationality limit 1);",NO,"ERREUR:  la colonne « drivers_1.dob » doit apparaître dans la clause GROUP BY ou doit être utilisé dans une fonction d'agrégat LIGNE 20 : drivers_1.dob,            ^"
504,"-- meta {""num_joins"":1,""num_aggregates"":1,""has_union"":true,""has_intersect"":false,""has_negation"":false} (select results_1.points, results_1.positionorder, results_1.position, sum( results_1.points), results_1.fastestlap , provsql.sr_why(provsql.provenance(), 'provmap') from results as results_1 where results_1.laps is not NULL group by results_1.fastestlap, results_1.points, results_1.position, results_1.positionorder limit 12) UNION (select results_2.fastestlap, results_2.constructorid, results_2.points, min( results_2.position), max( results_2.date) , provsql.sr_why(provsql.provenance(), 'provmap') from drivers as drivers_1 inner join results as results_2 on (drivers_1.driverid = results_2.resultid ) where results_2.laps is not NULL limit 2);",NO,"ERREUR:  la colonne « results_2.fastestlap » doit apparaître dans la clause GROUP BY ou doit être utilisé dans une fonction d'agrégat LIGNE 15 : results_2.fastestlap,            ^"
505,"-- meta {""num_joins"":1,""num_aggregates"":2,""has_union"":false,""has_intersect"":false,""has_negation"":true} (select circuits_1.location, min( circuits_1.lng), circuits_1.lat, circuits_1.lng, circuits_1.circuitid, sum( circuits_1.circuitid) , provsql.sr_why(provsql.provenance(), 'provmap') from circuits as circuits_1 where circuits_1.location is not NULL group by circuits_1.circuitid, circuits_1.lat, circuits_1.lng, circuits_1.location limit 17) EXCEPT (select circuits_2.country, max( standings_1.points), standings_1.points, circuits_2.alt, circuits_2.circuitid, avg( circuits_2.circuitid) , provsql.sr_why(provsql.provenance(), 'provmap') from circuits as circuits_2 inner join standings as standings_1 on (circuits_2.circuitid = standings_1.driverstandingsid ) where circuits_2.name is not NULL limit 31);",NO,"ERREUR:  la colonne « circuits_2.country » doit apparaître dans la clause GROUP BY ou doit être utilisé dans une fonction d'agrégat LIGNE 17 : circuits_2.country,            ^"
506,"-- meta {""num_joins"":0,""num_aggregates"":0,""has_union"":false,""has_intersect"":false,""has_negation"":false} select qualifying_1.number, qualifying_1.constructorid, qualifying_1.driverid, qualifying_1.position , provsql.sr_why(provsql.provenance(), 'provmap') from qualifying as qualifying_1 where qualifying_1.driverid is not NULL limit 30;",YES,""
507,"-- meta {""num_joins"":0,""num_aggregates"":2,""has_union"":false,""has_intersect"":true,""has_negation"":false} (select drivers_1.driverref , provsql.sr_why(provsql.provenance(), 'provmap') from drivers as drivers_1 where drivers_1.nationality is not NULL limit 31) INTERSECT (select min( qualifying_1.date) , provsql.sr_why(provsql.provenance(), 'provmap') from qualifying as qualifying_1 where qualifying_1.raceid is not NULL limit 2);",NO,"ERREUR:  les INTERSECT types text et timestamp without time zone ne peuvent pas correspondre LIGNE 9 : min(           ^"
508,"-- meta {""num_joins"":0,""num_aggregates"":2,""has_union"":false,""has_intersect"":true,""has_negation"":false} (select constructor_standings_1.position, constructor_standings_1.wins , provsql.sr_why(provsql.provenance(), 'provmap') from constructor_standings as constructor_standings_1 where constructor_standings_1.points = constructor_standings_1.points limit 17) INTERSECT (select circuits_1.circuitid, circuits_1.circuitid , provsql.sr_why(provsql.provenance(), 'provmap') from circuits as circuits_1 where circuits_1.location is not NULL group by circuits_1.circuitid, circuits_1.circuitref, circuits_1.country, circuits_1.lat, circuits_1.location limit 9);",NO,"ERREUR:  Set operations other than UNION and EXCEPT not supported by provsql"
509,"-- meta {""num_joins"":0,""num_aggregates"":0,""has_union"":false,""has_intersect"":true,""has_negation"":false} (select qualifying_1.constructorid, qualifying_1.driverid , provsql.sr_why(provsql.provenance(), 'provmap') from qualifying as qualifying_1 where qualifying_1.qualifyid is not NULL limit 4) INTERSECT (select constructor_standings_1.constructorstandingsid, min( constructor_standings_1.points) , provsql.sr_why(provsql.provenance(), 'provmap') from constructor_standings as constructor_standings_1 where constructor_standings_1.date is not NULL limit 30);",NO,"ERREUR:  la colonne « constructor_standings_1.constructorstandingsid » doit apparaître dans la clause GROUP BY ou doit être utilisé dans une fonction d'agrégat LIGNE 10 : constructor_standings_1.constructorstandingsid,            ^"
510,"-- meta {""num_joins"":3,""num_aggregates"":4,""has_union"":false,""has_intersect"":false,""has_negation"":false} select sum( constructor_results_1.points), constructor_results_1.date, min( constructor_results_1.points), sum( constructor_results_1.points), constructor_results_1.points, races_1.year, races_2.name, max( constructor_results_1.date), races_2.time , provsql.sr_why(provsql.provenance(), 'provmap') from races as races_1 inner join races as races_2 inner join constructor_results as constructor_results_1 on (races_2.raceid = constructor_results_1.constructorresultsid ) inner join qualifying as qualifying_1 on (races_2.raceid = qualifying_1.qualifyid ) on (races_1.raceid = races_2.raceid ) where races_1.name <= races_2.name group by constructor_results_1.date, constructor_results_1.points, races_1.year, races_2.name, races_2.time limit 13;",YES,""
511,"-- meta {""num_joins"":1,""num_aggregates"":1,""has_union"":false,""has_intersect"":false,""has_negation"":true} (select constructors_1.name , provsql.sr_why(provsql.provenance(), 'provmap') from constructors as constructors_1 where constructors_1.constructorid is not NULL limit 36) EXCEPT (select circuits_1.name , provsql.sr_why(provsql.provenance(), 'provmap') from circuits as circuits_1 inner join constructors as constructors_2 on (circuits_1.circuitid = constructors_2.constructorid ) where constructors_2.nationality is not NULL group by circuits_1.circuitref, circuits_1.location, constructors_2.constructorid, constructors_2.nationality limit 41);",NO,"ERREUR:  la colonne « circuits_1.name » doit apparaître dans la clause GROUP BY ou doit être utilisé dans une fonction d'agrégat LIGNE 9 : circuits_1.name           ^"
512,"-- meta {""num_joins"":1,""num_aggregates"":1,""has_union"":false,""has_intersect"":false,""has_negation"":true} (select races_1.raceid, constructor_standings_1.constructorid , provsql.sr_why(provsql.provenance(), 'provmap') from races as races_1 inner join constructor_standings as constructor_standings_1 on (races_1.raceid = constructor_standings_1.constructorstandingsid ) where races_1.date is not NULL limit 13) EXCEPT (select constructor_standings_2.wins, constructor_standings_2.constructorstandingsid , provsql.sr_why(provsql.provenance(), 'provmap') from constructor_standings as constructor_standings_2 where constructor_standings_2.constructorid is not NULL group by constructor_standings_2.constructorstandingsid, constructor_standings_2.date, constructor_standings_2.points, constructor_standings_2.position, constructor_standings_2.raceid, constructor_standings_2.wins limit 36);",YES,""
513,"-- meta {""num_joins"":0,""num_aggregates"":1,""has_union"":false,""has_intersect"":true,""has_negation"":false} (select races_1.name , provsql.sr_why(provsql.provenance(), 'provmap') from races as races_1 where races_1.year is not NULL limit 2) INTERSECT (select min( drivers_1.dob) , provsql.sr_why(provsql.provenance(), 'provmap') from drivers as drivers_1 where drivers_1.driverid <= drivers_1.driverid group by drivers_1.code, drivers_1.dob, drivers_1.driverid, drivers_1.nationality limit 38);",NO,"ERREUR:  les INTERSECT types text et timestamp without time zone ne peuvent pas correspondre LIGNE 9 : min(           ^"
514,"-- meta {""num_joins"":2,""num_aggregates"":0,""has_union"":false,""has_intersect"":true,""has_negation"":false} (select constructor_results_1.points, drivers_1.forename, drivers_1.nationality, drivers_1.driverid, constructor_results_1.constructorresultsid , provsql.sr_why(provsql.provenance(), 'provmap') from drivers as drivers_1 inner join constructor_results as constructor_results_1 inner join constructor_results as constructor_results_2 on (constructor_results_1.constructorresultsid = constructor_results_2.constructorresultsid ) on (drivers_1.driverid = constructor_results_2.constructorresultsid ) where constructor_results_2.raceid is not NULL limit 18) INTERSECT (select min( drivers_2.dob), drivers_2.driverref, drivers_2.forename, drivers_2.driverid, count( drivers_2.nationality) , provsql.sr_why(provsql.provenance(), 'provmap') from drivers as drivers_2 where drivers_2.dob <= drivers_2.dob limit 15);",NO,"ERREUR:  la colonne « drivers_2.driverref » doit apparaître dans la clause GROUP BY ou doit être utilisé dans une fonction d'agrégat LIGNE 19 : drivers_2.driverref,            ^"
515,"-- meta {""num_joins"":1,""num_aggregates"":0,""has_union"":false,""has_intersect"":false,""has_negation"":true} (select results_1.resultid, results_1.laps, results_1.position, constructor_results_1.date , provsql.sr_why(provsql.provenance(), 'provmap') from constructor_results as constructor_results_1 inner join results as results_1 on (constructor_results_1.constructorresultsid = results_1.resultid ) where results_1.positionorder = results_1.resultid limit 27) EXCEPT (select circuits_1.circuitid, circuits_1.circuitid, circuits_1.lat, sum( circuits_1.circuitid) , provsql.sr_why(provsql.provenance(), 'provmap') from circuits as circuits_1 where circuits_1.circuitid is not NULL limit 18);",NO,"ERREUR:  la colonne « circuits_1.circuitid » doit apparaître dans la clause GROUP BY ou doit être utilisé dans une fonction d'agrégat LIGNE 14 : circuits_1.circuitid,            ^"
516,"-- meta {""num_joins"":1,""num_aggregates"":1,""has_union"":false,""has_intersect"":false,""has_negation"":false} select circuits_1.location, drivers_1.driverref, circuits_1.circuitid, circuits_1.country, drivers_1.nationality, drivers_1.surname, circuits_1.alt, count( circuits_1.circuitid) , provsql.sr_why(provsql.provenance(), 'provmap') from circuits as circuits_1 inner join drivers as drivers_1 on (circuits_1.circuitid = drivers_1.driverid ) where drivers_1.surname is not NULL group by circuits_1.alt, circuits_1.circuitid, circuits_1.country, circuits_1.location, drivers_1.driverref, drivers_1.nationality, drivers_1.surname limit 26;",YES,""
517,"-- meta {""num_joins"":2,""num_aggregates"":0,""has_union"":false,""has_intersect"":false,""has_negation"":true} (select drivers_2.nationality, constructors_1.constructorid, drivers_2.code, constructors_1.constructorref, drivers_1.driverref, drivers_1.driverid, drivers_2.forename , provsql.sr_why(provsql.provenance(), 'provmap') from drivers as drivers_1 inner join constructors as constructors_1 inner join drivers as drivers_2 on (constructors_1.constructorid = drivers_2.driverid ) on (drivers_1.driverid = constructors_1.constructorid ) where drivers_2.code is not NULL limit 20) EXCEPT (select avg( results_1.fastestlap), results_1.laps, min( results_1.date), count(*), avg( results_1.rank), results_1.grid, max( results_1.date) , provsql.sr_why(provsql.provenance(), 'provmap') from results as results_1 where results_1.fastestlap is not NULL limit 21);",NO,"ERREUR:  la colonne « results_1.laps » doit apparaître dans la clause GROUP BY ou doit être utilisé dans une fonction d'agrégat LIGNE 21 : results_1.laps,            ^"
518,"-- meta {""num_joins"":0,""num_aggregates"":0,""has_union"":false,""has_intersect"":false,""has_negation"":false} select constructor_standings_1.constructorstandingsid, constructor_standings_1.position, constructor_standings_1.date , provsql.sr_why(provsql.provenance(), 'provmap') from constructor_standings as constructor_standings_1 where constructor_standings_1.wins < constructor_standings_1.constructorstandingsid limit 20;",YES,""
519,"-- meta {""num_joins"":2,""num_aggregates"":0,""has_union"":true,""has_intersect"":false,""has_negation"":false} (select drivers_1.driverid, standings_1.points, standings_1.driverstandingsid, drivers_1.surname , provsql.sr_why(provsql.provenance(), 'provmap') from standings as standings_1 inner join drivers as drivers_1 on (standings_1.driverstandingsid = drivers_1.driverid ) where drivers_1.driverid is not NULL limit 17) UNION (select min( constructor_standings_1.points), constructor_results_1.points, constructor_standings_1.constructorid, max( constructor_standings_1.date) , provsql.sr_why(provsql.provenance(), 'provmap') from constructor_standings as constructor_standings_1 inner join constructor_results as constructor_results_1 on (constructor_standings_1.constructorstandingsid = constructor_results_1.constructorresultsid ) where constructor_results_1.date is not NULL limit 14);",NO,"ERREUR:  la colonne « constructor_results_1.points » doit apparaître dans la clause GROUP BY ou doit être utilisé dans une fonction d'agrégat LIGNE 16 : constructor_results_1.points,            ^"
520,"-- meta {""num_joins"":0,""num_aggregates"":2,""has_union"":false,""has_intersect"":true,""has_negation"":false} (select standings_1.raceid, standings_1.wins, standings_1.driverstandingsid, standings_1.position, count( standings_1.position), standings_1.date , provsql.sr_why(provsql.provenance(), 'provmap') from standings as standings_1 where standings_1.date is not NULL group by standings_1.date, standings_1.driverstandingsid, standings_1.position, standings_1.raceid, standings_1.wins limit 29) INTERSECT (select qualifying_1.driverid, qualifying_1.position, qualifying_1.qualifyid, qualifying_1.position, max( qualifying_1.number), avg( qualifying_1.qualifyid) , provsql.sr_why(provsql.provenance(), 'provmap') from qualifying as qualifying_1 where qualifying_1.position > qualifying_1.raceid group by qualifying_1.driverid, qualifying_1.qualifyid limit 20);",NO,"ERREUR:  les INTERSECT types timestamp without time zone et numeric ne peuvent pas correspondre LIGNE 22 : avg(            ^"
521,"-- meta {""num_joins"":0,""num_aggregates"":4,""has_union"":false,""has_intersect"":true,""has_negation"":false} (select sum( constructors_1.constructorid), count(*), constructors_1.constructorid, constructors_1.nationality , provsql.sr_why(provsql.provenance(), 'provmap') from constructors as constructors_1 where constructors_1.nationality is not NULL group by constructors_1.constructorid, constructors_1.nationality limit 29) INTERSECT (select avg( constructors_2.constructorid), count( constructors_2.constructorid), constructors_2.constructorid, constructors_2.nationality , provsql.sr_why(provsql.provenance(), 'provmap') from constructors as constructors_2 where constructors_2.constructorref is not NULL group by constructors_2.constructorid, constructors_2.constructorref limit 24);",NO,"ERREUR:  Set operations other than UNION and EXCEPT not supported by provsql"
522,"-- meta {""num_joins"":5,""num_aggregates"":1,""has_union"":false,""has_intersect"":false,""has_negation"":false} select drivers_1.driverid, min( constructor_results_1.constructorid), results_1.constructorid , provsql.sr_why(provsql.provenance(), 'provmap') from races as races_1 inner join qualifying as qualifying_1 on (races_1.raceid = qualifying_1.qualifyid ) inner join drivers as drivers_1 inner join races as races_2 inner join constructor_results as constructor_results_1 on (races_2.raceid = constructor_results_1.constructorresultsid ) on (drivers_1.driverid = constructor_results_1.constructorresultsid ) inner join results as results_1 on (constructor_results_1.constructorresultsid = results_1.resultid ) on (qualifying_1.qualifyid = results_1.resultid ) where races_2.name is not NULL group by drivers_1.driverid, results_1.constructorid limit 18;",YES,""
523,"-- meta {""num_joins"":0,""num_aggregates"":2,""has_union"":false,""has_intersect"":true,""has_negation"":false} (select sum( circuits_1.lat), circuits_1.alt, circuits_1.circuitid, max( circuits_1.circuitid), circuits_1.country, circuits_1.name, circuits_1.lng , provsql.sr_why(provsql.provenance(), 'provmap') from circuits as circuits_1 where circuits_1.lng is not NULL group by circuits_1.alt, circuits_1.circuitid, circuits_1.country, circuits_1.lng, circuits_1.name limit 40) INTERSECT (select avg( constructor_results_1.points), constructor_results_1.points, constructor_results_1.constructorresultsid, count( constructor_results_1.raceid), avg( constructor_results_1.constructorid), avg( constructor_results_1.raceid), constructor_results_1.points , provsql.sr_why(provsql.provenance(), 'provmap') from constructor_results as constructor_results_1 where constructor_results_1.points is not NULL limit 4);",NO,"ERREUR:  la colonne « constructor_results_1.points » doit apparaître dans la clause GROUP BY ou doit être utilisé dans une fonction d'agrégat LIGNE 20 : constructor_results_1.points,            ^"
524,"-- meta {""num_joins"":3,""num_aggregates"":1,""has_union"":false,""has_intersect"":false,""has_negation"":true} (select constructor_standings_1.wins, races_1.raceid, races_1.year, constructor_standings_1.points, races_1.date, constructor_standings_1.raceid , provsql.sr_why(provsql.provenance(), 'provmap') from races as races_1 inner join constructor_standings as constructor_standings_1 on (races_1.raceid = constructor_standings_1.constructorstandingsid ) where races_1.date = constructor_standings_1.date limit 9) EXCEPT (select constructors_1.constructorid, constructors_1.constructorid, circuits_1.circuitid, avg( constructors_1.constructorid), count(*), constructors_1.constructorid , provsql.sr_why(provsql.provenance(), 'provmap') from circuits as circuits_1 inner join constructors as constructors_1 on (circuits_1.circuitid = constructors_1.constructorid ) inner join constructors as constructors_2 on (constructors_1.constructorid = constructors_2.constructorid ) where constructors_1.name is not NULL group by circuits_1.lng, constructors_2.constructorid, constructors_2.constructorref limit 14);",NO,"ERREUR:  la colonne « constructors_1.constructorid » doit apparaître dans la clause GROUP BY ou doit être utilisé dans une fonction d'agrégat LIGNE 16 : constructors_1.constructorid,            ^"
525,"-- meta {""num_joins"":1,""num_aggregates"":1,""has_union"":false,""has_intersect"":false,""has_negation"":true} (select circuits_1.location , provsql.sr_why(provsql.provenance(), 'provmap') from circuits as circuits_1 inner join constructors as constructors_1 on (circuits_1.circuitid = constructors_1.constructorid ) where constructors_1.constructorid is not NULL limit 39) EXCEPT (select avg( standings_1.points) , provsql.sr_why(provsql.provenance(), 'provmap') from standings as standings_1 where standings_1.date >= standings_1.date group by standings_1.driverid, standings_1.raceid, standings_1.wins limit 16);",NO,"ERREUR:  les EXCEPT types text et double precision ne peuvent pas correspondre LIGNE 11 : avg(            ^"
526,"-- meta {""num_joins"":5,""num_aggregates"":2,""has_union"":false,""has_intersect"":true,""has_negation"":false} (select constructor_standings_2.wins , provsql.sr_why(provsql.provenance(), 'provmap') from results as results_1 inner join standings as standings_1 on (results_1.resultid = standings_1.driverstandingsid ) inner join constructor_standings as constructor_standings_1 on (results_1.resultid = constructor_standings_1.constructorstandingsid ) inner join constructor_standings as constructor_standings_2 on (constructor_standings_1.constructorstandingsid = constructor_standings_2.constructorstandingsid ) where constructor_standings_2.points is not NULL limit 36) INTERSECT (select count( qualifying_1.constructorid) , provsql.sr_why(provsql.provenance(), 'provmap') from results as results_2 inner join circuits as circuits_1 inner join qualifying as qualifying_1 on (circuits_1.circuitid = qualifying_1.qualifyid ) on (results_2.resultid = circuits_1.circuitid ) where circuits_1.name is not NULL group by circuits_1.location, circuits_1.name, qualifying_1.constructorid, qualifying_1.driverid, results_2.milliseconds limit 31);",NO,"ERREUR:  Set operations other than UNION and EXCEPT not supported by provsql"
527,"-- meta {""num_joins"":4,""num_aggregates"":2,""has_union"":true,""has_intersect"":false,""has_negation"":false} (select circuits_1.location, circuits_1.alt, circuits_1.lng, circuits_1.circuitid , provsql.sr_why(provsql.provenance(), 'provmap') from circuits as circuits_1 where circuits_1.alt is not NULL limit 25) UNION (select drivers_3.code, results_1.points, results_1.milliseconds, qualifying_1.position , provsql.sr_why(provsql.provenance(), 'provmap') from qualifying as qualifying_1 inner join drivers as drivers_1 inner join results as results_1 inner join drivers as drivers_2 on (results_1.resultid = drivers_2.driverid ) on (drivers_1.driverid = results_1.resultid ) on (qualifying_1.qualifyid = results_1.resultid ) inner join drivers as drivers_3 on (drivers_1.driverid = drivers_3.driverid ) where drivers_3.driverid < results_1.laps group by drivers_1.surname limit 1);",NO,"ERREUR:  la colonne « drivers_3.code » doit apparaître dans la clause GROUP BY ou doit être utilisé dans une fonction d'agrégat LIGNE 12 : drivers_3.code,            ^"
528,"-- meta {""num_joins"":0,""num_aggregates"":0,""has_union"":true,""has_intersect"":false,""has_negation"":false} (select standings_1.wins , provsql.sr_why(provsql.provenance(), 'provmap') from standings as standings_1 where standings_1.raceid is not NULL limit 3) UNION (select races_1.circuitid , provsql.sr_why(provsql.provenance(), 'provmap') from races as races_1 where races_1.year is not NULL limit 19);",YES,""
529,"-- meta {""num_joins"":2,""num_aggregates"":1,""has_union"":true,""has_intersect"":false,""has_negation"":false} (select constructor_standings_1.position , provsql.sr_why(provsql.provenance(), 'provmap') from constructor_standings as constructor_standings_1 where constructor_standings_1.constructorid is not NULL limit 14) UNION (select constructor_standings_2.raceid , provsql.sr_why(provsql.provenance(), 'provmap') from qualifying as qualifying_1 inner join constructor_standings as constructor_standings_2 on (qualifying_1.qualifyid = constructor_standings_2.constructorstandingsid ) inner join constructor_results as constructor_results_1 on (qualifying_1.qualifyid = constructor_results_1.constructorresultsid ) where constructor_results_1.constructorid is not NULL group by qualifying_1.number, qualifying_1.position limit 33);",NO,"ERREUR:  la colonne « constructor_standings_2.raceid » doit apparaître dans la clause GROUP BY ou doit être utilisé dans une fonction d'agrégat LIGNE 9 : constructor_standings_2.raceid           ^"
530,"-- meta {""num_joins"":0,""num_aggregates"":0,""has_union"":false,""has_intersect"":false,""has_negation"":true} (select constructor_results_1.raceid , provsql.sr_why(provsql.provenance(), 'provmap') from constructor_results as constructor_results_1 where constructor_results_1.constructorid is not NULL limit 2) EXCEPT (select standings_1.driverid , provsql.sr_why(provsql.provenance(), 'provmap') from standings as standings_1 where standings_1.driverid is not NULL limit 20);",YES,""
531,"-- meta {""num_joins"":0,""num_aggregates"":0,""has_union"":true,""has_intersect"":false,""has_negation"":false} (select drivers_1.nationality, drivers_1.driverid , provsql.sr_why(provsql.provenance(), 'provmap') from drivers as drivers_1 where drivers_1.driverref is not NULL limit 35) UNION (select count(*), constructors_1.constructorid , provsql.sr_why(provsql.provenance(), 'provmap') from constructors as constructors_1 where constructors_1.nationality is not NULL limit 29);",NO,"ERREUR:  la colonne « constructors_1.constructorid » doit apparaître dans la clause GROUP BY ou doit être utilisé dans une fonction d'agrégat LIGNE 11 : constructors_1.constructorid            ^"
532,"-- meta {""num_joins"":0,""num_aggregates"":6,""has_union"":false,""has_intersect"":false,""has_negation"":true} (select drivers_1.surname, drivers_1.forename, drivers_1.code, drivers_1.nationality, drivers_1.driverref, max( drivers_1.dob), max( drivers_1.dob), count( drivers_1.driverref), sum( drivers_1.driverid), min( drivers_1.dob) , provsql.sr_why(provsql.provenance(), 'provmap') from drivers as drivers_1 where drivers_1.nationality is not NULL group by drivers_1.code, drivers_1.driverref, drivers_1.forename, drivers_1.nationality, drivers_1.surname limit 13) EXCEPT (select races_1.time, races_1.name, races_1.time, races_1.name, races_1.name, min( races_1.date), min( races_1.date), max( races_1.year), avg( races_1.year), max( races_1.date) , provsql.sr_why(provsql.provenance(), 'provmap') from races as races_1 where races_1.circuitid = races_1.raceid group by races_1.round limit 6);",NO,"ERREUR:  la colonne « races_1.time » doit apparaître dans la clause GROUP BY ou doit être utilisé dans une fonction d'agrégat LIGNE 24 : races_1.time,            ^"
533,"-- meta {""num_joins"":0,""num_aggregates"":1,""has_union"":false,""has_intersect"":true,""has_negation"":false} (select standings_1.raceid, standings_1.position, standings_1.driverstandingsid, standings_1.wins , provsql.sr_why(provsql.provenance(), 'provmap') from standings as standings_1 where standings_1.points is not NULL limit 12) INTERSECT (select constructor_standings_1.constructorstandingsid, constructor_standings_1.raceid, constructor_standings_1.constructorstandingsid, max( constructor_standings_1.points) , provsql.sr_why(provsql.provenance(), 'provmap') from constructor_standings as constructor_standings_1 where constructor_standings_1.date <= constructor_standings_1.date group by constructor_standings_1.date, constructor_standings_1.position limit 8);",NO,"ERREUR:  la colonne « constructor_standings_1.constructorstandingsid » doit apparaître dans la clause GROUP BY ou doit être utilisé dans une fonction d'agrégat LIGNE 12 : constructor_standings_1.constructorstandingsid,            ^"
534,"-- meta {""num_joins"":0,""num_aggregates"":2,""has_union"":true,""has_intersect"":false,""has_negation"":false} (select drivers_1.forename, drivers_1.nationality , provsql.sr_why(provsql.provenance(), 'provmap') from drivers as drivers_1 where drivers_1.surname is not NULL limit 4) UNION (select circuits_1.country, circuits_1.country , provsql.sr_why(provsql.provenance(), 'provmap') from circuits as circuits_1 where circuits_1.location is not NULL limit 33);",YES,""
535,"-- meta {""num_joins"":1,""num_aggregates"":3,""has_union"":false,""has_intersect"":true,""has_negation"":false} (select count( races_1.raceid), count( races_1.raceid) , provsql.sr_why(provsql.provenance(), 'provmap') from races as races_1 where races_1.year is not NULL limit 1) INTERSECT (select max( results_1.resultid), min( results_1.constructorid) , provsql.sr_why(provsql.provenance(), 'provmap') from results as results_1 inner join races as races_2 on (results_1.resultid = races_2.raceid ) where results_1.date > races_2.date group by results_1.grid, results_1.milliseconds, results_1.number limit 15);",NO,"ERREUR:  Set operations other than UNION and EXCEPT not supported by provsql"
536,"-- meta {""num_joins"":1,""num_aggregates"":1,""has_union"":false,""has_intersect"":false,""has_negation"":true} (select results_1.statusid, results_1.position, results_1.positionorder , provsql.sr_why(provsql.provenance(), 'provmap') from results as results_1 inner join constructors as constructors_1 on (results_1.resultid = constructors_1.constructorid ) where results_1.position is not NULL limit 7) EXCEPT (select min( races_1.date), min( races_1.date), races_1.raceid , provsql.sr_why(provsql.provenance(), 'provmap') from races as races_1 where races_1.name > races_1.time group by races_1.circuitid, races_1.date, races_1.round limit 33);",NO,"ERREUR:  la colonne « races_1.raceid » doit apparaître dans la clause GROUP BY ou doit être utilisé dans une fonction d'agrégat LIGNE 17 : races_1.raceid            ^"
537,"-- meta {""num_joins"":1,""num_aggregates"":0,""has_union"":false,""has_intersect"":false,""has_negation"":false} select drivers_1.code, drivers_1.dob , provsql.sr_why(provsql.provenance(), 'provmap') from drivers as drivers_1 inner join constructor_results as constructor_results_1 on (drivers_1.driverid = constructor_results_1.constructorresultsid ) where drivers_1.nationality = drivers_1.code limit 19;",YES,""
538,"-- meta {""num_joins"":0,""num_aggregates"":2,""has_union"":true,""has_intersect"":false,""has_negation"":false} (select qualifying_1.number, max( qualifying_1.position), qualifying_1.driverid, qualifying_1.constructorid, qualifying_1.date, qualifying_1.position, count(*) , provsql.sr_why(provsql.provenance(), 'provmap') from qualifying as qualifying_1 where qualifying_1.number is not NULL group by qualifying_1.constructorid, qualifying_1.date, qualifying_1.driverid, qualifying_1.number, qualifying_1.position limit 6) UNION (select constructors_1.constructorid, count(*), constructors_1.constructorid, constructors_1.constructorid, sum( constructors_1.constructorid), constructors_1.constructorid, min( constructors_1.constructorid) , provsql.sr_why(provsql.provenance(), 'provmap') from constructors as constructors_1 where constructors_1.constructorid is not NULL limit 37);",NO,"ERREUR:  la colonne « constructors_1.constructorid » doit apparaître dans la clause GROUP BY ou doit être utilisé dans une fonction d'agrégat LIGNE 17 : constructors_1.constructorid,            ^"
539,"-- meta {""num_joins"":0,""num_aggregates"":3,""has_union"":true,""has_intersect"":false,""has_negation"":false} (select circuits_1.name, circuits_1.country, circuits_1.circuitid, sum( circuits_1.alt), circuits_1.location, count(*), circuits_1.lat, circuits_1.circuitref , provsql.sr_why(provsql.provenance(), 'provmap') from circuits as circuits_1 where circuits_1.country is not NULL group by circuits_1.circuitid, circuits_1.circuitref, circuits_1.country, circuits_1.lat, circuits_1.location, circuits_1.name limit 20) UNION (select max( results_1.statusid), min( results_1.fastestlap), results_1.positionorder, min( results_1.rank), min( results_1.date), count( results_1.statusid), results_1.rank, min( results_1.constructorid) , provsql.sr_why(provsql.provenance(), 'provmap') from results as results_1 where results_1.points is not NULL group by results_1.grid, results_1.number limit 14);",NO,"ERREUR:  la colonne « results_1.positionorder » doit apparaître dans la clause GROUP BY ou doit être utilisé dans une fonction d'agrégat LIGNE 22 : results_1.positionorder,            ^"
540,"-- meta {""num_joins"":0,""num_aggregates"":1,""has_union"":true,""has_intersect"":false,""has_negation"":false} (select constructor_results_1.points , provsql.sr_why(provsql.provenance(), 'provmap') from constructor_results as constructor_results_1 where constructor_results_1.date < constructor_results_1.date limit 42) UNION (select constructor_standings_1.points , provsql.sr_why(provsql.provenance(), 'provmap') from constructor_standings as constructor_standings_1 where constructor_standings_1.date < constructor_standings_1.date group by constructor_standings_1.constructorid, constructor_standings_1.constructorstandingsid, constructor_standings_1.date, constructor_standings_1.points, constructor_standings_1.position, constructor_standings_1.raceid, constructor_standings_1.wins limit 34);",YES,""
541,"-- meta {""num_joins"":1,""num_aggregates"":0,""has_union"":false,""has_intersect"":true,""has_negation"":false} (select constructor_standings_1.position, constructor_standings_1.points , provsql.sr_why(provsql.provenance(), 'provmap') from constructor_standings as constructor_standings_1 where constructor_standings_1.position is not NULL limit 12) INTERSECT (select standings_1.driverid, standings_1.points , provsql.sr_why(provsql.provenance(), 'provmap') from standings as standings_1 inner join constructors as constructors_1 on (standings_1.driverstandingsid = constructors_1.constructorid ) where standings_1.date > standings_1.date limit 26);",NO,"ERREUR:  Set operations other than UNION and EXCEPT not supported by provsql"
542,"-- meta {""num_joins"":0,""num_aggregates"":0,""has_union"":false,""has_intersect"":true,""has_negation"":false} (select results_1.number , provsql.sr_why(provsql.provenance(), 'provmap') from results as results_1 where results_1.raceid is not NULL limit 11) INTERSECT (select results_2.number , provsql.sr_why(provsql.provenance(), 'provmap') from results as results_2 where results_2.resultid is not NULL limit 29);",NO,"ERREUR:  Set operations other than UNION and EXCEPT not supported by provsql"
543,"-- meta {""num_joins"":0,""num_aggregates"":6,""has_union"":false,""has_intersect"":true,""has_negation"":false} (select constructors_1.name, max( constructors_1.constructorid), constructors_1.nationality, constructors_1.constructorid, constructors_1.constructorref, avg( constructors_1.constructorid), min( constructors_1.constructorid), max( constructors_1.constructorid) , provsql.sr_why(provsql.provenance(), 'provmap') from constructors as constructors_1 where constructors_1.nationality is not NULL group by constructors_1.constructorid, constructors_1.constructorref, constructors_1.name, constructors_1.nationality limit 1) INTERSECT (select max( results_1.date), max( results_1.laps), max( results_1.statusid), results_1.constructorid, count( results_1.positionorder), sum( results_1.laps), count(*), max( results_1.driverid) , provsql.sr_why(provsql.provenance(), 'provmap') from results as results_1 where results_1.constructorid >= results_1.grid group by results_1.date, results_1.grid, results_1.milliseconds, results_1.number limit 38);",NO,"ERREUR:  la colonne « results_1.constructorid » doit apparaître dans la clause GROUP BY ou doit être utilisé dans une fonction d'agrégat LIGNE 27 : results_1.constructorid,            ^"
544,"-- meta {""num_joins"":2,""num_aggregates"":4,""has_union"":false,""has_intersect"":false,""has_negation"":true} (select standings_1.wins, min( standings_1.raceid), standings_1.position , provsql.sr_why(provsql.provenance(), 'provmap') from standings as standings_1 where standings_1.wins is not NULL group by standings_1.position, standings_1.wins limit 11) EXCEPT (select constructor_results_1.constructorresultsid, max( qualifying_2.position), qualifying_2.position , provsql.sr_why(provsql.provenance(), 'provmap') from qualifying as qualifying_1 inner join qualifying as qualifying_2 inner join constructor_results as constructor_results_1 on (qualifying_2.qualifyid = constructor_results_1.constructorresultsid ) on (qualifying_1.qualifyid = constructor_results_1.constructorresultsid ) where qualifying_1.date is not NULL group by constructor_results_1.constructorid, constructor_results_1.constructorresultsid, constructor_results_1.points, qualifying_1.driverid, qualifying_2.date, qualifying_2.number, qualifying_2.qualifyid limit 24);",NO,"ERREUR:  provenance() called on a table without provenance"
545,"-- meta {""num_joins"":1,""num_aggregates"":0,""has_union"":true,""has_intersect"":false,""has_negation"":false} (select constructors_1.nationality, constructors_1.constructorid, results_1.position , provsql.sr_why(provsql.provenance(), 'provmap') from constructors as constructors_1 inner join results as results_1 on (constructors_1.constructorid = results_1.resultid ) where constructors_1.name <= constructors_1.nationality limit 15) UNION (select races_1.name, max( races_1.date), min( races_1.date) , provsql.sr_why(provsql.provenance(), 'provmap') from races as races_1 where races_1.year is not NULL limit 29);",NO,"ERREUR:  la colonne « races_1.name » doit apparaître dans la clause GROUP BY ou doit être utilisé dans une fonction d'agrégat LIGNE 13 : races_1.name,            ^"
546,"-- meta {""num_joins"":0,""num_aggregates"":3,""has_union"":true,""has_intersect"":false,""has_negation"":false} (select drivers_1.dob, drivers_1.driverid, drivers_1.nationality, drivers_1.surname, drivers_1.code, avg( drivers_1.driverid) , provsql.sr_why(provsql.provenance(), 'provmap') from drivers as drivers_1 where drivers_1.dob is not NULL group by drivers_1.code, drivers_1.dob, drivers_1.driverid, drivers_1.nationality, drivers_1.surname limit 27) UNION (select races_1.date, races_1.round, races_1.name, races_1.time, races_1.name, sum( races_1.year) , provsql.sr_why(provsql.provenance(), 'provmap') from races as races_1 where races_1.date >= races_1.date group by races_1.round, races_1.time, races_1.year limit 9);",NO,"ERREUR:  la colonne « races_1.date » doit apparaître dans la clause GROUP BY ou doit être utilisé dans une fonction d'agrégat LIGNE 16 : races_1.date,            ^"
547,"-- meta {""num_joins"":1,""num_aggregates"":2,""has_union"":false,""has_intersect"":false,""has_negation"":true} (select drivers_1.driverref, qualifying_1.date, qualifying_1.number, max( drivers_1.driverid), avg( qualifying_1.driverid), drivers_1.nationality , provsql.sr_why(provsql.provenance(), 'provmap') from qualifying as qualifying_1 inner join drivers as drivers_1 on (qualifying_1.qualifyid = drivers_1.driverid ) where qualifying_1.driverid is not NULL group by drivers_1.driverref, drivers_1.nationality, qualifying_1.date, qualifying_1.number limit 14) EXCEPT (select sum( results_1.milliseconds), results_1.date, results_1.constructorid, min( results_1.statusid), sum( results_1.positionorder), count(*) , provsql.sr_why(provsql.provenance(), 'provmap') from results as results_1 where results_1.fastestlap is not NULL limit 14);",NO,"ERREUR:  la colonne « results_1.date » doit apparaître dans la clause GROUP BY ou doit être utilisé dans une fonction d'agrégat LIGNE 21 : results_1.date,            ^"
548,"-- meta {""num_joins"":0,""num_aggregates"":1,""has_union"":false,""has_intersect"":false,""has_negation"":true} (select standings_1.wins, standings_1.driverstandingsid, standings_1.points , provsql.sr_why(provsql.provenance(), 'provmap') from standings as standings_1 where standings_1.position is not NULL limit 14) EXCEPT (select races_1.circuitid, races_1.year, avg( races_1.round) , provsql.sr_why(provsql.provenance(), 'provmap') from races as races_1 where races_1.round > races_1.circuitid group by races_1.circuitid, races_1.time limit 27);",NO,"ERREUR:  la colonne « races_1.year » doit apparaître dans la clause GROUP BY ou doit être utilisé dans une fonction d'agrégat LIGNE 12 : races_1.year,            ^"
549,"-- meta {""num_joins"":0,""num_aggregates"":1,""has_union"":false,""has_intersect"":false,""has_negation"":false} select min( qualifying_1.date), qualifying_1.qualifyid , provsql.sr_why(provsql.provenance(), 'provmap') from qualifying as qualifying_1 where qualifying_1.raceid is not NULL group by qualifying_1.qualifyid limit 20;",YES,""
550,"-- meta {""num_joins"":0,""num_aggregates"":0,""has_union"":false,""has_intersect"":true,""has_negation"":false} (select qualifying_1.driverid , provsql.sr_why(provsql.provenance(), 'provmap') from qualifying as qualifying_1 where qualifying_1.raceid is not NULL limit 42) INTERSECT (select constructors_1.constructorid , provsql.sr_why(provsql.provenance(), 'provmap') from constructors as constructors_1 where constructors_1.constructorref is not NULL limit 30);",NO,"ERREUR:  Set operations other than UNION and EXCEPT not supported by provsql"
551,"-- meta {""num_joins"":0,""num_aggregates"":4,""has_union"":false,""has_intersect"":false,""has_negation"":true} (select constructors_1.constructorid, constructors_1.nationality, constructors_1.constructorref, count( constructors_1.name), max( constructors_1.constructorid) , provsql.sr_why(provsql.provenance(), 'provmap') from constructors as constructors_1 where constructors_1.name <= constructors_1.constructorref group by constructors_1.constructorid, constructors_1.constructorref, constructors_1.nationality limit 39) EXCEPT (select constructor_standings_1.wins, count( constructor_standings_1.constructorstandingsid), count( constructor_standings_1.date), max( constructor_standings_1.raceid), min( constructor_standings_1.position) , provsql.sr_why(provsql.provenance(), 'provmap') from constructor_standings as constructor_standings_1 where constructor_standings_1.constructorstandingsid is not NULL group by constructor_standings_1.constructorid, constructor_standings_1.wins limit 30);",NO,"ERREUR:  les EXCEPT types text et bigint ne peuvent pas correspondre LIGNE 17 : count(            ^"
552,"-- meta {""num_joins"":0,""num_aggregates"":0,""has_union"":false,""has_intersect"":false,""has_negation"":true} (select qualifying_1.driverid, qualifying_1.constructorid, qualifying_1.position , provsql.sr_why(provsql.provenance(), 'provmap') from qualifying as qualifying_1 where qualifying_1.raceid is not NULL limit 30) EXCEPT (select races_1.circuitid, races_1.raceid, races_1.year , provsql.sr_why(provsql.provenance(), 'provmap') from races as races_1 where races_1.year is not NULL limit 7);",YES,""
553,"-- meta {""num_joins"":4,""num_aggregates"":3,""has_union"":false,""has_intersect"":false,""has_negation"":false} select constructors_2.constructorid, results_1.raceid, avg( circuits_1.circuitid), standings_1.position, results_1.positionorder, constructors_1.constructorref, results_1.milliseconds, count( standings_1.points), count( constructors_1.name), standings_1.points , provsql.sr_why(provsql.provenance(), 'provmap') from circuits as circuits_1 inner join standings as standings_1 inner join constructors as constructors_1 on (standings_1.driverstandingsid = constructors_1.constructorid ) inner join results as results_1 on (standings_1.driverstandingsid = results_1.resultid ) inner join constructors as constructors_2 on (constructors_1.constructorid = constructors_2.constructorid ) on (circuits_1.circuitid = results_1.resultid ) where circuits_1.alt = results_1.position group by constructors_1.constructorref, constructors_2.constructorid, results_1.milliseconds, results_1.positionorder, results_1.raceid, standings_1.points, standings_1.position limit 10;",YES,""
554,"-- meta {""num_joins"":2,""num_aggregates"":1,""has_union"":true,""has_intersect"":false,""has_negation"":false} (select constructor_results_1.raceid , provsql.sr_why(provsql.provenance(), 'provmap') from qualifying as qualifying_1 inner join constructor_results as constructor_results_1 inner join constructor_results as constructor_results_2 on (constructor_results_1.constructorresultsid = constructor_results_2.constructorresultsid ) on (qualifying_1.qualifyid = constructor_results_1.constructorresultsid ) where constructor_results_2.raceid is not NULL limit 42) UNION (select races_1.year , provsql.sr_why(provsql.provenance(), 'provmap') from races as races_1 where races_1.date is not NULL group by races_1.circuitid, races_1.date, races_1.name, races_1.raceid, races_1.time, races_1.year limit 12);",YES,""
555,"-- meta {""num_joins"":0,""num_aggregates"":3,""has_union"":false,""has_intersect"":false,""has_negation"":true} (select constructor_standings_1.position, constructor_standings_1.raceid, constructor_standings_1.date, count(*), constructor_standings_1.constructorstandingsid, constructor_standings_1.constructorid , provsql.sr_why(provsql.provenance(), 'provmap') from constructor_standings as constructor_standings_1 where constructor_standings_1.points is not NULL group by constructor_standings_1.constructorid, constructor_standings_1.constructorstandingsid, constructor_standings_1.date, constructor_standings_1.position, constructor_standings_1.raceid limit 33) EXCEPT (select max( standings_1.date), standings_1.position, standings_1.date, min( standings_1.raceid), avg( standings_1.points), max( standings_1.points) , provsql.sr_why(provsql.provenance(), 'provmap') from standings as standings_1 where standings_1.position is not NULL group by standings_1.date, standings_1.driverid, standings_1.points, standings_1.raceid, standings_1.wins limit 25);",NO,"ERREUR:  la colonne « standings_1.position » doit apparaître dans la clause GROUP BY ou doit être utilisé dans une fonction d'agrégat LIGNE 17 : standings_1.position,            ^"
556,"-- meta {""num_joins"":0,""num_aggregates"":6,""has_union"":true,""has_intersect"":false,""has_negation"":false} (select min( standings_1.points), standings_1.wins, standings_1.position, standings_1.raceid, standings_1.driverstandingsid, standings_1.points, min( standings_1.date), max( standings_1.points) , provsql.sr_why(provsql.provenance(), 'provmap') from standings as standings_1 where standings_1.date < standings_1.date group by standings_1.driverstandingsid, standings_1.points, standings_1.position, standings_1.raceid, standings_1.wins limit 19) UNION (select min( constructor_standings_1.points), constructor_standings_1.constructorstandingsid, constructor_standings_1.position, constructor_standings_1.constructorid, constructor_standings_1.wins, constructor_standings_1.points, min( constructor_standings_1.date), avg( constructor_standings_1.points) , provsql.sr_why(provsql.provenance(), 'provmap') from constructor_standings as constructor_standings_1 where constructor_standings_1.wins >= constructor_standings_1.constructorstandingsid group by constructor_standings_1.constructorid, constructor_standings_1.constructorstandingsid, constructor_standings_1.date, constructor_standings_1.points, constructor_standings_1.position, constructor_standings_1.raceid, constructor_standings_1.wins limit 17);",NO,"ERREUR:  UNION/INTERSECT/EXCEPT n'a pas pu convertir le type provsql.agg_token en double precision"
557,"-- meta {""num_joins"":0,""num_aggregates"":3,""has_union"":true,""has_intersect"":false,""has_negation"":false} (select max( drivers_1.dob), drivers_1.code, drivers_1.forename , provsql.sr_why(provsql.provenance(), 'provmap') from drivers as drivers_1 where drivers_1.forename is not NULL group by drivers_1.code, drivers_1.forename limit 31) UNION (select min( constructor_results_1.date), min( constructor_results_1.date), sum( constructor_results_1.raceid) , provsql.sr_why(provsql.provenance(), 'provmap') from constructor_results as constructor_results_1 where constructor_results_1.points is not NULL group by constructor_results_1.constructorid, constructor_results_1.date limit 29);",NO,"ERREUR:  les UNION types text et timestamp without time zone ne peuvent pas correspondre LIGNE 15 : min(            ^"
558,"-- meta {""num_joins"":1,""num_aggregates"":4,""has_union"":false,""has_intersect"":false,""has_negation"":true} (select avg( constructor_standings_1.points), constructor_standings_1.constructorstandingsid, min( constructor_standings_1.date), avg( constructor_standings_1.points), constructor_standings_1.constructorid, constructor_standings_1.wins, constructor_standings_1.raceid, constructor_standings_1.points , provsql.sr_why(provsql.provenance(), 'provmap') from constructor_standings as constructor_standings_1 where constructor_standings_1.constructorstandingsid is not NULL group by constructor_standings_1.constructorid, constructor_standings_1.constructorstandingsid, constructor_standings_1.points, constructor_standings_1.raceid, constructor_standings_1.wins limit 2) EXCEPT (select min( circuits_1.lat), circuits_1.circuitid, max( qualifying_1.date), avg( circuits_1.lng), circuits_1.circuitid, count(*), qualifying_1.driverid, circuits_1.alt , provsql.sr_why(provsql.provenance(), 'provmap') from circuits as circuits_1 inner join qualifying as qualifying_1 on (circuits_1.circuitid = qualifying_1.qualifyid ) where qualifying_1.qualifyid is not NULL group by circuits_1.lat limit 18);",NO,"ERREUR:  la colonne « circuits_1.circuitid » doit apparaître dans la clause GROUP BY ou doit être utilisé dans une fonction d'agrégat LIGNE 22 : circuits_1.circuitid,            ^"
559,"-- meta {""num_joins"":0,""num_aggregates"":1,""has_union"":false,""has_intersect"":true,""has_negation"":false} (select drivers_1.dob, avg( drivers_1.driverid), drivers_1.driverref, drivers_1.driverid, drivers_1.forename, drivers_1.nationality, drivers_1.surname, drivers_1.code , provsql.sr_why(provsql.provenance(), 'provmap') from drivers as drivers_1 where drivers_1.driverid is not NULL group by drivers_1.code, drivers_1.dob, drivers_1.driverid, drivers_1.driverref, drivers_1.forename, drivers_1.nationality, drivers_1.surname limit 18) INTERSECT (select standings_1.date, avg( standings_1.wins), avg( standings_1.driverstandingsid), count( standings_1.driverid), min( standings_1.date), count(*), sum( standings_1.driverstandingsid), count(*) , provsql.sr_why(provsql.provenance(), 'provmap') from standings as standings_1 where standings_1.wins is not NULL limit 20);",NO,"ERREUR:  la colonne « standings_1.date » doit apparaître dans la clause GROUP BY ou doit être utilisé dans une fonction d'agrégat LIGNE 18 : standings_1.date,            ^"
560,"-- meta {""num_joins"":2,""num_aggregates"":3,""has_union"":false,""has_intersect"":false,""has_negation"":true} (select qualifying_1.constructorid, max( constructor_standings_1.points), constructor_standings_1.raceid, constructor_standings_1.wins, constructor_standings_1.position, qualifying_1.driverid, qualifying_1.position, sum( constructor_standings_1.points), max( qualifying_1.date), qualifying_1.qualifyid, constructor_standings_1.constructorid, qualifying_1.number , provsql.sr_why(provsql.provenance(), 'provmap') from constructor_standings as constructor_standings_1 inner join qualifying as qualifying_1 on (constructor_standings_1.constructorstandingsid = qualifying_1.qualifyid ) where constructor_standings_1.raceid is not NULL group by constructor_standings_1.constructorid, constructor_standings_1.position, constructor_standings_1.raceid, constructor_standings_1.wins, qualifying_1.constructorid, qualifying_1.driverid, qualifying_1.number, qualifying_1.position, qualifying_1.qualifyid limit 5) EXCEPT (select results_1.laps, avg( results_1.rank), results_1.resultid, avg( results_1.number), results_1.laps, results_1.raceid, results_1.resultid, avg( results_1.rank), min( drivers_1.dob), results_1.resultid, results_1.laps, results_1.positionorder , provsql.sr_why(provsql.provenance(), 'provmap') from drivers as drivers_1 inner join results as results_1 on (drivers_1.driverid = results_1.resultid ) where results_1.driverid is not NULL limit 15);",NO,"ERREUR:  la colonne « results_1.laps » doit apparaître dans la clause GROUP BY ou doit être utilisé dans une fonction d'agrégat LIGNE 26 : results_1.laps,            ^"
561,"-- meta {""num_joins"":0,""num_aggregates"":0,""has_union"":false,""has_intersect"":false,""has_negation"":false} select constructor_results_1.date, constructor_results_1.constructorresultsid , provsql.sr_why(provsql.provenance(), 'provmap') from constructor_results as constructor_results_1 where constructor_results_1.date >= constructor_results_1.date limit 23;",YES,""
562,"-- meta {""num_joins"":1,""num_aggregates"":4,""has_union"":true,""has_intersect"":false,""has_negation"":false} (select results_2.rank, max( results_2.date) , provsql.sr_why(provsql.provenance(), 'provmap') from results as results_1 inner join results as results_2 on (results_1.resultid = results_2.resultid ) where results_2.fastestlap is not NULL group by results_2.rank limit 42) UNION (select results_3.points, max( results_3.date) , provsql.sr_why(provsql.provenance(), 'provmap') from results as results_3 where results_3.date is not NULL group by results_3.driverid, results_3.fastestlap, results_3.grid, results_3.laps, results_3.number, results_3.points, results_3.raceid, results_3.resultid limit 10);",NO,"ERREUR:  UNION/INTERSECT/EXCEPT n'a pas pu convertir le type provsql.agg_token en timestamp without time zone"
563,"-- meta {""num_joins"":0,""num_aggregates"":0,""has_union"":false,""has_intersect"":false,""has_negation"":false} select constructor_results_1.constructorid, constructor_results_1.points, constructor_results_1.raceid, constructor_results_1.constructorresultsid, constructor_results_1.date , provsql.sr_why(provsql.provenance(), 'provmap') from constructor_results as constructor_results_1 where constructor_results_1.raceid is not NULL limit 4;",YES,""
564,"-- meta {""num_joins"":1,""num_aggregates"":1,""has_union"":false,""has_intersect"":false,""has_negation"":true} (select results_1.position, results_1.positionorder , provsql.sr_why(provsql.provenance(), 'provmap') from results as results_1 where results_1.date <= results_1.date limit 24) EXCEPT (select constructor_standings_1.points, qualifying_1.number , provsql.sr_why(provsql.provenance(), 'provmap') from constructor_standings as constructor_standings_1 inner join qualifying as qualifying_1 on (constructor_standings_1.constructorstandingsid = qualifying_1.qualifyid ) where constructor_standings_1.raceid is not NULL group by qualifying_1.position limit 10);",NO,"ERREUR:  la colonne « constructor_standings_1.points » doit apparaître dans la clause GROUP BY ou doit être utilisé dans une fonction d'agrégat LIGNE 10 : constructor_standings_1.points,            ^"
565,"-- meta {""num_joins"":9,""num_aggregates"":3,""has_union"":true,""has_intersect"":false,""has_negation"":false} (select avg( results_1.constructorid), circuits_1.circuitid, results_1.position, circuits_1.country, results_1.rank, results_1.fastestlap, results_1.resultid, constructor_standings_1.constructorid, avg( results_1.fastestlap), constructor_standings_1.position, circuits_1.location, circuits_1.name, circuits_1.circuitref, min( constructor_standings_1.date), constructor_standings_1.date, circuits_1.lng, constructor_standings_1.constructorstandingsid, circuits_1.alt, circuits_1.lat, results_1.milliseconds, constructor_standings_1.raceid , provsql.sr_why(provsql.provenance(), 'provmap') from circuits as circuits_1 inner join results as results_1 inner join constructor_standings as constructor_standings_1 on (results_1.resultid = constructor_standings_1.constructorstandingsid ) on (circuits_1.circuitid = results_1.resultid ) where results_1.date is not NULL group by circuits_1.alt, circuits_1.circuitid, circuits_1.circuitref, circuits_1.country, circuits_1.lat, circuits_1.lng, circuits_1.location, circuits_1.name, constructor_standings_1.constructorid, constructor_standings_1.constructorstandingsid, constructor_standings_1.date, constructor_standings_1.position, constructor_standings_1.raceid, results_1.fastestlap, results_1.milliseconds, results_1.position, results_1.rank, results_1.resultid limit 2) UNION (select avg( qualifying_1.constructorid), constructor_standings_3.position, circuits_2.lat, min( standings_1.date), constructor_results_1.points, results_2.position, results_2.positionorder, results_2.statusid, max( standings_1.points), qualifying_1.driverid, circuits_2.country, circuits_2.country, circuits_2.circuitref, min( standings_1.date), max( standings_1.date), circuits_2.alt, count(*), results_2.milliseconds, circuits_3.lng, results_2.points, standings_1.driverstandingsid , provsql.sr_why(provsql.provenance(), 'provmap') from standings as standings_1 inner join qualifying as qualifying_1 inner join constructor_standings as constructor_standings_2 on (qualifying_1.qualifyid = constructor_standings_2.constructorstandingsid ) on (standings_1.driverstandingsid = constructor_standings_2.constructorstandingsid ) inner join results as results_2 inner join constructor_standings as constructor_standings_3 on (results_2.resultid = constructor_standings_3.constructorstandingsid ) inner join constructor_results as constructor_results_1 inner join circuits as circuits_2 on (constructor_results_1.constructorresultsid = circuits_2.circuitid ) inner join circuits as circuits_3 on (circuits_2.circuitid = circuits_3.circuitid ) on (constructor_standings_3.constructorstandingsid = circuits_3.circuitid ) on (constructor_standings_2.constructorstandingsid = constructor_results_1.constructorresultsid ) where results_2.points >= constructor_standings_2.points limit 8);",NO,"ERREUR:  la colonne « constructor_standings_3.position » doit apparaître dans la clause GROUP BY ou doit être utilisé dans une fonction d'agrégat LIGNE 39 : constructor_standings_3.position,            ^"
566,"-- meta {""num_joins"":0,""num_aggregates"":0,""has_union"":false,""has_intersect"":false,""has_negation"":false} select races_1.time, races_1.year , provsql.sr_why(provsql.provenance(), 'provmap') from races as races_1 where races_1.time is not NULL limit 36;",YES,""
567,"-- meta {""num_joins"":3,""num_aggregates"":1,""has_union"":false,""has_intersect"":true,""has_negation"":false} (select drivers_2.code, min( drivers_1.driverid), drivers_2.dob , provsql.sr_why(provsql.provenance(), 'provmap') from drivers as drivers_1 inner join drivers as drivers_2 on (drivers_1.driverid = drivers_2.driverid ) inner join races as races_1 on (drivers_2.driverid = races_1.raceid ) where races_1.raceid is not NULL group by drivers_2.code, drivers_2.dob limit 5) INTERSECT (select max( constructor_results_2.date), min( constructor_results_1.raceid), constructor_results_1.date , provsql.sr_why(provsql.provenance(), 'provmap') from constructor_results as constructor_results_1 inner join constructor_results as constructor_results_2 on (constructor_results_1.constructorresultsid = constructor_results_2.constructorresultsid ) where constructor_results_2.raceid is not NULL limit 6);",NO,"ERREUR:  la colonne « constructor_results_1.date » doit apparaître dans la clause GROUP BY ou doit être utilisé dans une fonction d'agrégat LIGNE 21 : constructor_results_1.date            ^"
568,"-- meta {""num_joins"":2,""num_aggregates"":1,""has_union"":true,""has_intersect"":false,""has_negation"":false} (select circuits_1.name, circuits_1.lng, circuits_1.lat, count( circuits_1.circuitref) , provsql.sr_why(provsql.provenance(), 'provmap') from circuits as circuits_1 where circuits_1.lng is not NULL group by circuits_1.lat, circuits_1.lng, circuits_1.name limit 17) UNION (select min( races_2.year), constructor_standings_1.points, constructor_standings_1.points, count( races_1.date) , provsql.sr_why(provsql.provenance(), 'provmap') from constructor_standings as constructor_standings_1 inner join races as races_1 on (constructor_standings_1.constructorstandingsid = races_1.raceid ) inner join races as races_2 on (races_1.raceid = races_2.raceid ) where constructor_standings_1.wins is not NULL limit 24);",NO,"ERREUR:  la colonne « constructor_standings_1.points » doit apparaître dans la clause GROUP BY ou doit être utilisé dans une fonction d'agrégat LIGNE 16 : constructor_standings_1.points,            ^"
569,"-- meta {""num_joins"":4,""num_aggregates"":0,""has_union"":false,""has_intersect"":false,""has_negation"":true} (select constructors_1.constructorref , provsql.sr_why(provsql.provenance(), 'provmap') from qualifying as qualifying_1 inner join results as results_1 inner join constructors as constructors_1 on (results_1.resultid = constructors_1.constructorid ) on (qualifying_1.qualifyid = constructors_1.constructorid ) inner join qualifying as qualifying_2 on (qualifying_1.qualifyid = qualifying_2.qualifyid ) where results_1.raceid is not NULL limit 19) EXCEPT (select min( constructors_2.constructorid) , provsql.sr_why(provsql.provenance(), 'provmap') from constructors as constructors_2 inner join constructor_standings as constructor_standings_1 on (constructors_2.constructorid = constructor_standings_1.constructorstandingsid ) where constructors_2.constructorid is not NULL limit 26);",NO,"ERREUR:  les EXCEPT types text et bigint ne peuvent pas correspondre LIGNE 15 : min(            ^"
570,"-- meta {""num_joins"":0,""num_aggregates"":0,""has_union"":true,""has_intersect"":false,""has_negation"":false} (select constructor_results_1.points, constructor_results_1.raceid , provsql.sr_why(provsql.provenance(), 'provmap') from constructor_results as constructor_results_1 where constructor_results_1.points = constructor_results_1.points limit 1) UNION (select min( results_1.date), max( results_1.date) , provsql.sr_why(provsql.provenance(), 'provmap') from results as results_1 where results_1.fastestlap is not NULL limit 19);",NO,"ERREUR:  les UNION types double precision et timestamp without time zone ne peuvent pas correspondre LIGNE 10 : min(            ^"
571,"-- meta {""num_joins"":2,""num_aggregates"":2,""has_union"":false,""has_intersect"":true,""has_negation"":false} (select constructor_results_1.points, max( constructor_results_1.raceid) , provsql.sr_why(provsql.provenance(), 'provmap') from constructor_results as constructor_results_1 where constructor_results_1.date >= constructor_results_1.date group by constructor_results_1.points limit 10) INTERSECT (select results_1.number, max( results_1.laps) , provsql.sr_why(provsql.provenance(), 'provmap') from constructor_results as constructor_results_2 inner join constructor_results as constructor_results_3 on (constructor_results_2.constructorresultsid = constructor_results_3.constructorresultsid ) inner join results as results_1 on (constructor_results_3.constructorresultsid = results_1.resultid ) where constructor_results_3.points >= constructor_results_2.points limit 13);",NO,"ERREUR:  la colonne « results_1.number » doit apparaître dans la clause GROUP BY ou doit être utilisé dans une fonction d'agrégat LIGNE 12 : results_1.number,            ^"
572,"-- meta {""num_joins"":1,""num_aggregates"":1,""has_union"":false,""has_intersect"":true,""has_negation"":false} (select max( constructor_results_1.date), constructor_results_1.points, constructor_results_1.constructorid , provsql.sr_why(provsql.provenance(), 'provmap') from constructor_results as constructor_results_1 where constructor_results_1.date is not NULL group by constructor_results_1.constructorid, constructor_results_1.points limit 35) INTERSECT (select max( qualifying_1.date), circuits_1.lng, qualifying_1.driverid , provsql.sr_why(provsql.provenance(), 'provmap') from qualifying as qualifying_1 inner join circuits as circuits_1 on (qualifying_1.qualifyid = circuits_1.circuitid ) where circuits_1.alt is not NULL limit 31);",NO,"ERREUR:  la colonne « circuits_1.lng » doit apparaître dans la clause GROUP BY ou doit être utilisé dans une fonction d'agrégat LIGNE 15 : circuits_1.lng,            ^"
573,"-- meta {""num_joins"":0,""num_aggregates"":1,""has_union"":false,""has_intersect"":false,""has_negation"":false} select results_1.number, results_1.milliseconds, results_1.statusid, results_1.points, results_1.resultid, min( results_1.date) , provsql.sr_why(provsql.provenance(), 'provmap') from results as results_1 where results_1.statusid >= results_1.laps group by results_1.milliseconds, results_1.number, results_1.points, results_1.resultid, results_1.statusid limit 19;",YES,""
574,"-- meta {""num_joins"":0,""num_aggregates"":3,""has_union"":false,""has_intersect"":true,""has_negation"":false} (select qualifying_1.position, qualifying_1.driverid, qualifying_1.qualifyid, qualifying_1.date, min( qualifying_1.qualifyid), qualifying_1.raceid , provsql.sr_why(provsql.provenance(), 'provmap') from qualifying as qualifying_1 where qualifying_1.raceid is not NULL group by qualifying_1.date, qualifying_1.driverid, qualifying_1.position, qualifying_1.qualifyid, qualifying_1.raceid limit 18) INTERSECT (select constructor_standings_1.wins, constructor_standings_1.position, constructor_standings_1.constructorid, constructor_standings_1.date, max( constructor_standings_1.wins), constructor_standings_1.wins , provsql.sr_why(provsql.provenance(), 'provmap') from constructor_standings as constructor_standings_1 where constructor_standings_1.points >= constructor_standings_1.points group by constructor_standings_1.constructorid, constructor_standings_1.constructorstandingsid, constructor_standings_1.points, constructor_standings_1.position, constructor_standings_1.raceid, constructor_standings_1.wins limit 40);",NO,"ERREUR:  Set operations other than UNION and EXCEPT not supported by provsql"
575,"-- meta {""num_joins"":3,""num_aggregates"":2,""has_union"":false,""has_intersect"":true,""has_negation"":false} (select sum( standings_1.points), standings_1.driverid, max( standings_1.points), standings_1.date , provsql.sr_why(provsql.provenance(), 'provmap') from standings as standings_1 where standings_1.raceid is not NULL group by standings_1.date, standings_1.driverid limit 1) INTERSECT (select sum( constructor_results_1.points), circuits_2.circuitid, sum( circuits_2.alt), drivers_1.dob , provsql.sr_why(provsql.provenance(), 'provmap') from circuits as circuits_1 inner join drivers as drivers_1 inner join circuits as circuits_2 on (drivers_1.driverid = circuits_2.circuitid ) on (circuits_1.circuitid = drivers_1.driverid ) inner join constructor_results as constructor_results_1 on (drivers_1.driverid = constructor_results_1.constructorresultsid ) where constructor_results_1.constructorresultsid >= circuits_2.circuitid limit 11);",NO,"ERREUR:  la colonne « circuits_2.circuitid » doit apparaître dans la clause GROUP BY ou doit être utilisé dans une fonction d'agrégat LIGNE 17 : circuits_2.circuitid,            ^"
576,"-- meta {""num_joins"":0,""num_aggregates"":2,""has_union"":false,""has_intersect"":false,""has_negation"":true} (select qualifying_1.driverid, qualifying_1.raceid , provsql.sr_why(provsql.provenance(), 'provmap') from qualifying as qualifying_1 where qualifying_1.raceid is not NULL limit 40) EXCEPT (select constructor_results_1.raceid, constructor_results_1.constructorid , provsql.sr_why(provsql.provenance(), 'provmap') from constructor_results as constructor_results_1 where constructor_results_1.raceid is not NULL group by constructor_results_1.constructorid, constructor_results_1.constructorresultsid, constructor_results_1.date, constructor_results_1.points, constructor_results_1.raceid limit 37);",YES,""
577,"-- meta {""num_joins"":1,""num_aggregates"":4,""has_union"":true,""has_intersect"":false,""has_negation"":false} (select constructors_1.constructorref, constructors_1.nationality, max( constructors_1.constructorid), sum( constructors_1.constructorid), constructors_1.constructorid , provsql.sr_why(provsql.provenance(), 'provmap') from constructors as constructors_1 where constructors_1.constructorref is not NULL group by constructors_1.constructorid, constructors_1.constructorref, constructors_1.nationality limit 29) UNION (select max( constructor_standings_2.points), count( constructor_standings_2.constructorid), min( constructor_standings_2.position), sum( constructor_standings_2.constructorid), constructor_standings_2.constructorid , provsql.sr_why(provsql.provenance(), 'provmap') from constructor_standings as constructor_standings_1 inner join constructor_standings as constructor_standings_2 on (constructor_standings_1.constructorstandingsid = constructor_standings_2.constructorstandingsid ) where constructor_standings_1.date is not NULL group by constructor_standings_1.constructorstandingsid, constructor_standings_1.raceid, constructor_standings_2.constructorid, constructor_standings_2.constructorstandingsid limit 10);",NO,"ERREUR:  les UNION types text et double precision ne peuvent pas correspondre LIGNE 16 : max(            ^"
578,"-- meta {""num_joins"":0,""num_aggregates"":0,""has_union"":false,""has_intersect"":false,""has_negation"":true} (select standings_1.date, standings_1.driverid , provsql.sr_why(provsql.provenance(), 'provmap') from standings as standings_1 where standings_1.date is not NULL limit 39) EXCEPT (select min( races_1.raceid), races_1.round , provsql.sr_why(provsql.provenance(), 'provmap') from races as races_1 where races_1.year is not NULL limit 30);",NO,"ERREUR:  la colonne « races_1.round » doit apparaître dans la clause GROUP BY ou doit être utilisé dans une fonction d'agrégat LIGNE 12 : races_1.round            ^"
579,"-- meta {""num_joins"":1,""num_aggregates"":1,""has_union"":false,""has_intersect"":true,""has_negation"":false} (select constructors_1.nationality, count(*) , provsql.sr_why(provsql.provenance(), 'provmap') from constructors as constructors_1 inner join constructor_results as constructor_results_1 on (constructors_1.constructorid = constructor_results_1.constructorresultsid ) where constructor_results_1.date > constructor_results_1.date group by constructors_1.nationality limit 32) INTERSECT (select sum( constructor_standings_1.wins), max( constructor_standings_1.wins) , provsql.sr_why(provsql.provenance(), 'provmap') from constructor_standings as constructor_standings_1 where constructor_standings_1.points is not NULL limit 31);",NO,"ERREUR:  les INTERSECT types text et numeric ne peuvent pas correspondre LIGNE 13 : sum(            ^"
580,"-- meta {""num_joins"":1,""num_aggregates"":2,""has_union"":true,""has_intersect"":false,""has_negation"":false} (select sum( circuits_1.alt), circuits_2.country, circuits_2.name, circuits_1.circuitref, circuits_2.lat , provsql.sr_why(provsql.provenance(), 'provmap') from circuits as circuits_1 inner join circuits as circuits_2 on (circuits_1.circuitid = circuits_2.circuitid ) where circuits_2.name is not NULL group by circuits_1.circuitref, circuits_2.country, circuits_2.lat, circuits_2.name limit 19) UNION (select avg( standings_1.points), max( standings_1.date), count(*), min( standings_1.date), standings_1.points , provsql.sr_why(provsql.provenance(), 'provmap') from standings as standings_1 where standings_1.raceid is not NULL group by standings_1.driverid, standings_1.wins limit 16);",NO,"ERREUR:  la colonne « standings_1.points » doit apparaître dans la clause GROUP BY ou doit être utilisé dans une fonction d'agrégat LIGNE 24 : standings_1.points            ^"
581,"-- meta {""num_joins"":0,""num_aggregates"":0,""has_union"":true,""has_intersect"":false,""has_negation"":false} (select qualifying_1.qualifyid, qualifying_1.number, qualifying_1.raceid, qualifying_1.driverid , provsql.sr_why(provsql.provenance(), 'provmap') from qualifying as qualifying_1 where qualifying_1.date >= qualifying_1.date limit 40) UNION (select results_1.raceid, results_1.statusid, results_1.grid, results_1.raceid , provsql.sr_why(provsql.provenance(), 'provmap') from results as results_1 where results_1.number = results_1.fastestlap limit 17);",YES,""
582,"-- meta {""num_joins"":2,""num_aggregates"":1,""has_union"":false,""has_intersect"":false,""has_negation"":true} (select drivers_1.nationality, drivers_1.dob, results_1.laps, count( drivers_1.surname) , provsql.sr_why(provsql.provenance(), 'provmap') from results as results_1 inner join drivers as drivers_1 on (results_1.resultid = drivers_1.driverid ) where drivers_1.dob <= results_1.date group by drivers_1.dob, drivers_1.nationality, results_1.laps limit 10) EXCEPT (select count( results_2.rank), qualifying_1.date, qualifying_1.raceid, count(*) , provsql.sr_why(provsql.provenance(), 'provmap') from qualifying as qualifying_1 inner join results as results_2 on (qualifying_1.qualifyid = results_2.resultid ) where results_2.constructorid is not NULL limit 29);",NO,"ERREUR:  la colonne « qualifying_1.date » doit apparaître dans la clause GROUP BY ou doit être utilisé dans une fonction d'agrégat LIGNE 18 : qualifying_1.date,            ^"
583,"-- meta {""num_joins"":0,""num_aggregates"":1,""has_union"":true,""has_intersect"":false,""has_negation"":false} (select min( qualifying_1.qualifyid), qualifying_1.position, qualifying_1.constructorid, qualifying_1.driverid, qualifying_1.date, qualifying_1.qualifyid, qualifying_1.raceid , provsql.sr_why(provsql.provenance(), 'provmap') from qualifying as qualifying_1 where qualifying_1.date is not NULL group by qualifying_1.constructorid, qualifying_1.date, qualifying_1.driverid, qualifying_1.position, qualifying_1.qualifyid, qualifying_1.raceid limit 22) UNION (select count( drivers_1.dob), drivers_1.driverid, drivers_1.driverid, drivers_1.driverid, drivers_1.dob, drivers_1.driverid, drivers_1.driverid , provsql.sr_why(provsql.provenance(), 'provmap') from drivers as drivers_1 where drivers_1.driverref is not NULL limit 1);",NO,"ERREUR:  la colonne « drivers_1.driverid » doit apparaître dans la clause GROUP BY ou doit être utilisé dans une fonction d'agrégat LIGNE 19 : drivers_1.driverid,            ^"
584,"-- meta {""num_joins"":1,""num_aggregates"":2,""has_union"":false,""has_intersect"":true,""has_negation"":false} (select constructors_1.constructorref, constructors_1.name, constructors_1.constructorid, constructors_1.nationality , provsql.sr_why(provsql.provenance(), 'provmap') from constructors as constructors_1 where constructors_1.nationality is not NULL limit 17) INTERSECT (select races_1.name, races_1.time, races_1.circuitid, races_1.name , provsql.sr_why(provsql.provenance(), 'provmap') from standings as standings_1 inner join races as races_1 on (standings_1.driverstandingsid = races_1.raceid ) where races_1.year is not NULL group by races_1.raceid, races_1.time, standings_1.driverid limit 1);",NO,"ERREUR:  Set operations other than UNION and EXCEPT not supported by provsql"
585,"-- meta {""num_joins"":2,""num_aggregates"":3,""has_union"":false,""has_intersect"":true,""has_negation"":false} (select count( constructors_1.nationality), min( constructors_1.constructorid), max( constructors_1.constructorid), constructors_1.constructorref, constructors_1.nationality , provsql.sr_why(provsql.provenance(), 'provmap') from constructors as constructors_1 where constructors_1.nationality is not NULL group by constructors_1.constructorref, constructors_1.nationality limit 23) INTERSECT (select max( results_1.positionorder), count( results_1.number), count( races_1.date), circuits_1.name, races_1.time , provsql.sr_why(provsql.provenance(), 'provmap') from races as races_1 inner join circuits as circuits_1 inner join results as results_1 on (circuits_1.circuitid = results_1.resultid ) on (races_1.raceid = results_1.resultid ) where races_1.year is not NULL limit 39);",NO,"ERREUR:  la colonne « circuits_1.name » doit apparaître dans la clause GROUP BY ou doit être utilisé dans une fonction d'agrégat LIGNE 23 : circuits_1.name,            ^"
586,"-- meta {""num_joins"":3,""num_aggregates"":1,""has_union"":false,""has_intersect"":true,""has_negation"":false} (select results_1.driverid, results_2.resultid, constructor_results_1.date, constructor_results_1.constructorresultsid, results_1.constructorid, standings_1.position, results_2.fastestlap , provsql.sr_why(provsql.provenance(), 'provmap') from standings as standings_1 inner join results as results_1 on (standings_1.driverstandingsid = results_1.resultid ) inner join results as results_2 on (standings_1.driverstandingsid = results_2.resultid ) inner join constructor_results as constructor_results_1 on (standings_1.driverstandingsid = constructor_results_1.constructorresultsid ) where results_2.constructorid is not NULL limit 14) INTERSECT (select constructor_standings_1.constructorstandingsid, constructor_standings_1.constructorstandingsid, constructor_standings_1.date, constructor_standings_1.constructorstandingsid, max( constructor_standings_1.position), constructor_standings_1.raceid, constructor_standings_1.points , provsql.sr_why(provsql.provenance(), 'provmap') from constructor_standings as constructor_standings_1 where constructor_standings_1.constructorid is not NULL group by constructor_standings_1.raceid, constructor_standings_1.wins limit 31);",NO,"ERREUR:  la colonne « constructor_standings_1.constructorstandingsid » doit apparaître dans la clause GROUP BY ou doit être utilisé dans une fonction d'agrégat LIGNE 21 : constructor_standings_1.constructorstandingsid,            ^"
587,"-- meta {""num_joins"":1,""num_aggregates"":3,""has_union"":false,""has_intersect"":false,""has_negation"":true} (select max( results_1.date), results_1.rank, results_1.positionorder, results_1.points, results_1.driverid, max( results_1.statusid), results_1.constructorid, results_1.date, results_1.number, results_1.fastestlap, results_1.resultid, results_1.laps, min( results_1.date) , provsql.sr_why(provsql.provenance(), 'provmap') from results as results_1 where results_1.fastestlap is not NULL group by results_1.constructorid, results_1.date, results_1.driverid, results_1.fastestlap, results_1.laps, results_1.number, results_1.points, results_1.positionorder, results_1.rank, results_1.resultid limit 30) EXCEPT (select max( standings_1.date), standings_1.points, standings_1.wins, standings_1.points, standings_1.driverstandingsid, max( standings_1.position), standings_1.driverstandingsid, standings_1.date, standings_1.points, standings_1.points, standings_1.wins, standings_1.raceid, min( standings_1.date) , provsql.sr_why(provsql.provenance(), 'provmap') from constructors as constructors_1 inner join standings as standings_1 on (constructors_1.constructorid = standings_1.driverstandingsid ) where standings_1.points is not NULL limit 1);",NO,"ERREUR:  la colonne « standings_1.points » doit apparaître dans la clause GROUP BY ou doit être utilisé dans une fonction d'agrégat LIGNE 27 : standings_1.points,            ^"
588,"-- meta {""num_joins"":0,""num_aggregates"":0,""has_union"":false,""has_intersect"":false,""has_negation"":false} select qualifying_1.position , provsql.sr_why(provsql.provenance(), 'provmap') from qualifying as qualifying_1 where qualifying_1.date < qualifying_1.date limit 31;",YES,""
589,"-- meta {""num_joins"":0,""num_aggregates"":0,""has_union"":false,""has_intersect"":true,""has_negation"":false} (select constructor_results_1.raceid , provsql.sr_why(provsql.provenance(), 'provmap') from constructor_results as constructor_results_1 where constructor_results_1.date <= constructor_results_1.date limit 22) INTERSECT (select min( races_1.round) , provsql.sr_why(provsql.provenance(), 'provmap') from races as races_1 where races_1.circuitid is not NULL limit 24);",NO,"ERREUR:  Set operations other than UNION and EXCEPT not supported by provsql"
590,"-- meta {""num_joins"":3,""num_aggregates"":2,""has_union"":true,""has_intersect"":false,""has_negation"":false} (select constructor_results_1.points , provsql.sr_why(provsql.provenance(), 'provmap') from constructor_results as constructor_results_1 where constructor_results_1.raceid is not NULL limit 15) UNION (select constructor_standings_1.points , provsql.sr_why(provsql.provenance(), 'provmap') from constructors as constructors_1 inner join drivers as drivers_1 on (constructors_1.constructorid = drivers_1.driverid ) inner join constructor_standings as constructor_standings_1 inner join races as races_1 on (constructor_standings_1.constructorstandingsid = races_1.raceid ) on (drivers_1.driverid = races_1.raceid ) where races_1.name is not NULL group by constructors_1.constructorref, constructors_1.nationality, drivers_1.dob, drivers_1.surname, races_1.name, races_1.time limit 28);",NO,"ERREUR:  la colonne « constructor_standings_1.points » doit apparaître dans la clause GROUP BY ou doit être utilisé dans une fonction d'agrégat LIGNE 9 : constructor_standings_1.points           ^"
591,"-- meta {""num_joins"":6,""num_aggregates"":4,""has_union"":false,""has_intersect"":true,""has_negation"":false} (select results_1.position, results_1.number , provsql.sr_why(provsql.provenance(), 'provmap') from circuits as circuits_1 inner join results as results_1 inner join standings as standings_1 on (results_1.resultid = standings_1.driverstandingsid ) on (circuits_1.circuitid = results_1.resultid ) inner join qualifying as qualifying_1 inner join constructor_results as constructor_results_1 on (qualifying_1.qualifyid = constructor_results_1.constructorresultsid ) inner join drivers as drivers_1 on (constructor_results_1.constructorresultsid = drivers_1.driverid ) on (circuits_1.circuitid = qualifying_1.qualifyid ) where results_1.position is not NULL limit 20) INTERSECT (select results_2.milliseconds, results_2.milliseconds , provsql.sr_why(provsql.provenance(), 'provmap') from constructor_standings as constructor_standings_1 inner join results as results_2 on (constructor_standings_1.constructorstandingsid = results_2.resultid ) where constructor_standings_1.wins is not NULL group by constructor_standings_1.constructorstandingsid, constructor_standings_1.points, results_2.raceid, results_2.statusid limit 30);",NO,"ERREUR:  la colonne « results_2.milliseconds » doit apparaître dans la clause GROUP BY ou doit être utilisé dans une fonction d'agrégat LIGNE 20 : results_2.milliseconds,            ^"
592,"-- meta {""num_joins"":3,""num_aggregates"":0,""has_union"":false,""has_intersect"":false,""has_negation"":true} (select results_1.rank, results_2.date, results_2.resultid , provsql.sr_why(provsql.provenance(), 'provmap') from results as results_1 inner join results as results_2 on (results_1.resultid = results_2.resultid ) where results_2.position is not NULL limit 14) EXCEPT (select max( qualifying_1.date), min( circuits_1.lat), circuits_1.circuitid , provsql.sr_why(provsql.provenance(), 'provmap') from qualifying as qualifying_1 inner join circuits as circuits_1 on (qualifying_1.qualifyid = circuits_1.circuitid ) inner join standings as standings_1 on (circuits_1.circuitid = standings_1.driverstandingsid ) where standings_1.date = qualifying_1.date limit 10);",NO,"ERREUR:  la colonne « circuits_1.circuitid » doit apparaître dans la clause GROUP BY ou doit être utilisé dans une fonction d'agrégat LIGNE 17 : circuits_1.circuitid            ^"
593,"-- meta {""num_joins"":1,""num_aggregates"":1,""has_union"":false,""has_intersect"":false,""has_negation"":true} (select qualifying_1.constructorid, drivers_1.driverref, qualifying_1.number , provsql.sr_why(provsql.provenance(), 'provmap') from drivers as drivers_1 inner join qualifying as qualifying_1 on (drivers_1.driverid = qualifying_1.qualifyid ) where qualifying_1.qualifyid is not NULL limit 18) EXCEPT (select count( constructor_standings_1.date), min( constructor_standings_1.date), constructor_standings_1.constructorstandingsid , provsql.sr_why(provsql.provenance(), 'provmap') from constructor_standings as constructor_standings_1 where constructor_standings_1.points is not NULL group by constructor_standings_1.constructorid, constructor_standings_1.constructorstandingsid, constructor_standings_1.points, constructor_standings_1.raceid, constructor_standings_1.wins limit 27);",NO,"ERREUR:  les EXCEPT types text et timestamp without time zone ne peuvent pas correspondre LIGNE 15 : min(            ^"
594,"-- meta {""num_joins"":1,""num_aggregates"":2,""has_union"":false,""has_intersect"":true,""has_negation"":false} (select count( constructor_standings_1.constructorid), constructor_standings_1.date, constructor_standings_1.raceid, constructor_standings_1.constructorid , provsql.sr_why(provsql.provenance(), 'provmap') from constructor_standings as constructor_standings_1 where constructor_standings_1.raceid is not NULL group by constructor_standings_1.constructorid, constructor_standings_1.date, constructor_standings_1.raceid limit 20) INTERSECT (select min( results_1.positionorder), constructor_results_1.date, results_1.raceid, count(*) , provsql.sr_why(provsql.provenance(), 'provmap') from constructor_results as constructor_results_1 inner join results as results_1 on (constructor_results_1.constructorresultsid = results_1.resultid ) where constructor_results_1.date > results_1.date group by constructor_results_1.constructorid, constructor_results_1.date, constructor_results_1.points, constructor_results_1.raceid, results_1.driverid, results_1.positionorder limit 2);",NO,"ERREUR:  la colonne « results_1.raceid » doit apparaître dans la clause GROUP BY ou doit être utilisé dans une fonction d'agrégat LIGNE 17 : results_1.raceid,            ^"
595,"-- meta {""num_joins"":1,""num_aggregates"":1,""has_union"":false,""has_intersect"":false,""has_negation"":true} (select qualifying_1.position, qualifying_1.number, drivers_1.dob, qualifying_1.raceid, drivers_1.driverref, sum( qualifying_1.raceid), qualifying_1.qualifyid , provsql.sr_why(provsql.provenance(), 'provmap') from drivers as drivers_1 inner join qualifying as qualifying_1 on (drivers_1.driverid = qualifying_1.qualifyid ) where drivers_1.code is not NULL group by drivers_1.dob, drivers_1.driverref, qualifying_1.number, qualifying_1.position, qualifying_1.qualifyid, qualifying_1.raceid limit 22) EXCEPT (select min( constructor_standings_1.points), constructor_standings_1.constructorid, constructor_standings_1.date, constructor_standings_1.constructorid, min( constructor_standings_1.points), sum( constructor_standings_1.wins), constructor_standings_1.wins , provsql.sr_why(provsql.provenance(), 'provmap') from constructor_standings as constructor_standings_1 where constructor_standings_1.points >= constructor_standings_1.points limit 28);",NO,"ERREUR:  la colonne « constructor_standings_1.constructorid » doit apparaître dans la clause GROUP BY ou doit être utilisé dans une fonction d'agrégat LIGNE 21 : constructor_standings_1.constructorid,            ^"
596,"-- meta {""num_joins"":1,""num_aggregates"":1,""has_union"":false,""has_intersect"":false,""has_negation"":true} (select constructors_1.constructorid , provsql.sr_why(provsql.provenance(), 'provmap') from constructors as constructors_1 inner join standings as standings_1 on (constructors_1.constructorid = standings_1.driverstandingsid ) where constructors_1.constructorref = constructors_1.nationality limit 41) EXCEPT (select circuits_1.circuitid , provsql.sr_why(provsql.provenance(), 'provmap') from circuits as circuits_1 where circuits_1.lat is not NULL group by circuits_1.alt, circuits_1.circuitid, circuits_1.lat, circuits_1.location limit 2);",YES,""
597,"-- meta {""num_joins"":0,""num_aggregates"":0,""has_union"":false,""has_intersect"":false,""has_negation"":true} (select circuits_1.lng, circuits_1.alt, circuits_1.lat, circuits_1.country, circuits_1.circuitref, circuits_1.circuitid , provsql.sr_why(provsql.provenance(), 'provmap') from circuits as circuits_1 where circuits_1.lng is not NULL limit 18) EXCEPT (select avg( drivers_1.driverid), max( drivers_1.dob), count( drivers_1.driverid), drivers_1.forename, min( drivers_1.driverid), drivers_1.driverid , provsql.sr_why(provsql.provenance(), 'provmap') from drivers as drivers_1 where drivers_1.nationality is not NULL limit 29);",NO,"ERREUR:  la colonne « drivers_1.forename » doit apparaître dans la clause GROUP BY ou doit être utilisé dans une fonction d'agrégat LIGNE 20 : drivers_1.forename,            ^"
598,"-- meta {""num_joins"":0,""num_aggregates"":1,""has_union"":false,""has_intersect"":false,""has_negation"":true} (select races_1.date, races_1.circuitid, min( races_1.date), races_1.name, races_1.time, races_1.round , provsql.sr_why(provsql.provenance(), 'provmap') from races as races_1 where races_1.year is not NULL group by races_1.circuitid, races_1.date, races_1.name, races_1.round, races_1.time limit 4) EXCEPT (select constructor_results_1.date, constructor_results_1.constructorresultsid, min( constructor_results_1.date), min( constructor_results_1.points), min( constructor_results_1.constructorid), constructor_results_1.constructorresultsid , provsql.sr_why(provsql.provenance(), 'provmap') from constructor_results as constructor_results_1 where constructor_results_1.raceid is not NULL limit 25);",NO,"ERREUR:  la colonne « constructor_results_1.date » doit apparaître dans la clause GROUP BY ou doit être utilisé dans une fonction d'agrégat LIGNE 16 : constructor_results_1.date,            ^"
599,"-- meta {""num_joins"":1,""num_aggregates"":1,""has_union"":true,""has_intersect"":false,""has_negation"":false} (select drivers_1.nationality, sum( constructor_results_1.points), drivers_1.surname, constructor_results_1.constructorid, drivers_1.driverid , provsql.sr_why(provsql.provenance(), 'provmap') from drivers as drivers_1 inner join constructor_results as constructor_results_1 on (drivers_1.driverid = constructor_results_1.constructorresultsid ) where drivers_1.surname > drivers_1.code group by constructor_results_1.constructorid, drivers_1.driverid, drivers_1.nationality, drivers_1.surname limit 13) UNION (select avg( constructor_standings_1.points), min( constructor_standings_1.points), max( constructor_standings_1.points), constructor_standings_1.constructorid, constructor_standings_1.constructorstandingsid , provsql.sr_why(provsql.provenance(), 'provmap') from constructor_standings as constructor_standings_1 where constructor_standings_1.date < constructor_standings_1.date limit 23);",NO,"ERREUR:  la colonne « constructor_standings_1.constructorid » doit apparaître dans la clause GROUP BY ou doit être utilisé dans une fonction d'agrégat LIGNE 23 : constructor_standings_1.constructorid,            ^"
600,"-- meta {""num_joins"":2,""num_aggregates"":0,""has_union"":false,""has_intersect"":false,""has_negation"":true} (select circuits_1.circuitref , provsql.sr_why(provsql.provenance(), 'provmap') from results as results_1 inner join circuits as circuits_1 on (results_1.resultid = circuits_1.circuitid ) where results_1.number is not NULL limit 26) EXCEPT (select drivers_1.surname , provsql.sr_why(provsql.provenance(), 'provmap') from drivers as drivers_1 inner join drivers as drivers_2 on (drivers_1.driverid = drivers_2.driverid ) where drivers_2.code is not NULL limit 22);",YES,""
601,"-- meta {""num_joins"":0,""num_aggregates"":0,""has_union"":false,""has_intersect"":true,""has_negation"":false} (select drivers_1.surname, drivers_1.driverref , provsql.sr_why(provsql.provenance(), 'provmap') from drivers as drivers_1 where drivers_1.driverid is not NULL limit 26) INTERSECT (select drivers_2.driverref, drivers_2.driverref , provsql.sr_why(provsql.provenance(), 'provmap') from drivers as drivers_2 where drivers_2.nationality is not NULL limit 42);",NO,"ERREUR:  Set operations other than UNION and EXCEPT not supported by provsql"
602,"-- meta {""num_joins"":0,""num_aggregates"":4,""has_union"":false,""has_intersect"":true,""has_negation"":false} (select circuits_1.lng, circuits_1.name, max( circuits_1.circuitid), circuits_1.circuitid, circuits_1.country , provsql.sr_why(provsql.provenance(), 'provmap') from circuits as circuits_1 where circuits_1.country is not NULL group by circuits_1.circuitid, circuits_1.country, circuits_1.lng, circuits_1.name limit 20) INTERSECT (select constructor_results_1.points, sum( constructor_results_1.raceid), count( constructor_results_1.constructorid), constructor_results_1.constructorid, count( constructor_results_1.date) , provsql.sr_why(provsql.provenance(), 'provmap') from constructor_results as constructor_results_1 where constructor_results_1.constructorresultsid <= constructor_results_1.raceid group by constructor_results_1.constructorid, constructor_results_1.constructorresultsid, constructor_results_1.date, constructor_results_1.points, constructor_results_1.raceid limit 32);",NO,"ERREUR:  les INTERSECT types text et numeric ne peuvent pas correspondre LIGNE 16 : sum(            ^"
603,"-- meta {""num_joins"":0,""num_aggregates"":3,""has_union"":true,""has_intersect"":false,""has_negation"":false} (select drivers_1.surname, drivers_1.driverid, drivers_1.code, drivers_1.nationality, drivers_1.dob , provsql.sr_why(provsql.provenance(), 'provmap') from drivers as drivers_1 where drivers_1.driverid > drivers_1.driverid limit 16) UNION (select drivers_2.forename, max( drivers_2.dob), drivers_2.forename, drivers_2.code, max( drivers_2.dob) , provsql.sr_why(provsql.provenance(), 'provmap') from drivers as drivers_2 where drivers_2.driverid is not NULL group by drivers_2.code, drivers_2.driverid, drivers_2.driverref, drivers_2.forename, drivers_2.nationality limit 22);",NO,"ERREUR:  les UNION types bigint et timestamp without time zone ne peuvent pas correspondre LIGNE 14 : max(            ^"
604,"-- meta {""num_joins"":0,""num_aggregates"":0,""has_union"":true,""has_intersect"":false,""has_negation"":false} (select results_1.constructorid , provsql.sr_why(provsql.provenance(), 'provmap') from results as results_1 where results_1.constructorid is not NULL limit 26) UNION (select constructor_standings_1.constructorstandingsid , provsql.sr_why(provsql.provenance(), 'provmap') from constructor_standings as constructor_standings_1 where constructor_standings_1.points is not NULL limit 26);",YES,""
605,"-- meta {""num_joins"":1,""num_aggregates"":2,""has_union"":false,""has_intersect"":false,""has_negation"":true} (select constructor_standings_1.points, constructor_standings_1.constructorstandingsid, min( constructor_standings_1.date) , provsql.sr_why(provsql.provenance(), 'provmap') from constructor_standings as constructor_standings_1 where constructor_standings_1.raceid is not NULL group by constructor_standings_1.constructorstandingsid, constructor_standings_1.points limit 8) EXCEPT (select standings_1.points, standings_1.driverstandingsid, min( standings_1.date) , provsql.sr_why(provsql.provenance(), 'provmap') from standings as standings_1 inner join qualifying as qualifying_1 on (standings_1.driverstandingsid = qualifying_1.qualifyid ) where qualifying_1.date is not NULL group by qualifying_1.constructorid, standings_1.date, standings_1.wins limit 35);",NO,"ERREUR:  la colonne « standings_1.points » doit apparaître dans la clause GROUP BY ou doit être utilisé dans une fonction d'agrégat LIGNE 13 : standings_1.points,            ^"
606,"-- meta {""num_joins"":3,""num_aggregates"":2,""has_union"":false,""has_intersect"":true,""has_negation"":false} (select qualifying_2.qualifyid, constructor_results_2.raceid, qualifying_2.raceid, max( qualifying_1.date), qualifying_2.driverid , provsql.sr_why(provsql.provenance(), 'provmap') from constructor_results as constructor_results_1 inner join qualifying as qualifying_1 on (constructor_results_1.constructorresultsid = qualifying_1.qualifyid ) inner join qualifying as qualifying_2 inner join constructor_results as constructor_results_2 on (qualifying_2.qualifyid = constructor_results_2.constructorresultsid ) on (constructor_results_1.constructorresultsid = qualifying_2.qualifyid ) where qualifying_2.raceid is not NULL group by constructor_results_2.raceid, qualifying_2.driverid, qualifying_2.qualifyid, qualifying_2.raceid limit 26) INTERSECT (select constructor_standings_1.constructorid, constructor_standings_1.position, constructor_standings_1.wins, min( constructor_standings_1.date), constructor_standings_1.constructorstandingsid , provsql.sr_why(provsql.provenance(), 'provmap') from constructor_standings as constructor_standings_1 where constructor_standings_1.constructorid is not NULL group by constructor_standings_1.date, constructor_standings_1.points, constructor_standings_1.wins limit 39);",NO,"ERREUR:  la colonne « constructor_standings_1.constructorid » doit apparaître dans la clause GROUP BY ou doit être utilisé dans une fonction d'agrégat LIGNE 21 : constructor_standings_1.constructorid,            ^"
607,"-- meta {""num_joins"":0,""num_aggregates"":2,""has_union"":true,""has_intersect"":false,""has_negation"":false} (select constructor_standings_1.points, constructor_standings_1.date, count( constructor_standings_1.constructorstandingsid), min( constructor_standings_1.date) , provsql.sr_why(provsql.provenance(), 'provmap') from constructor_standings as constructor_standings_1 where constructor_standings_1.constructorstandingsid is not NULL group by constructor_standings_1.date, constructor_standings_1.points limit 22) UNION (select avg( constructor_results_1.points), constructor_results_1.date, max( constructor_results_1.constructorresultsid), max( constructor_results_1.date) , provsql.sr_why(provsql.provenance(), 'provmap') from constructor_results as constructor_results_1 where constructor_results_1.constructorid >= constructor_results_1.constructorresultsid limit 3);",NO,"ERREUR:  la colonne « constructor_results_1.date » doit apparaître dans la clause GROUP BY ou doit être utilisé dans une fonction d'agrégat LIGNE 17 : constructor_results_1.date,            ^"
608,"-- meta {""num_joins"":0,""num_aggregates"":2,""has_union"":false,""has_intersect"":false,""has_negation"":false} select min( constructors_1.constructorid), constructors_1.name, constructors_1.constructorref, count(*), constructors_1.constructorid , provsql.sr_why(provsql.provenance(), 'provmap') from constructors as constructors_1 where constructors_1.nationality is not NULL group by constructors_1.constructorid, constructors_1.constructorref, constructors_1.name limit 25;",YES,""
609,"-- meta {""num_joins"":0,""num_aggregates"":0,""has_union"":false,""has_intersect"":false,""has_negation"":false} select circuits_1.alt , provsql.sr_why(provsql.provenance(), 'provmap') from circuits as circuits_1 where circuits_1.alt is not NULL limit 31;",YES,""
610,"-- meta {""num_joins"":4,""num_aggregates"":0,""has_union"":false,""has_intersect"":false,""has_negation"":false} select qualifying_1.position, constructor_standings_1.constructorstandingsid , provsql.sr_why(provsql.provenance(), 'provmap') from results as results_1 inner join constructor_standings as constructor_standings_1 inner join results as results_2 inner join qualifying as qualifying_1 inner join qualifying as qualifying_2 on (qualifying_1.qualifyid = qualifying_2.qualifyid ) on (results_2.resultid = qualifying_1.qualifyid ) on (constructor_standings_1.constructorstandingsid = qualifying_1.qualifyid ) on (results_1.resultid = results_2.resultid ) where constructor_standings_1.raceid is not NULL limit 22;",YES,""
611,"-- meta {""num_joins"":2,""num_aggregates"":4,""has_union"":false,""has_intersect"":true,""has_negation"":false} (select min( results_1.date), results_1.position, results_1.grid, results_1.raceid, results_1.fastestlap, avg( results_1.position), results_1.positionorder, results_1.milliseconds, count(*) , provsql.sr_why(provsql.provenance(), 'provmap') from results as results_1 where results_1.positionorder is not NULL group by results_1.fastestlap, results_1.grid, results_1.milliseconds, results_1.position, results_1.positionorder, results_1.raceid limit 19) INTERSECT (select max( constructor_results_1.date), constructor_results_1.points, races_1.year, races_1.raceid, constructor_results_1.points, min( constructor_results_1.points), min( races_1.date), constructor_results_1.points, count( races_1.time) , provsql.sr_why(provsql.provenance(), 'provmap') from constructors as constructors_1 inner join constructor_results as constructor_results_1 on (constructors_1.constructorid = constructor_results_1.constructorresultsid ) inner join races as races_1 on (constructor_results_1.constructorresultsid = races_1.raceid ) where constructors_1.name <= constructors_1.constructorref limit 22);",NO,"ERREUR:  la colonne « constructor_results_1.points » doit apparaître dans la clause GROUP BY ou doit être utilisé dans une fonction d'agrégat LIGNE 22 : constructor_results_1.points,            ^"
612,"-- meta {""num_joins"":4,""num_aggregates"":1,""has_union"":true,""has_intersect"":false,""has_negation"":false} (select constructor_results_1.raceid, constructor_results_1.date, constructor_results_1.constructorid, constructor_results_1.points, results_1.driverid, constructor_results_1.constructorresultsid, results_1.raceid , provsql.sr_why(provsql.provenance(), 'provmap') from constructor_results as constructor_results_1 inner join results as results_1 on (constructor_results_1.constructorresultsid = results_1.resultid ) where results_1.number >= results_1.points limit 28) UNION (select results_2.driverid, results_3.date, results_2.resultid, results_3.milliseconds, results_2.raceid, results_2.statusid, min( results_2.rank) , provsql.sr_why(provsql.provenance(), 'provmap') from results as results_2 inner join results as results_3 inner join drivers as drivers_1 inner join standings as standings_1 on (drivers_1.driverid = standings_1.driverstandingsid ) on (results_3.resultid = drivers_1.driverid ) on (results_2.resultid = drivers_1.driverid ) where results_3.date is not NULL group by drivers_1.code, drivers_1.forename, drivers_1.surname, results_2.constructorid, standings_1.driverid limit 4);",NO,"ERREUR:  la colonne « results_2.driverid » doit apparaître dans la clause GROUP BY ou doit être utilisé dans une fonction d'agrégat LIGNE 17 : results_2.driverid,            ^"
613,"-- meta {""num_joins"":0,""num_aggregates"":3,""has_union"":true,""has_intersect"":false,""has_negation"":false} (select max( constructor_results_1.date) , provsql.sr_why(provsql.provenance(), 'provmap') from constructor_results as constructor_results_1 where constructor_results_1.points <= constructor_results_1.points limit 30) UNION (select max( constructor_results_2.date) , provsql.sr_why(provsql.provenance(), 'provmap') from constructor_results as constructor_results_2 where constructor_results_2.date = constructor_results_2.date group by constructor_results_2.constructorresultsid, constructor_results_2.date, constructor_results_2.points, constructor_results_2.raceid limit 16);",NO,"ERREUR:  UNION/INTERSECT/EXCEPT n'a pas pu convertir le type provsql.agg_token en timestamp without time zone"
614,"-- meta {""num_joins"":4,""num_aggregates"":0,""has_union"":false,""has_intersect"":true,""has_negation"":false} (select constructor_standings_1.position, constructor_standings_1.points , provsql.sr_why(provsql.provenance(), 'provmap') from constructor_standings as constructor_standings_1 inner join constructor_results as constructor_results_1 inner join constructor_results as constructor_results_2 on (constructor_results_1.constructorresultsid = constructor_results_2.constructorresultsid ) on (constructor_standings_1.constructorstandingsid = constructor_results_1.constructorresultsid ) where constructor_results_1.constructorid is not NULL limit 22) INTERSECT (select races_1.raceid, max( drivers_1.dob) , provsql.sr_why(provsql.provenance(), 'provmap') from races as races_1 inner join drivers as drivers_1 inner join constructors as constructors_1 on (drivers_1.driverid = constructors_1.constructorid ) on (races_1.raceid = constructors_1.constructorid ) where drivers_1.nationality is not NULL limit 22);",NO,"ERREUR:  la colonne « races_1.raceid » doit apparaître dans la clause GROUP BY ou doit être utilisé dans une fonction d'agrégat LIGNE 14 : races_1.raceid,            ^"
615,"-- meta {""num_joins"":1,""num_aggregates"":2,""has_union"":false,""has_intersect"":false,""has_negation"":true} (select results_1.fastestlap, drivers_1.code, drivers_1.nationality, drivers_1.dob, avg( results_1.positionorder), drivers_1.surname, results_1.milliseconds, drivers_1.driverref, results_1.constructorid, count(*) , provsql.sr_why(provsql.provenance(), 'provmap') from results as results_1 inner join drivers as drivers_1 on (results_1.resultid = drivers_1.driverid ) where results_1.milliseconds is not NULL group by drivers_1.code, drivers_1.dob, drivers_1.driverref, drivers_1.nationality, drivers_1.surname, results_1.constructorid, results_1.fastestlap, results_1.milliseconds limit 27) EXCEPT (select max( drivers_2.dob), drivers_2.surname, drivers_2.nationality, count(*), avg( drivers_2.driverid), drivers_2.driverref, min( drivers_2.dob), count( drivers_2.driverref), drivers_2.driverid, min( drivers_2.driverid) , provsql.sr_why(provsql.provenance(), 'provmap') from drivers as drivers_2 where drivers_2.forename is not NULL limit 31);",NO,"ERREUR:  la colonne « drivers_2.surname » doit apparaître dans la clause GROUP BY ou doit être utilisé dans une fonction d'agrégat LIGNE 24 : drivers_2.surname,            ^"
616,"-- meta {""num_joins"":2,""num_aggregates"":2,""has_union"":false,""has_intersect"":false,""has_negation"":true} (select constructors_1.constructorref, circuits_1.circuitref, max( circuits_1.alt), circuits_1.circuitid , provsql.sr_why(provsql.provenance(), 'provmap') from circuits as circuits_1 inner join constructors as constructors_1 on (circuits_1.circuitid = constructors_1.constructorid ) where constructors_1.constructorid is not NULL group by circuits_1.circuitid, circuits_1.circuitref, constructors_1.constructorref limit 2) EXCEPT (select max( constructor_standings_1.points), sum( qualifying_1.position), max( constructor_standings_1.points), count(*) , provsql.sr_why(provsql.provenance(), 'provmap') from qualifying as qualifying_1 inner join constructor_standings as constructor_standings_1 on (qualifying_1.qualifyid = constructor_standings_1.constructorstandingsid ) where constructor_standings_1.position is not NULL group by constructor_standings_1.constructorid, constructor_standings_1.date, constructor_standings_1.points, constructor_standings_1.wins, qualifying_1.constructorid, qualifying_1.date, qualifying_1.driverid, qualifying_1.qualifyid, qualifying_1.raceid limit 4);",NO,"ERREUR:  les EXCEPT types text et double precision ne peuvent pas correspondre LIGNE 16 : max(            ^"
617,"-- meta {""num_joins"":3,""num_aggregates"":0,""has_union"":false,""has_intersect"":false,""has_negation"":false} select standings_1.date, standings_1.points , provsql.sr_why(provsql.provenance(), 'provmap') from qualifying as qualifying_1 inner join constructor_standings as constructor_standings_1 on (qualifying_1.qualifyid = constructor_standings_1.constructorstandingsid ) inner join constructor_standings as constructor_standings_2 inner join standings as standings_1 on (constructor_standings_2.constructorstandingsid = standings_1.driverstandingsid ) on (constructor_standings_1.constructorstandingsid = standings_1.driverstandingsid ) where constructor_standings_1.constructorstandingsid is not NULL limit 31;",YES,""
618,"-- meta {""num_joins"":0,""num_aggregates"":1,""has_union"":false,""has_intersect"":false,""has_negation"":false} select circuits_1.circuitid, max( circuits_1.lat), circuits_1.alt, circuits_1.country, circuits_1.location, circuits_1.lng , provsql.sr_why(provsql.provenance(), 'provmap') from circuits as circuits_1 where circuits_1.circuitref = circuits_1.name group by circuits_1.alt, circuits_1.circuitid, circuits_1.country, circuits_1.lng, circuits_1.location limit 27;",YES,""
619,"-- meta {""num_joins"":0,""num_aggregates"":5,""has_union"":false,""has_intersect"":false,""has_negation"":true} (select max( constructor_standings_1.points), constructor_standings_1.date, constructor_standings_1.constructorid, constructor_standings_1.constructorstandingsid, constructor_standings_1.wins, count(*), count(*) , provsql.sr_why(provsql.provenance(), 'provmap') from constructor_standings as constructor_standings_1 where constructor_standings_1.raceid is not NULL group by constructor_standings_1.constructorid, constructor_standings_1.constructorstandingsid, constructor_standings_1.date, constructor_standings_1.wins limit 42) EXCEPT (select avg( results_1.milliseconds), results_1.date, results_1.statusid, results_1.positionorder, sum( results_1.rank), count( results_1.rank), max( results_1.constructorid) , provsql.sr_why(provsql.provenance(), 'provmap') from results as results_1 where results_1.resultid is not NULL group by results_1.points, results_1.position limit 6);",NO,"ERREUR:  la colonne « results_1.date » doit apparaître dans la clause GROUP BY ou doit être utilisé dans une fonction d'agrégat LIGNE 19 : results_1.date,            ^"
620,"-- meta {""num_joins"":1,""num_aggregates"":0,""has_union"":false,""has_intersect"":true,""has_negation"":false} (select circuits_1.country , provsql.sr_why(provsql.provenance(), 'provmap') from circuits as circuits_1 where circuits_1.circuitref is not NULL limit 11) INTERSECT (select constructors_1.name , provsql.sr_why(provsql.provenance(), 'provmap') from constructors as constructors_1 inner join results as results_1 on (constructors_1.constructorid = results_1.resultid ) where constructors_1.constructorid is not NULL limit 16);",NO,"ERREUR:  Set operations other than UNION and EXCEPT not supported by provsql"
621,"-- meta {""num_joins"":1,""num_aggregates"":1,""has_union"":false,""has_intersect"":true,""has_negation"":false} (select drivers_1.forename, constructor_standings_1.constructorstandingsid, constructor_standings_1.position, drivers_1.dob, max( constructor_standings_1.constructorid) , provsql.sr_why(provsql.provenance(), 'provmap') from drivers as drivers_1 inner join constructor_standings as constructor_standings_1 on (drivers_1.driverid = constructor_standings_1.constructorstandingsid ) where constructor_standings_1.wins <= constructor_standings_1.constructorstandingsid group by constructor_standings_1.constructorstandingsid, constructor_standings_1.position, drivers_1.dob, drivers_1.forename limit 27) INTERSECT (select min( qualifying_1.date), qualifying_1.constructorid, qualifying_1.position, qualifying_1.date, count( qualifying_1.number) , provsql.sr_why(provsql.provenance(), 'provmap') from qualifying as qualifying_1 where qualifying_1.qualifyid is not NULL limit 17);",NO,"ERREUR:  la colonne « qualifying_1.constructorid » doit apparaître dans la clause GROUP BY ou doit être utilisé dans une fonction d'agrégat LIGNE 19 : qualifying_1.constructorid,            ^"
622,"-- meta {""num_joins"":0,""num_aggregates"":1,""has_union"":false,""has_intersect"":true,""has_negation"":false} (select min( races_1.date), races_1.date, races_1.circuitid, races_1.year , provsql.sr_why(provsql.provenance(), 'provmap') from races as races_1 where races_1.raceid is not NULL group by races_1.circuitid, races_1.date, races_1.year limit 40) INTERSECT (select max( constructor_standings_1.date), min( constructor_standings_1.points), constructor_standings_1.constructorstandingsid, constructor_standings_1.constructorid , provsql.sr_why(provsql.provenance(), 'provmap') from constructor_standings as constructor_standings_1 where constructor_standings_1.date is not NULL limit 15);",NO,"ERREUR:  la colonne « constructor_standings_1.constructorstandingsid » doit apparaître dans la clause GROUP BY ou doit être utilisé dans une fonction d'agrégat LIGNE 18 : constructor_standings_1.constructorstandingsid,            ^"
623,"-- meta {""num_joins"":0,""num_aggregates"":2,""has_union"":false,""has_intersect"":false,""has_negation"":true} (select count( drivers_1.forename), drivers_1.surname , provsql.sr_why(provsql.provenance(), 'provmap') from drivers as drivers_1 where drivers_1.dob is not NULL group by drivers_1.surname limit 24) EXCEPT (select count(*), sum( qualifying_1.position) , provsql.sr_why(provsql.provenance(), 'provmap') from qualifying as qualifying_1 where qualifying_1.constructorid is not NULL group by qualifying_1.constructorid, qualifying_1.number, qualifying_1.position, qualifying_1.qualifyid, qualifying_1.raceid limit 24);",NO,"ERREUR:  les EXCEPT types text et numeric ne peuvent pas correspondre LIGNE 13 : sum(            ^"
624,"-- meta {""num_joins"":0,""num_aggregates"":7,""has_union"":false,""has_intersect"":false,""has_negation"":true} (select drivers_1.nationality, drivers_1.code, drivers_1.surname, max( drivers_1.dob), min( drivers_1.dob), max( drivers_1.driverid), drivers_1.driverid, max( drivers_1.driverid), max( drivers_1.dob), drivers_1.driverref, drivers_1.forename, drivers_1.dob , provsql.sr_why(provsql.provenance(), 'provmap') from drivers as drivers_1 where drivers_1.driverid is not NULL group by drivers_1.code, drivers_1.dob, drivers_1.driverid, drivers_1.driverref, drivers_1.forename, drivers_1.nationality, drivers_1.surname limit 38) EXCEPT (select avg( constructor_standings_1.wins), sum( constructor_standings_1.points), max( constructor_standings_1.points), max( constructor_standings_1.date), max( constructor_standings_1.date), min( constructor_standings_1.constructorstandingsid), constructor_standings_1.constructorstandingsid, count(*), max( constructor_standings_1.date), min( constructor_standings_1.constructorid), sum( constructor_standings_1.constructorstandingsid), count(*) , provsql.sr_why(provsql.provenance(), 'provmap') from constructor_standings as constructor_standings_1 where constructor_standings_1.points is not NULL group by constructor_standings_1.constructorid, constructor_standings_1.date, constructor_standings_1.points, constructor_standings_1.position, constructor_standings_1.raceid, constructor_standings_1.wins limit 3);",NO,"ERREUR:  la colonne « constructor_standings_1.constructorstandingsid » doit apparaître dans la clause GROUP BY ou doit être utilisé dans une fonction d'agrégat LIGNE 38 : constructor_standings_1.constructorstandingsid,            ^"
625,"-- meta {""num_joins"":0,""num_aggregates"":1,""has_union"":false,""has_intersect"":false,""has_negation"":false} select min( qualifying_1.date), qualifying_1.raceid , provsql.sr_why(provsql.provenance(), 'provmap') from qualifying as qualifying_1 where qualifying_1.raceid is not NULL group by qualifying_1.raceid limit 5;",YES,""
626,"-- meta {""num_joins"":0,""num_aggregates"":6,""has_union"":false,""has_intersect"":false,""has_negation"":true} (select constructor_results_1.constructorid, min( constructor_results_1.raceid), max( constructor_results_1.points), count(*) , provsql.sr_why(provsql.provenance(), 'provmap') from constructor_results as constructor_results_1 where constructor_results_1.constructorresultsid <= constructor_results_1.constructorid group by constructor_results_1.constructorid limit 29) EXCEPT (select circuits_1.circuitid, count( circuits_1.lng), min( circuits_1.lat), count(*) , provsql.sr_why(provsql.provenance(), 'provmap') from circuits as circuits_1 where circuits_1.circuitid is not NULL group by circuits_1.alt, circuits_1.circuitid, circuits_1.circuitref, circuits_1.location, circuits_1.name limit 39);",NO,"ERREUR:  provenance() called on a table without provenance"
627,"-- meta {""num_joins"":1,""num_aggregates"":1,""has_union"":false,""has_intersect"":true,""has_negation"":false} (select qualifying_1.raceid, qualifying_1.number, count( constructors_1.nationality) , provsql.sr_why(provsql.provenance(), 'provmap') from qualifying as qualifying_1 inner join constructors as constructors_1 on (qualifying_1.qualifyid = constructors_1.constructorid ) where qualifying_1.raceid is not NULL group by qualifying_1.number, qualifying_1.raceid limit 29) INTERSECT (select max( circuits_1.circuitid), max( circuits_1.circuitid), count(*) , provsql.sr_why(provsql.provenance(), 'provmap') from circuits as circuits_1 where circuits_1.country is not NULL limit 15);",NO,"ERREUR:  Set operations other than UNION and EXCEPT not supported by provsql"
628,"-- meta {""num_joins"":4,""num_aggregates"":1,""has_union"":false,""has_intersect"":false,""has_negation"":false} select qualifying_1.position, avg( constructor_standings_2.points), constructor_standings_2.wins, circuits_1.circuitref, circuits_1.alt, circuits_1.lng, constructor_standings_2.constructorid , provsql.sr_why(provsql.provenance(), 'provmap') from circuits as circuits_1 inner join constructor_standings as constructor_standings_1 inner join constructor_standings as constructor_standings_2 on (constructor_standings_1.constructorstandingsid = constructor_standings_2.constructorstandingsid ) on (circuits_1.circuitid = constructor_standings_2.constructorstandingsid ) inner join qualifying as qualifying_1 on (circuits_1.circuitid = qualifying_1.qualifyid ) inner join constructors as constructors_1 on (constructor_standings_1.constructorstandingsid = constructors_1.constructorid ) where constructor_standings_2.wins is not NULL group by circuits_1.alt, circuits_1.circuitref, circuits_1.lng, constructor_standings_2.constructorid, constructor_standings_2.wins, qualifying_1.position limit 9;",YES,""
629,"-- meta {""num_joins"":0,""num_aggregates"":0,""has_union"":true,""has_intersect"":false,""has_negation"":false} (select standings_1.date, standings_1.driverstandingsid, standings_1.raceid, standings_1.position, standings_1.points , provsql.sr_why(provsql.provenance(), 'provmap') from standings as standings_1 where standings_1.points >= standings_1.points limit 19) UNION (select count(*), constructors_1.constructorid, sum( constructors_1.constructorid), constructors_1.constructorid, min( constructors_1.constructorid) , provsql.sr_why(provsql.provenance(), 'provmap') from constructors as constructors_1 where constructors_1.name is not NULL limit 3);",NO,"ERREUR:  la colonne « constructors_1.constructorid » doit apparaître dans la clause GROUP BY ou doit être utilisé dans une fonction d'agrégat LIGNE 14 : constructors_1.constructorid,            ^"
630,"-- meta {""num_joins"":1,""num_aggregates"":1,""has_union"":false,""has_intersect"":true,""has_negation"":false} (select qualifying_1.number, qualifying_1.driverid, drivers_1.code, drivers_1.dob , provsql.sr_why(provsql.provenance(), 'provmap') from qualifying as qualifying_1 inner join drivers as drivers_1 on (qualifying_1.qualifyid = drivers_1.driverid ) where qualifying_1.date is not NULL limit 23) INTERSECT (select standings_1.driverstandingsid, standings_1.position, max( standings_1.raceid), max( standings_1.driverid) , provsql.sr_why(provsql.provenance(), 'provmap') from standings as standings_1 where standings_1.wins is not NULL group by standings_1.driverid, standings_1.raceid limit 39);",NO,"ERREUR:  la colonne « standings_1.driverstandingsid » doit apparaître dans la clause GROUP BY ou doit être utilisé dans une fonction d'agrégat LIGNE 14 : standings_1.driverstandingsid,            ^"
631,"-- meta {""num_joins"":1,""num_aggregates"":1,""has_union"":true,""has_intersect"":false,""has_negation"":false} (select constructors_1.name, constructors_1.constructorref, constructors_1.nationality , provsql.sr_why(provsql.provenance(), 'provmap') from constructors as constructors_1 where constructors_1.constructorid is not NULL limit 21) UNION (select circuits_1.location, constructors_2.name, circuits_1.country , provsql.sr_why(provsql.provenance(), 'provmap') from constructors as constructors_2 inner join circuits as circuits_1 on (constructors_2.constructorid = circuits_1.circuitid ) where constructors_2.constructorid is not NULL group by circuits_1.circuitref, circuits_1.country, constructors_2.nationality limit 38);",NO,"ERREUR:  la colonne « circuits_1.location » doit apparaître dans la clause GROUP BY ou doit être utilisé dans une fonction d'agrégat LIGNE 11 : circuits_1.location,            ^"
632,"-- meta {""num_joins"":2,""num_aggregates"":3,""has_union"":true,""has_intersect"":false,""has_negation"":false} (select constructor_results_1.constructorid, constructor_results_1.points, constructor_results_1.date, constructor_results_1.raceid , provsql.sr_why(provsql.provenance(), 'provmap') from constructor_results as constructor_results_1 where constructor_results_1.points is not NULL limit 18) UNION (select qualifying_1.raceid, max( standings_1.points), qualifying_1.date, qualifying_1.position , provsql.sr_why(provsql.provenance(), 'provmap') from standings as standings_1 inner join qualifying as qualifying_1 on (standings_1.driverstandingsid = qualifying_1.qualifyid ) inner join qualifying as qualifying_2 on (qualifying_1.qualifyid = qualifying_2.qualifyid ) where qualifying_1.qualifyid >= standings_1.driverstandingsid group by qualifying_2.position, qualifying_2.raceid, standings_1.points, standings_1.position, standings_1.wins limit 11);",NO,"ERREUR:  la colonne « qualifying_1.raceid » doit apparaître dans la clause GROUP BY ou doit être utilisé dans une fonction d'agrégat LIGNE 12 : qualifying_1.raceid,            ^"
633,"-- meta {""num_joins"":3,""num_aggregates"":3,""has_union"":false,""has_intersect"":true,""has_negation"":false} (select sum( qualifying_1.number), qualifying_1.driverid, qualifying_1.raceid, max( qualifying_1.date) , provsql.sr_why(provsql.provenance(), 'provmap') from races as races_1 inner join qualifying as qualifying_1 on (races_1.raceid = qualifying_1.qualifyid ) where races_1.time is not NULL group by qualifying_1.driverid, qualifying_1.raceid limit 2) INTERSECT (select sum( races_2.raceid), max( constructor_results_1.constructorresultsid), drivers_1.driverid, max( drivers_1.dob) , provsql.sr_why(provsql.provenance(), 'provmap') from races as races_2 inner join drivers as drivers_1 on (races_2.raceid = drivers_1.driverid ) inner join constructor_results as constructor_results_1 on (races_2.raceid = constructor_results_1.constructorresultsid ) where constructor_results_1.raceid is not NULL group by constructor_results_1.points, drivers_1.dob, drivers_1.driverref, races_2.time limit 35);",NO,"ERREUR:  la colonne « drivers_1.driverid » doit apparaître dans la clause GROUP BY ou doit être utilisé dans une fonction d'agrégat LIGNE 21 : drivers_1.driverid,            ^"
634,"-- meta {""num_joins"":0,""num_aggregates"":2,""has_union"":false,""has_intersect"":false,""has_negation"":false} select drivers_1.dob, avg( drivers_1.driverid), drivers_1.code, count(*) , provsql.sr_why(provsql.provenance(), 'provmap') from drivers as drivers_1 where drivers_1.code is not NULL group by drivers_1.code, drivers_1.dob limit 20;",YES,""
635,"-- meta {""num_joins"":4,""num_aggregates"":2,""has_union"":false,""has_intersect"":false,""has_negation"":false} select standings_1.driverid, standings_1.points, max( standings_1.points), standings_1.driverstandingsid, races_1.raceid, max( constructors_1.constructorid), constructor_standings_1.points , provsql.sr_why(provsql.provenance(), 'provmap') from circuits as circuits_1 inner join constructors as constructors_1 on (circuits_1.circuitid = constructors_1.constructorid ) inner join constructor_standings as constructor_standings_1 on (constructors_1.constructorid = constructor_standings_1.constructorstandingsid ) inner join standings as standings_1 inner join races as races_1 on (standings_1.driverstandingsid = races_1.raceid ) on (constructor_standings_1.constructorstandingsid = standings_1.driverstandingsid ) where circuits_1.name is not NULL group by constructor_standings_1.points, races_1.raceid, standings_1.driverid, standings_1.driverstandingsid, standings_1.points limit 3;",YES,""
636,"-- meta {""num_joins"":0,""num_aggregates"":1,""has_union"":false,""has_intersect"":false,""has_negation"":false} select races_1.raceid, races_1.year, sum( races_1.circuitid), races_1.circuitid , provsql.sr_why(provsql.provenance(), 'provmap') from races as races_1 where races_1.year is not NULL group by races_1.circuitid, races_1.raceid, races_1.year limit 6;",YES,""
637,"-- meta {""num_joins"":0,""num_aggregates"":0,""has_union"":false,""has_intersect"":false,""has_negation"":true} (select circuits_1.circuitid, circuits_1.location, circuits_1.circuitref, circuits_1.lng , provsql.sr_why(provsql.provenance(), 'provmap') from circuits as circuits_1 where circuits_1.lng is not NULL limit 32) EXCEPT (select avg( constructor_results_1.raceid), min( constructor_results_1.date), max( constructor_results_1.date), constructor_results_1.points , provsql.sr_why(provsql.provenance(), 'provmap') from constructor_results as constructor_results_1 where constructor_results_1.constructorresultsid is not NULL limit 20);",NO,"ERREUR:  la colonne « constructor_results_1.points » doit apparaître dans la clause GROUP BY ou doit être utilisé dans une fonction d'agrégat LIGNE 18 : constructor_results_1.points            ^"
638,"-- meta {""num_joins"":0,""num_aggregates"":0,""has_union"":false,""has_intersect"":false,""has_negation"":true} (select drivers_1.driverid , provsql.sr_why(provsql.provenance(), 'provmap') from drivers as drivers_1 where drivers_1.dob is not NULL limit 11) EXCEPT (select count(*) , provsql.sr_why(provsql.provenance(), 'provmap') from constructor_results as constructor_results_1 where constructor_results_1.constructorid is not NULL limit 23);",NO,"ERREUR:  l'attribut 1 de type record a un mauvais type DÉTAIL : La table a le type provsql.agg_token alors que la requête attend bigint."
639,"-- meta {""num_joins"":3,""num_aggregates"":1,""has_union"":true,""has_intersect"":false,""has_negation"":false} (select results_1.fastestlap, constructors_1.nationality, constructors_1.constructorref , provsql.sr_why(provsql.provenance(), 'provmap') from constructors as constructors_1 inner join results as results_1 on (constructors_1.constructorid = results_1.resultid ) where results_1.rank is not NULL limit 12) UNION (select circuits_1.lng, constructors_2.name, circuits_1.country , provsql.sr_why(provsql.provenance(), 'provmap') from races as races_1 inner join constructors as constructors_2 on (races_1.raceid = constructors_2.constructorid ) inner join circuits as circuits_1 on (races_1.raceid = circuits_1.circuitid ) where races_1.date >= races_1.date group by circuits_1.circuitref, constructors_2.constructorid, constructors_2.name, races_1.date, races_1.raceid, races_1.time limit 11);",NO,"ERREUR:  la colonne « circuits_1.lng » doit apparaître dans la clause GROUP BY ou doit être utilisé dans une fonction d'agrégat LIGNE 13 : circuits_1.lng,            ^"
640,"-- meta {""num_joins"":1,""num_aggregates"":4,""has_union"":false,""has_intersect"":false,""has_negation"":false} select races_2.raceid, min( races_2.date), races_1.date, races_2.date, races_2.year, races_1.round, min( races_1.raceid), races_1.raceid, races_1.circuitid, count(*), min( races_1.date) , provsql.sr_why(provsql.provenance(), 'provmap') from races as races_1 inner join races as races_2 on (races_1.raceid = races_2.raceid ) where races_1.time is not NULL group by races_1.circuitid, races_1.date, races_1.raceid, races_1.round, races_2.date, races_2.raceid, races_2.year limit 31;",YES,""
641,"-- meta {""num_joins"":3,""num_aggregates"":3,""has_union"":false,""has_intersect"":false,""has_negation"":true} (select constructor_standings_1.points, races_1.name, races_1.raceid, races_1.year, circuits_1.circuitid , provsql.sr_why(provsql.provenance(), 'provmap') from races as races_1 inner join circuits as circuits_1 on (races_1.raceid = circuits_1.circuitid ) inner join constructor_standings as constructor_standings_1 on (circuits_1.circuitid = constructor_standings_1.constructorstandingsid ) where circuits_1.circuitid < constructor_standings_1.constructorstandingsid limit 11) EXCEPT (select constructor_standings_2.points, races_2.name, constructor_standings_2.position, races_2.round, max( constructor_standings_2.constructorstandingsid) , provsql.sr_why(provsql.provenance(), 'provmap') from races as races_2 inner join constructor_standings as constructor_standings_2 on (races_2.raceid = constructor_standings_2.constructorstandingsid ) where constructor_standings_2.raceid is not NULL group by constructor_standings_2.constructorid, constructor_standings_2.position, constructor_standings_2.wins, races_2.circuitid, races_2.date, races_2.round limit 13);",NO,"ERREUR:  la colonne « constructor_standings_2.points » doit apparaître dans la clause GROUP BY ou doit être utilisé dans une fonction d'agrégat LIGNE 17 : constructor_standings_2.points,            ^"
642,"-- meta {""num_joins"":1,""num_aggregates"":1,""has_union"":false,""has_intersect"":false,""has_negation"":false} select results_1.resultid, races_1.circuitid, results_1.constructorid, races_1.raceid, races_1.date, results_1.positionorder, max( results_1.laps), results_1.laps, races_1.name, results_1.position, results_1.milliseconds, races_1.round , provsql.sr_why(provsql.provenance(), 'provmap') from results as results_1 inner join races as races_1 on (results_1.resultid = races_1.raceid ) where results_1.positionorder is not NULL group by races_1.circuitid, races_1.date, races_1.name, races_1.raceid, races_1.round, results_1.constructorid, results_1.laps, results_1.milliseconds, results_1.position, results_1.positionorder, results_1.resultid limit 14;",YES,""
643,"-- meta {""num_joins"":0,""num_aggregates"":2,""has_union"":true,""has_intersect"":false,""has_negation"":false} (select results_1.grid , provsql.sr_why(provsql.provenance(), 'provmap') from results as results_1 where results_1.resultid is not NULL limit 24) UNION (select constructor_standings_1.raceid , provsql.sr_why(provsql.provenance(), 'provmap') from constructor_standings as constructor_standings_1 where constructor_standings_1.wins is not NULL group by constructor_standings_1.constructorid, constructor_standings_1.date limit 18);",NO,"ERREUR:  la colonne « constructor_standings_1.raceid » doit apparaître dans la clause GROUP BY ou doit être utilisé dans une fonction d'agrégat LIGNE 9 : constructor_standings_1.raceid           ^"
644,"-- meta {""num_joins"":2,""num_aggregates"":0,""has_union"":false,""has_intersect"":true,""has_negation"":false} (select qualifying_1.raceid, qualifying_1.driverid , provsql.sr_why(provsql.provenance(), 'provmap') from races as races_1 inner join qualifying as qualifying_1 inner join constructor_results as constructor_results_1 on (qualifying_1.qualifyid = constructor_results_1.constructorresultsid ) on (races_1.raceid = qualifying_1.qualifyid ) where constructor_results_1.date < races_1.date limit 9) INTERSECT (select standings_1.wins, standings_1.raceid , provsql.sr_why(provsql.provenance(), 'provmap') from standings as standings_1 where standings_1.date > standings_1.date limit 5);",NO,"ERREUR:  Set operations other than UNION and EXCEPT not supported by provsql"
645,"-- meta {""num_joins"":0,""num_aggregates"":1,""has_union"":false,""has_intersect"":true,""has_negation"":false} (select drivers_1.driverref, drivers_1.nationality , provsql.sr_why(provsql.provenance(), 'provmap') from drivers as drivers_1 where drivers_1.driverid > drivers_1.driverid limit 35) INTERSECT (select min( qualifying_1.date), max( qualifying_1.date) , provsql.sr_why(provsql.provenance(), 'provmap') from qualifying as qualifying_1 where qualifying_1.date is not NULL group by qualifying_1.date, qualifying_1.number, qualifying_1.position limit 36);",NO,"ERREUR:  les INTERSECT types text et timestamp without time zone ne peuvent pas correspondre LIGNE 10 : min(            ^"
646,"-- meta {""num_joins"":0,""num_aggregates"":0,""has_union"":false,""has_intersect"":false,""has_negation"":false} select constructors_1.nationality, constructors_1.constructorid, constructors_1.constructorref , provsql.sr_why(provsql.provenance(), 'provmap') from constructors as constructors_1 where constructors_1.name is not NULL limit 19;",YES,""
647,"-- meta {""num_joins"":1,""num_aggregates"":1,""has_union"":true,""has_intersect"":false,""has_negation"":false} (select qualifying_1.driverid, qualifying_1.constructorid, qualifying_1.position, qualifying_1.date, qualifying_1.raceid, qualifying_1.number , provsql.sr_why(provsql.provenance(), 'provmap') from qualifying as qualifying_1 where qualifying_1.date = qualifying_1.date limit 37) UNION (select constructor_results_1.constructorid, constructor_results_1.constructorresultsid, constructor_results_1.constructorid, constructor_results_1.date, constructor_results_1.raceid, constructor_results_1.raceid , provsql.sr_why(provsql.provenance(), 'provmap') from circuits as circuits_1 inner join constructor_results as constructor_results_1 on (circuits_1.circuitid = constructor_results_1.constructorresultsid ) where constructor_results_1.constructorid is not NULL group by circuits_1.circuitid, circuits_1.circuitref, circuits_1.lat, circuits_1.location, circuits_1.name, constructor_results_1.raceid limit 27);",NO,"ERREUR:  la colonne « constructor_results_1.constructorid » doit apparaître dans la clause GROUP BY ou doit être utilisé dans une fonction d'agrégat LIGNE 14 : constructor_results_1.constructorid,            ^"
648,"-- meta {""num_joins"":0,""num_aggregates"":0,""has_union"":false,""has_intersect"":false,""has_negation"":true} (select races_1.date, races_1.round, races_1.time , provsql.sr_why(provsql.provenance(), 'provmap') from races as races_1 where races_1.circuitid is not NULL limit 10) EXCEPT (select min( constructor_results_1.points), constructor_results_1.raceid, avg( constructor_results_1.points) , provsql.sr_why(provsql.provenance(), 'provmap') from constructor_results as constructor_results_1 where constructor_results_1.constructorid < constructor_results_1.constructorresultsid limit 4);",NO,"ERREUR:  la colonne « constructor_results_1.raceid » doit apparaître dans la clause GROUP BY ou doit être utilisé dans une fonction d'agrégat LIGNE 13 : constructor_results_1.raceid,            ^"
649,"-- meta {""num_joins"":0,""num_aggregates"":3,""has_union"":false,""has_intersect"":false,""has_negation"":false} select races_1.year, max( races_1.date), races_1.circuitid, races_1.date, races_1.time, min( races_1.date), min( races_1.circuitid) , provsql.sr_why(provsql.provenance(), 'provmap') from races as races_1 where races_1.time is not NULL group by races_1.circuitid, races_1.date, races_1.time, races_1.year limit 13;",YES,""
650,"-- meta {""num_joins"":2,""num_aggregates"":0,""has_union"":true,""has_intersect"":false,""has_negation"":false} (select constructor_standings_1.raceid, constructor_standings_1.constructorstandingsid, standings_2.date, standings_2.raceid , provsql.sr_why(provsql.provenance(), 'provmap') from standings as standings_1 inner join standings as standings_2 on (standings_1.driverstandingsid = standings_2.driverstandingsid ) inner join constructor_standings as constructor_standings_1 on (standings_1.driverstandingsid = constructor_standings_1.constructorstandingsid ) where standings_2.position is not NULL limit 2) UNION (select sum( drivers_1.driverid), drivers_1.driverid, drivers_1.dob, drivers_1.driverid , provsql.sr_why(provsql.provenance(), 'provmap') from drivers as drivers_1 where drivers_1.code >= drivers_1.driverref limit 19);",NO,"ERREUR:  la colonne « drivers_1.driverid » doit apparaître dans la clause GROUP BY ou doit être utilisé dans une fonction d'agrégat LIGNE 18 : drivers_1.driverid,            ^"
651,"-- meta {""num_joins"":1,""num_aggregates"":1,""has_union"":false,""has_intersect"":false,""has_negation"":true} (select results_1.rank , provsql.sr_why(provsql.provenance(), 'provmap') from results as results_1 where results_1.number is not NULL limit 36) EXCEPT (select min( standings_1.date) , provsql.sr_why(provsql.provenance(), 'provmap') from standings as standings_1 inner join qualifying as qualifying_1 on (standings_1.driverstandingsid = qualifying_1.qualifyid ) where standings_1.points is not NULL limit 27);",NO,"ERREUR:  les EXCEPT types double precision et timestamp without time zone ne peuvent pas correspondre LIGNE 9 : min(           ^"
652,"-- meta {""num_joins"":3,""num_aggregates"":0,""has_union"":false,""has_intersect"":true,""has_negation"":false} (select drivers_1.code, standings_2.wins, standings_1.date, drivers_1.dob, drivers_1.driverref, drivers_1.surname , provsql.sr_why(provsql.provenance(), 'provmap') from standings as standings_1 inner join drivers as drivers_1 inner join standings as standings_2 on (drivers_1.driverid = standings_2.driverstandingsid ) on (standings_1.driverstandingsid = drivers_1.driverid ) inner join drivers as drivers_2 on (standings_1.driverstandingsid = drivers_2.driverid ) where drivers_2.driverref is not NULL limit 21) INTERSECT (select min( qualifying_1.number), qualifying_1.number, qualifying_1.date, max( qualifying_1.date), max( qualifying_1.date), count(*) , provsql.sr_why(provsql.provenance(), 'provmap') from qualifying as qualifying_1 where qualifying_1.constructorid is not NULL limit 11);",NO,"ERREUR:  la colonne « qualifying_1.number » doit apparaître dans la clause GROUP BY ou doit être utilisé dans une fonction d'agrégat LIGNE 22 : qualifying_1.number,            ^"
653,"-- meta {""num_joins"":1,""num_aggregates"":2,""has_union"":false,""has_intersect"":false,""has_negation"":false} select circuits_1.circuitid, constructor_results_1.raceid, max( constructor_results_1.date), count( circuits_1.country), circuits_1.country, constructor_results_1.constructorresultsid, constructor_results_1.date , provsql.sr_why(provsql.provenance(), 'provmap') from constructor_results as constructor_results_1 inner join circuits as circuits_1 on (constructor_results_1.constructorresultsid = circuits_1.circuitid ) where circuits_1.country is not NULL group by circuits_1.circuitid, circuits_1.country, constructor_results_1.constructorresultsid, constructor_results_1.date, constructor_results_1.raceid limit 38;",YES,""
654,"-- meta {""num_joins"":2,""num_aggregates"":2,""has_union"":false,""has_intersect"":false,""has_negation"":true} (select results_1.resultid, results_1.fastestlap, results_1.milliseconds, standings_1.position, standings_1.driverid , provsql.sr_why(provsql.provenance(), 'provmap') from drivers as drivers_1 inner join standings as standings_1 on (drivers_1.driverid = standings_1.driverstandingsid ) inner join results as results_1 on (standings_1.driverstandingsid = results_1.resultid ) where standings_1.date >= results_1.date limit 7) EXCEPT (select circuits_1.circuitid, circuits_1.lat, count( circuits_1.alt), circuits_1.circuitid, circuits_1.circuitid , provsql.sr_why(provsql.provenance(), 'provmap') from circuits as circuits_1 where circuits_1.circuitref is not NULL group by circuits_1.alt, circuits_1.circuitid, circuits_1.country, circuits_1.lat, circuits_1.lng, circuits_1.location, circuits_1.name limit 6);",NO,"ERREUR:  l'attribut 3 de type record a un mauvais type DÉTAIL : La table a le type provsql.agg_token alors que la requête attend double precision."
655,"-- meta {""num_joins"":0,""num_aggregates"":0,""has_union"":false,""has_intersect"":false,""has_negation"":false} select drivers_1.nationality, drivers_1.forename, drivers_1.surname, drivers_1.driverref , provsql.sr_why(provsql.provenance(), 'provmap') from drivers as drivers_1 where drivers_1.code is not NULL limit 21;",YES,""
656,"-- meta {""num_joins"":2,""num_aggregates"":0,""has_union"":true,""has_intersect"":false,""has_negation"":false} (select constructor_results_1.raceid, constructor_results_1.points , provsql.sr_why(provsql.provenance(), 'provmap') from drivers as drivers_1 inner join constructor_standings as constructor_standings_1 on (drivers_1.driverid = constructor_standings_1.constructorstandingsid ) inner join constructor_results as constructor_results_1 on (constructor_standings_1.constructorstandingsid = constructor_results_1.constructorresultsid ) where constructor_results_1.date is not NULL limit 21) UNION (select constructor_standings_2.constructorid, constructor_standings_2.points , provsql.sr_why(provsql.provenance(), 'provmap') from constructor_standings as constructor_standings_2 where constructor_standings_2.points > constructor_standings_2.points limit 10);",YES,""
657,"-- meta {""num_joins"":0,""num_aggregates"":0,""has_union"":false,""has_intersect"":false,""has_negation"":false} select circuits_1.circuitref , provsql.sr_why(provsql.provenance(), 'provmap') from circuits as circuits_1 where circuits_1.lng is not NULL limit 35;",YES,""
658,"-- meta {""num_joins"":1,""num_aggregates"":0,""has_union"":false,""has_intersect"":true,""has_negation"":false} (select races_1.year, constructor_standings_1.wins, races_1.date, constructor_standings_1.points, races_1.circuitid , provsql.sr_why(provsql.provenance(), 'provmap') from races as races_1 inner join constructor_standings as constructor_standings_1 on (races_1.raceid = constructor_standings_1.constructorstandingsid ) where constructor_standings_1.constructorstandingsid > races_1.circuitid limit 40) INTERSECT (select circuits_1.circuitid, circuits_1.circuitid, min( circuits_1.alt), circuits_1.alt, max( circuits_1.lat) , provsql.sr_why(provsql.provenance(), 'provmap') from circuits as circuits_1 where circuits_1.circuitid is not NULL limit 12);",NO,"ERREUR:  la colonne « circuits_1.circuitid » doit apparaître dans la clause GROUP BY ou doit être utilisé dans une fonction d'agrégat LIGNE 15 : circuits_1.circuitid,            ^"
659,"-- meta {""num_joins"":2,""num_aggregates"":4,""has_union"":true,""has_intersect"":false,""has_negation"":false} (select constructor_results_1.raceid, qualifying_1.qualifyid, qualifying_1.raceid, sum( constructor_results_1.points), constructor_results_1.constructorresultsid, constructor_results_1.date , provsql.sr_why(provsql.provenance(), 'provmap') from qualifying as qualifying_1 inner join constructor_results as constructor_results_1 on (qualifying_1.qualifyid = constructor_results_1.constructorresultsid ) where qualifying_1.date = constructor_results_1.date group by constructor_results_1.constructorresultsid, constructor_results_1.date, constructor_results_1.raceid, qualifying_1.qualifyid, qualifying_1.raceid limit 22) UNION (select drivers_1.driverid, drivers_1.driverid, max( drivers_1.dob), sum( circuits_1.alt), circuits_1.circuitid, sum( circuits_1.alt) , provsql.sr_why(provsql.provenance(), 'provmap') from drivers as drivers_1 inner join circuits as circuits_1 on (drivers_1.driverid = circuits_1.circuitid ) where drivers_1.surname is not NULL group by drivers_1.code, drivers_1.driverid, drivers_1.forename, drivers_1.nationality limit 37);",NO,"ERREUR:  la colonne « circuits_1.circuitid » doit apparaître dans la clause GROUP BY ou doit être utilisé dans une fonction d'agrégat LIGNE 24 : circuits_1.circuitid,            ^"
660,"-- meta {""num_joins"":0,""num_aggregates"":2,""has_union"":false,""has_intersect"":false,""has_negation"":true} (select drivers_1.surname, drivers_1.code , provsql.sr_why(provsql.provenance(), 'provmap') from drivers as drivers_1 where drivers_1.driverid is not NULL limit 16) EXCEPT (select avg( constructor_standings_1.constructorstandingsid), min( constructor_standings_1.date) , provsql.sr_why(provsql.provenance(), 'provmap') from constructor_standings as constructor_standings_1 where constructor_standings_1.raceid is not NULL group by constructor_standings_1.constructorstandingsid, constructor_standings_1.date, constructor_standings_1.position, constructor_standings_1.raceid limit 8);",NO,"ERREUR:  les EXCEPT types text et numeric ne peuvent pas correspondre LIGNE 10 : avg(            ^"
661,"-- meta {""num_joins"":0,""num_aggregates"":0,""has_union"":true,""has_intersect"":false,""has_negation"":false} (select constructors_1.constructorid, constructors_1.name, constructors_1.constructorref, constructors_1.nationality , provsql.sr_why(provsql.provenance(), 'provmap') from constructors as constructors_1 where constructors_1.constructorid is not NULL limit 29) UNION (select qualifying_1.driverid, max( qualifying_1.date), count( qualifying_1.constructorid), max( qualifying_1.date) , provsql.sr_why(provsql.provenance(), 'provmap') from qualifying as qualifying_1 where qualifying_1.constructorid is not NULL limit 14);",NO,"ERREUR:  la colonne « qualifying_1.driverid » doit apparaître dans la clause GROUP BY ou doit être utilisé dans une fonction d'agrégat LIGNE 12 : qualifying_1.driverid,            ^"
662,"-- meta {""num_joins"":1,""num_aggregates"":1,""has_union"":false,""has_intersect"":true,""has_negation"":false} (select qualifying_1.constructorid, qualifying_1.raceid, qualifying_1.qualifyid, drivers_1.driverref, qualifying_1.date , provsql.sr_why(provsql.provenance(), 'provmap') from qualifying as qualifying_1 inner join drivers as drivers_1 on (qualifying_1.qualifyid = drivers_1.driverid ) where drivers_1.code <= drivers_1.surname limit 30) INTERSECT (select constructor_standings_1.constructorstandingsid, constructor_standings_1.wins, avg( constructor_standings_1.points), min( constructor_standings_1.constructorid), constructor_standings_1.date , provsql.sr_why(provsql.provenance(), 'provmap') from constructor_standings as constructor_standings_1 where constructor_standings_1.constructorstandingsid is not NULL group by constructor_standings_1.constructorid, constructor_standings_1.date, constructor_standings_1.points, constructor_standings_1.position, constructor_standings_1.wins limit 8);",NO,"ERREUR:  la colonne « constructor_standings_1.constructorstandingsid » doit apparaître dans la clause GROUP BY ou doit être utilisé dans une fonction d'agrégat LIGNE 15 : constructor_standings_1.constructorstandingsid,            ^"
663,"-- meta {""num_joins"":1,""num_aggregates"":2,""has_union"":true,""has_intersect"":false,""has_negation"":false} (select circuits_1.lng, circuits_1.location, circuits_1.alt, circuits_1.circuitref, count( circuits_1.lat), circuits_1.name, circuits_1.circuitid , provsql.sr_why(provsql.provenance(), 'provmap') from circuits as circuits_1 where circuits_1.name is not NULL group by circuits_1.alt, circuits_1.circuitid, circuits_1.circuitref, circuits_1.lng, circuits_1.location, circuits_1.name limit 26) UNION (select results_1.milliseconds, races_1.time, results_1.milliseconds, races_1.name, max( results_1.constructorid), races_1.time, results_1.grid , provsql.sr_why(provsql.provenance(), 'provmap') from results as results_1 inner join races as races_1 on (results_1.resultid = races_1.raceid ) where races_1.time >= races_1.name group by races_1.date, races_1.name, races_1.raceid, races_1.round, races_1.time, races_1.year, results_1.grid, results_1.milliseconds, results_1.positionorder, results_1.raceid, results_1.rank, results_1.resultid, results_1.statusid limit 10);",NO,"ERREUR:  UNION/INTERSECT/EXCEPT n'a pas pu convertir le type provsql.agg_token en bigint"
664,"-- meta {""num_joins"":2,""num_aggregates"":2,""has_union"":false,""has_intersect"":true,""has_negation"":false} (select constructor_standings_1.raceid, qualifying_1.number , provsql.sr_why(provsql.provenance(), 'provmap') from qualifying as qualifying_1 inner join constructor_standings as constructor_standings_1 on (qualifying_1.qualifyid = constructor_standings_1.constructorstandingsid ) where constructor_standings_1.points >= constructor_standings_1.points limit 12) INTERSECT (select qualifying_2.constructorid, standings_1.position , provsql.sr_why(provsql.provenance(), 'provmap') from standings as standings_1 inner join qualifying as qualifying_2 on (standings_1.driverstandingsid = qualifying_2.qualifyid ) where standings_1.points <= standings_1.points group by qualifying_2.date, qualifying_2.qualifyid, qualifying_2.raceid, standings_1.date, standings_1.wins limit 19);",NO,"ERREUR:  la colonne « standings_1.position » doit apparaître dans la clause GROUP BY ou doit être utilisé dans une fonction d'agrégat LIGNE 13 : standings_1.position            ^"
665,"-- meta {""num_joins"":1,""num_aggregates"":2,""has_union"":false,""has_intersect"":true,""has_negation"":false} (select constructors_1.constructorref, constructors_2.nationality, constructors_2.name , provsql.sr_why(provsql.provenance(), 'provmap') from constructors as constructors_1 inner join constructors as constructors_2 on (constructors_1.constructorid = constructors_2.constructorid ) where constructors_1.nationality is not NULL limit 11) INTERSECT (select constructors_3.name, constructors_3.nationality, min( constructors_3.constructorid) , provsql.sr_why(provsql.provenance(), 'provmap') from constructors as constructors_3 where constructors_3.constructorref is not NULL group by constructors_3.constructorref, constructors_3.name limit 1);",NO,"ERREUR:  la colonne « constructors_3.nationality » doit apparaître dans la clause GROUP BY ou doit être utilisé dans une fonction d'agrégat LIGNE 14 : constructors_3.nationality,            ^"
666,"-- meta {""num_joins"":0,""num_aggregates"":0,""has_union"":false,""has_intersect"":false,""has_negation"":true} (select results_1.positionorder, results_1.date, results_1.rank , provsql.sr_why(provsql.provenance(), 'provmap') from results as results_1 where results_1.date = results_1.date limit 1) EXCEPT (select max( constructor_standings_1.points), constructor_standings_1.date, constructor_standings_1.points , provsql.sr_why(provsql.provenance(), 'provmap') from constructor_standings as constructor_standings_1 where constructor_standings_1.wins is not NULL limit 31);",NO,"ERREUR:  la colonne « constructor_standings_1.date » doit apparaître dans la clause GROUP BY ou doit être utilisé dans une fonction d'agrégat LIGNE 13 : constructor_standings_1.date,            ^"
667,"-- meta {""num_joins"":7,""num_aggregates"":4,""has_union"":false,""has_intersect"":false,""has_negation"":false} select sum( constructor_results_1.points), min( constructor_results_3.date), constructor_results_2.constructorid, drivers_2.surname, qualifying_1.number, count(*), min( qualifying_1.date), constructor_results_2.date, standings_2.position, constructor_results_2.points, constructor_results_1.points, drivers_1.driverref , provsql.sr_why(provsql.provenance(), 'provmap') from constructor_results as constructor_results_1 inner join drivers as drivers_1 on (constructor_results_1.constructorresultsid = drivers_1.driverid ) inner join drivers as drivers_2 inner join constructor_results as constructor_results_2 inner join standings as standings_1 on (constructor_results_2.constructorresultsid = standings_1.driverstandingsid ) inner join constructor_results as constructor_results_3 inner join qualifying as qualifying_1 on (constructor_results_3.constructorresultsid = qualifying_1.qualifyid ) on (constructor_results_2.constructorresultsid = qualifying_1.qualifyid ) inner join standings as standings_2 on (constructor_results_3.constructorresultsid = standings_2.driverstandingsid ) on (drivers_2.driverid = constructor_results_2.constructorresultsid ) on (constructor_results_1.constructorresultsid = constructor_results_3.constructorresultsid ) where constructor_results_2.constructorid > standings_1.driverid group by constructor_results_1.points, constructor_results_2.constructorid, constructor_results_2.date, constructor_results_2.points, drivers_1.driverref, drivers_2.surname, qualifying_1.number, standings_2.position limit 22;",YES,""
668,"-- meta {""num_joins"":2,""num_aggregates"":0,""has_union"":true,""has_intersect"":false,""has_negation"":false} (select circuits_1.country , provsql.sr_why(provsql.provenance(), 'provmap') from constructor_standings as constructor_standings_1 inner join circuits as circuits_1 inner join constructor_results as constructor_results_1 on (circuits_1.circuitid = constructor_results_1.constructorresultsid ) on (constructor_standings_1.constructorstandingsid = circuits_1.circuitid ) where circuits_1.name is not NULL limit 41) UNION (select races_1.name , provsql.sr_why(provsql.provenance(), 'provmap') from races as races_1 where races_1.name is not NULL limit 36);",YES,""
669,"-- meta {""num_joins"":2,""num_aggregates"":2,""has_union"":false,""has_intersect"":true,""has_negation"":false} (select count(*), constructor_results_1.points, constructor_results_1.raceid, min( constructor_results_1.date) , provsql.sr_why(provsql.provenance(), 'provmap') from constructor_results as constructor_results_1 where constructor_results_1.raceid is not NULL group by constructor_results_1.points, constructor_results_1.raceid limit 19) INTERSECT (select max( races_1.circuitid), circuits_1.lat, min( races_1.date), max( races_1.date) , provsql.sr_why(provsql.provenance(), 'provmap') from circuits as circuits_1 inner join constructors as constructors_1 on (circuits_1.circuitid = constructors_1.constructorid ) inner join races as races_1 on (circuits_1.circuitid = races_1.raceid ) where races_1.time is not NULL limit 32);",NO,"ERREUR:  la colonne « circuits_1.lat » doit apparaître dans la clause GROUP BY ou doit être utilisé dans une fonction d'agrégat LIGNE 16 : circuits_1.lat,            ^"
670,"-- meta {""num_joins"":0,""num_aggregates"":0,""has_union"":true,""has_intersect"":false,""has_negation"":false} (select races_1.circuitid , provsql.sr_why(provsql.provenance(), 'provmap') from races as races_1 where races_1.name > races_1.time limit 3) UNION (select constructors_1.constructorid , provsql.sr_why(provsql.provenance(), 'provmap') from constructors as constructors_1 where constructors_1.nationality is not NULL limit 33);",YES,""
671,"-- meta {""num_joins"":0,""num_aggregates"":2,""has_union"":false,""has_intersect"":false,""has_negation"":true} (select constructor_results_1.constructorresultsid, constructor_results_1.raceid, constructor_results_1.constructorid , provsql.sr_why(provsql.provenance(), 'provmap') from constructor_results as constructor_results_1 where constructor_results_1.constructorid = constructor_results_1.raceid limit 14) EXCEPT (select constructor_standings_1.raceid, constructor_standings_1.position, max( constructor_standings_1.date) , provsql.sr_why(provsql.provenance(), 'provmap') from constructor_standings as constructor_standings_1 where constructor_standings_1.raceid <= constructor_standings_1.wins group by constructor_standings_1.constructorid, constructor_standings_1.constructorstandingsid limit 19);",NO,"ERREUR:  les EXCEPT types bigint et timestamp without time zone ne peuvent pas correspondre LIGNE 13 : max(            ^"
672,"-- meta {""num_joins"":3,""num_aggregates"":1,""has_union"":false,""has_intersect"":true,""has_negation"":false} (select constructor_results_1.points, constructor_results_1.date, constructor_results_1.constructorid , provsql.sr_why(provsql.provenance(), 'provmap') from circuits as circuits_1 inner join constructor_results as constructor_results_1 inner join results as results_1 on (constructor_results_1.constructorresultsid = results_1.resultid ) inner join results as results_2 on (results_1.resultid = results_2.resultid ) on (circuits_1.circuitid = results_1.resultid ) where constructor_results_1.points is not NULL limit 29) INTERSECT (select count(*), races_1.date, races_1.circuitid , provsql.sr_why(provsql.provenance(), 'provmap') from races as races_1 where races_1.date is not NULL limit 19);",NO,"ERREUR:  la colonne « races_1.date » doit apparaître dans la clause GROUP BY ou doit être utilisé dans une fonction d'agrégat LIGNE 18 : races_1.date,            ^"
673,"-- meta {""num_joins"":3,""num_aggregates"":0,""has_union"":false,""has_intersect"":false,""has_negation"":false} select circuits_1.circuitref , provsql.sr_why(provsql.provenance(), 'provmap') from circuits as circuits_1 inner join constructors as constructors_1 inner join qualifying as qualifying_1 inner join constructor_standings as constructor_standings_1 on (qualifying_1.qualifyid = constructor_standings_1.constructorstandingsid ) on (constructors_1.constructorid = constructor_standings_1.constructorstandingsid ) on (circuits_1.circuitid = qualifying_1.qualifyid ) where constructors_1.nationality is not NULL limit 33;",YES,""
674,"-- meta {""num_joins"":0,""num_aggregates"":0,""has_union"":false,""has_intersect"":true,""has_negation"":false} (select circuits_1.alt , provsql.sr_why(provsql.provenance(), 'provmap') from circuits as circuits_1 where circuits_1.name >= circuits_1.circuitref limit 8) INTERSECT (select avg( constructors_1.constructorid) , provsql.sr_why(provsql.provenance(), 'provmap') from constructors as constructors_1 where constructors_1.name is not NULL limit 16);",NO,"ERREUR:  Set operations other than UNION and EXCEPT not supported by provsql"
675,"-- meta {""num_joins"":0,""num_aggregates"":4,""has_union"":true,""has_intersect"":false,""has_negation"":false} (select circuits_1.location, circuits_1.lng, circuits_1.name, circuits_1.lat, circuits_1.alt, count(*) , provsql.sr_why(provsql.provenance(), 'provmap') from circuits as circuits_1 where circuits_1.name is not NULL group by circuits_1.alt, circuits_1.lat, circuits_1.lng, circuits_1.location, circuits_1.name limit 15) UNION (select avg( constructor_results_1.constructorid), constructor_results_1.points, max( constructor_results_1.date), min( constructor_results_1.raceid), constructor_results_1.points, max( constructor_results_1.constructorresultsid) , provsql.sr_why(provsql.provenance(), 'provmap') from constructor_results as constructor_results_1 where constructor_results_1.date is not NULL group by constructor_results_1.constructorresultsid, constructor_results_1.date, constructor_results_1.points, constructor_results_1.raceid limit 38);",NO,"ERREUR:  les UNION types text et numeric ne peuvent pas correspondre LIGNE 15 : avg(            ^"
676,"-- meta {""num_joins"":0,""num_aggregates"":0,""has_union"":false,""has_intersect"":false,""has_negation"":true} (select circuits_1.circuitid, circuits_1.lat , provsql.sr_why(provsql.provenance(), 'provmap') from circuits as circuits_1 where circuits_1.circuitid <= circuits_1.circuitid limit 26) EXCEPT (select constructor_standings_1.constructorid, constructor_standings_1.points , provsql.sr_why(provsql.provenance(), 'provmap') from constructor_standings as constructor_standings_1 where constructor_standings_1.date is not NULL limit 21);",YES,""
677,"-- meta {""num_joins"":3,""num_aggregates"":3,""has_union"":false,""has_intersect"":false,""has_negation"":true} (select drivers_1.code, max( drivers_1.dob), drivers_1.forename, drivers_1.driverref, min( drivers_1.driverid) , provsql.sr_why(provsql.provenance(), 'provmap') from drivers as drivers_1 where drivers_1.driverref is not NULL group by drivers_1.code, drivers_1.driverref, drivers_1.forename limit 22) EXCEPT (select races_1.name, max( races_2.date), races_1.name, races_2.time, count( results_2.positionorder) , provsql.sr_why(provsql.provenance(), 'provmap') from results as results_1 inner join results as results_2 on (results_1.resultid = results_2.resultid ) inner join races as races_1 inner join races as races_2 on (races_1.raceid = races_2.raceid ) on (results_1.resultid = races_1.raceid ) where results_1.date < results_2.date group by races_2.circuitid, results_1.rank, results_2.grid, results_2.raceid, results_2.statusid limit 38);",NO,"ERREUR:  la colonne « races_1.name » doit apparaître dans la clause GROUP BY ou doit être utilisé dans une fonction d'agrégat LIGNE 16 : races_1.name,            ^"
678,"-- meta {""num_joins"":0,""num_aggregates"":0,""has_union"":false,""has_intersect"":false,""has_negation"":false} select constructors_1.name, constructors_1.constructorid , provsql.sr_why(provsql.provenance(), 'provmap') from constructors as constructors_1 where constructors_1.nationality >= constructors_1.constructorref limit 25;",YES,""
679,"-- meta {""num_joins"":1,""num_aggregates"":2,""has_union"":false,""has_intersect"":true,""has_negation"":false} (select races_1.time, max( races_1.date), min( races_1.date) , provsql.sr_why(provsql.provenance(), 'provmap') from races as races_1 where races_1.time is not NULL group by races_1.time limit 39) INTERSECT (select avg( results_1.position), max( results_1.date), max( constructor_results_1.date) , provsql.sr_why(provsql.provenance(), 'provmap') from results as results_1 inner join constructor_results as constructor_results_1 on (results_1.resultid = constructor_results_1.constructorresultsid ) where results_1.grid is not NULL limit 27);",NO,"ERREUR:  les INTERSECT types text et double precision ne peuvent pas correspondre LIGNE 14 : avg(            ^"
680,"-- meta {""num_joins"":0,""num_aggregates"":1,""has_union"":false,""has_intersect"":true,""has_negation"":false} (select qualifying_1.position, qualifying_1.number, qualifying_1.qualifyid , provsql.sr_why(provsql.provenance(), 'provmap') from qualifying as qualifying_1 where qualifying_1.raceid is not NULL limit 2) INTERSECT (select qualifying_2.number, qualifying_2.number, qualifying_2.raceid , provsql.sr_why(provsql.provenance(), 'provmap') from qualifying as qualifying_2 where qualifying_2.date is not NULL group by qualifying_2.qualifyid limit 41);",NO,"ERREUR:  Set operations other than UNION and EXCEPT not supported by provsql"
681,"-- meta {""num_joins"":1,""num_aggregates"":0,""has_union"":false,""has_intersect"":false,""has_negation"":true} (select standings_1.date, standings_1.points, standings_1.wins, standings_1.raceid, standings_1.driverid , provsql.sr_why(provsql.provenance(), 'provmap') from standings as standings_1 where standings_1.raceid is not NULL limit 37) EXCEPT (select drivers_1.dob, min( drivers_1.dob), constructors_1.constructorid, drivers_1.driverid, drivers_1.driverid , provsql.sr_why(provsql.provenance(), 'provmap') from drivers as drivers_1 inner join constructors as constructors_1 on (drivers_1.driverid = constructors_1.constructorid ) where constructors_1.constructorid = drivers_1.driverid limit 14);",NO,"ERREUR:  la colonne « drivers_1.dob » doit apparaître dans la clause GROUP BY ou doit être utilisé dans une fonction d'agrégat LIGNE 13 : drivers_1.dob,            ^"
682,"-- meta {""num_joins"":0,""num_aggregates"":0,""has_union"":false,""has_intersect"":false,""has_negation"":false} select circuits_1.name , provsql.sr_why(provsql.provenance(), 'provmap') from circuits as circuits_1 where circuits_1.circuitid > circuits_1.circuitid limit 26;",YES,""
683,"-- meta {""num_joins"":0,""num_aggregates"":0,""has_union"":false,""has_intersect"":true,""has_negation"":false} (select constructors_1.constructorref, constructors_1.name, constructors_1.nationality , provsql.sr_why(provsql.provenance(), 'provmap') from constructors as constructors_1 where constructors_1.constructorid is not NULL limit 36) INTERSECT (select circuits_1.country, circuits_1.country, circuits_1.circuitref , provsql.sr_why(provsql.provenance(), 'provmap') from circuits as circuits_1 where circuits_1.location is not NULL limit 17);",NO,"ERREUR:  Set operations other than UNION and EXCEPT not supported by provsql"
684,"-- meta {""num_joins"":0,""num_aggregates"":0,""has_union"":false,""has_intersect"":false,""has_negation"":false} select constructors_1.constructorid , provsql.sr_why(provsql.provenance(), 'provmap') from constructors as constructors_1 where constructors_1.constructorid is not NULL limit 32;",YES,""
685,"-- meta {""num_joins"":0,""num_aggregates"":1,""has_union"":true,""has_intersect"":false,""has_negation"":false} (select count(*), qualifying_1.driverid, qualifying_1.qualifyid , provsql.sr_why(provsql.provenance(), 'provmap') from qualifying as qualifying_1 where qualifying_1.position is not NULL group by qualifying_1.driverid, qualifying_1.qualifyid limit 2) UNION (select min( standings_1.position), standings_1.raceid, standings_1.driverstandingsid , provsql.sr_why(provsql.provenance(), 'provmap') from standings as standings_1 where standings_1.points <= standings_1.points limit 12);",NO,"ERREUR:  la colonne « standings_1.raceid » doit apparaître dans la clause GROUP BY ou doit être utilisé dans une fonction d'agrégat LIGNE 14 : standings_1.raceid,            ^"
686,"-- meta {""num_joins"":1,""num_aggregates"":4,""has_union"":true,""has_intersect"":false,""has_negation"":false} (select min( qualifying_1.date), circuits_1.country, min( qualifying_1.date), circuits_1.lat, circuits_1.alt, min( qualifying_1.date) , provsql.sr_why(provsql.provenance(), 'provmap') from qualifying as qualifying_1 inner join circuits as circuits_1 on (qualifying_1.qualifyid = circuits_1.circuitid ) where qualifying_1.raceid is not NULL group by circuits_1.alt, circuits_1.country, circuits_1.lat limit 29) UNION (select min( results_1.date), max( results_1.date), min( results_1.date), results_1.fastestlap, results_1.points, min( results_1.date) , provsql.sr_why(provsql.provenance(), 'provmap') from results as results_1 where results_1.rank is not NULL group by results_1.fastestlap, results_1.milliseconds limit 17);",NO,"ERREUR:  la colonne « results_1.points » doit apparaître dans la clause GROUP BY ou doit être utilisé dans une fonction d'agrégat LIGNE 27 : results_1.points,            ^"
687,"-- meta {""num_joins"":0,""num_aggregates"":3,""has_union"":true,""has_intersect"":false,""has_negation"":false} (select drivers_1.forename, max( drivers_1.dob), count( drivers_1.driverid), avg( drivers_1.driverid), drivers_1.driverid, drivers_1.nationality, drivers_1.dob , provsql.sr_why(provsql.provenance(), 'provmap') from drivers as drivers_1 where drivers_1.dob is not NULL group by drivers_1.dob, drivers_1.driverid, drivers_1.forename, drivers_1.nationality limit 31) UNION (select races_1.name, max( races_1.date), count(*), avg( races_1.round), races_1.raceid, races_1.time, races_1.date , provsql.sr_why(provsql.provenance(), 'provmap') from races as races_1 where races_1.round is not NULL limit 6);",NO,"ERREUR:  la colonne « races_1.name » doit apparaître dans la clause GROUP BY ou doit être utilisé dans une fonction d'agrégat LIGNE 19 : races_1.name,            ^"
688,"-- meta {""num_joins"":1,""num_aggregates"":1,""has_union"":true,""has_intersect"":false,""has_negation"":false} (select standings_1.driverstandingsid, standings_1.date , provsql.sr_why(provsql.provenance(), 'provmap') from standings as standings_1 where standings_1.driverstandingsid is not NULL limit 17) UNION (select standings_2.position, standings_2.date , provsql.sr_why(provsql.provenance(), 'provmap') from qualifying as qualifying_1 inner join standings as standings_2 on (qualifying_1.qualifyid = standings_2.driverstandingsid ) where standings_2.points is not NULL group by qualifying_1.constructorid, qualifying_1.date, qualifying_1.number, qualifying_1.qualifyid, standings_2.driverid, standings_2.driverstandingsid, standings_2.wins limit 24);",YES,""
689,"-- meta {""num_joins"":0,""num_aggregates"":1,""has_union"":true,""has_intersect"":false,""has_negation"":false} (select constructors_1.constructorid, count( constructors_1.name), constructors_1.name, constructors_1.constructorref , provsql.sr_why(provsql.provenance(), 'provmap') from constructors as constructors_1 where constructors_1.nationality is not NULL group by constructors_1.constructorid, constructors_1.constructorref, constructors_1.name limit 24) UNION (select races_1.raceid, count( races_1.time), races_1.name, races_1.name , provsql.sr_why(provsql.provenance(), 'provmap') from races as races_1 where races_1.date is not NULL limit 8);",NO,"ERREUR:  la colonne « races_1.raceid » doit apparaître dans la clause GROUP BY ou doit être utilisé dans une fonction d'agrégat LIGNE 14 : races_1.raceid,            ^"
690,"-- meta {""num_joins"":1,""num_aggregates"":0,""has_union"":false,""has_intersect"":false,""has_negation"":true} (select drivers_1.surname, races_1.date, drivers_1.forename, drivers_1.dob , provsql.sr_why(provsql.provenance(), 'provmap') from drivers as drivers_1 inner join races as races_1 on (drivers_1.driverid = races_1.raceid ) where drivers_1.code is not NULL limit 3) EXCEPT (select circuits_1.circuitref, count(*), circuits_1.circuitref, max( circuits_1.lat) , provsql.sr_why(provsql.provenance(), 'provmap') from circuits as circuits_1 where circuits_1.lng is not NULL limit 1);",NO,"ERREUR:  la colonne « circuits_1.circuitref » doit apparaître dans la clause GROUP BY ou doit être utilisé dans une fonction d'agrégat LIGNE 14 : circuits_1.circuitref,            ^"
691,"-- meta {""num_joins"":2,""num_aggregates"":2,""has_union"":false,""has_intersect"":false,""has_negation"":true} (select races_1.circuitid, constructor_results_1.raceid, races_1.year, constructor_results_1.date, constructor_results_1.constructorresultsid, min( races_1.date), avg( constructor_results_1.raceid), constructor_results_1.points , provsql.sr_why(provsql.provenance(), 'provmap') from constructor_results as constructor_results_1 inner join races as races_1 on (constructor_results_1.constructorresultsid = races_1.raceid ) where constructor_results_1.points <= constructor_results_1.points group by constructor_results_1.constructorresultsid, constructor_results_1.date, constructor_results_1.points, constructor_results_1.raceid, races_1.circuitid, races_1.year limit 6) EXCEPT (select standings_1.position, races_2.raceid, max( races_2.date), max( standings_1.date), standings_1.driverstandingsid, min( races_2.date), sum( standings_1.driverid), standings_1.points , provsql.sr_why(provsql.provenance(), 'provmap') from standings as standings_1 inner join races as races_2 on (standings_1.driverstandingsid = races_2.raceid ) where races_2.name < races_2.time limit 5);",NO,"ERREUR:  la colonne « standings_1.position » doit apparaître dans la clause GROUP BY ou doit être utilisé dans une fonction d'agrégat LIGNE 21 : standings_1.position,            ^"
692,"-- meta {""num_joins"":2,""num_aggregates"":1,""has_union"":true,""has_intersect"":false,""has_negation"":false} (select constructors_1.name, min( standings_1.driverstandingsid) , provsql.sr_why(provsql.provenance(), 'provmap') from races as races_1 inner join constructors as constructors_1 on (races_1.raceid = constructors_1.constructorid ) inner join standings as standings_1 on (constructors_1.constructorid = standings_1.driverstandingsid ) where races_1.time is not NULL group by constructors_1.name limit 7) UNION (select constructors_2.nationality, count(*) , provsql.sr_why(provsql.provenance(), 'provmap') from constructors as constructors_2 where constructors_2.nationality is not NULL limit 34);",NO,"ERREUR:  la colonne « constructors_2.nationality » doit apparaître dans la clause GROUP BY ou doit être utilisé dans une fonction d'agrégat LIGNE 16 : constructors_2.nationality,            ^"
693,"-- meta {""num_joins"":2,""num_aggregates"":3,""has_union"":false,""has_intersect"":true,""has_negation"":false} (select standings_1.wins, results_1.raceid, results_1.laps, results_1.grid, standings_1.driverstandingsid, min( standings_1.date), results_1.date, count(*), standings_1.driverid, count(*), results_1.driverid , provsql.sr_why(provsql.provenance(), 'provmap') from qualifying as qualifying_1 inner join standings as standings_1 on (qualifying_1.qualifyid = standings_1.driverstandingsid ) inner join results as results_1 on (qualifying_1.qualifyid = results_1.resultid ) where results_1.date = standings_1.date group by results_1.date, results_1.driverid, results_1.grid, results_1.laps, results_1.raceid, standings_1.driverid, standings_1.driverstandingsid, standings_1.wins limit 31) INTERSECT (select results_2.laps, results_2.positionorder, results_2.positionorder, results_2.statusid, results_2.raceid, max( results_2.date), count(*), count( results_2.milliseconds), results_2.grid, count(*), results_2.constructorid , provsql.sr_why(provsql.provenance(), 'provmap') from results as results_2 where results_2.rank is not NULL limit 4);",NO,"ERREUR:  la colonne « results_2.laps » doit apparaître dans la clause GROUP BY ou doit être utilisé dans une fonction d'agrégat LIGNE 25 : results_2.laps,            ^"
694,"-- meta {""num_joins"":2,""num_aggregates"":1,""has_union"":false,""has_intersect"":true,""has_negation"":false} (select constructor_results_1.date, constructor_results_1.points, constructor_results_1.constructorresultsid, constructor_results_1.constructorid , provsql.sr_why(provsql.provenance(), 'provmap') from constructor_results as constructor_results_1 where constructor_results_1.points < constructor_results_1.points limit 20) INTERSECT (select races_1.date, min( races_2.date), races_2.round, qualifying_1.driverid , provsql.sr_why(provsql.provenance(), 'provmap') from qualifying as qualifying_1 inner join races as races_1 inner join races as races_2 on (races_1.raceid = races_2.raceid ) on (qualifying_1.qualifyid = races_2.raceid ) where races_1.date > races_2.date group by qualifying_1.driverid, races_1.raceid, races_1.round, races_1.time limit 21);",NO,"ERREUR:  la colonne « races_2.round » doit apparaître dans la clause GROUP BY ou doit être utilisé dans une fonction d'agrégat LIGNE 15 : races_2.round,            ^"
695,"-- meta {""num_joins"":0,""num_aggregates"":0,""has_union"":false,""has_intersect"":false,""has_negation"":true} (select constructor_standings_1.date, constructor_standings_1.position , provsql.sr_why(provsql.provenance(), 'provmap') from constructor_standings as constructor_standings_1 where constructor_standings_1.date is not NULL limit 22) EXCEPT (select constructor_results_1.date, constructor_results_1.constructorresultsid , provsql.sr_why(provsql.provenance(), 'provmap') from constructor_results as constructor_results_1 where constructor_results_1.date is not NULL limit 30);",YES,""
696,"-- meta {""num_joins"":0,""num_aggregates"":3,""has_union"":false,""has_intersect"":false,""has_negation"":true} (select drivers_1.forename, drivers_1.dob, count(*), sum( drivers_1.driverid) , provsql.sr_why(provsql.provenance(), 'provmap') from drivers as drivers_1 where drivers_1.dob = drivers_1.dob group by drivers_1.dob, drivers_1.forename limit 25) EXCEPT (select max( results_1.rank), min( results_1.date), min( results_1.laps), sum( results_1.resultid) , provsql.sr_why(provsql.provenance(), 'provmap') from results as results_1 where results_1.rank is not NULL group by results_1.driverid, results_1.milliseconds, results_1.position, results_1.resultid limit 27);",NO,"ERREUR:  les EXCEPT types text et double precision ne peuvent pas correspondre LIGNE 14 : max(            ^"
697,"-- meta {""num_joins"":2,""num_aggregates"":2,""has_union"":true,""has_intersect"":false,""has_negation"":false} (select drivers_1.driverid, drivers_1.dob, count( drivers_1.code), drivers_1.code, sum( drivers_1.driverid), drivers_1.driverref , provsql.sr_why(provsql.provenance(), 'provmap') from drivers as drivers_1 where drivers_1.nationality is not NULL group by drivers_1.code, drivers_1.dob, drivers_1.driverid, drivers_1.driverref limit 42) UNION (select standings_1.wins, avg( results_1.statusid), count(*), constructors_1.nationality, sum( results_1.statusid), constructors_1.nationality , provsql.sr_why(provsql.provenance(), 'provmap') from standings as standings_1 inner join constructors as constructors_1 inner join results as results_1 on (constructors_1.constructorid = results_1.resultid ) on (standings_1.driverstandingsid = constructors_1.constructorid ) where standings_1.date < results_1.date limit 38);",NO,"ERREUR:  la colonne « standings_1.wins » doit apparaître dans la clause GROUP BY ou doit être utilisé dans une fonction d'agrégat LIGNE 17 : standings_1.wins,            ^"
698,"-- meta {""num_joins"":0,""num_aggregates"":0,""has_union"":false,""has_intersect"":false,""has_negation"":true} (select constructors_1.constructorref , provsql.sr_why(provsql.provenance(), 'provmap') from constructors as constructors_1 where constructors_1.constructorid is not NULL limit 37) EXCEPT (select avg( standings_1.position) , provsql.sr_why(provsql.provenance(), 'provmap') from standings as standings_1 where standings_1.wins is not NULL limit 33);",NO,"ERREUR:  les EXCEPT types text et numeric ne peuvent pas correspondre LIGNE 9 : avg(           ^"
699,"-- meta {""num_joins"":0,""num_aggregates"":0,""has_union"":true,""has_intersect"":false,""has_negation"":false} (select drivers_1.forename, drivers_1.nationality, drivers_1.driverref , provsql.sr_why(provsql.provenance(), 'provmap') from drivers as drivers_1 where drivers_1.driverref <= drivers_1.surname limit 39) UNION (select races_1.name, races_1.name, races_1.name , provsql.sr_why(provsql.provenance(), 'provmap') from races as races_1 where races_1.time is not NULL limit 12);",YES,""
700,"-- meta {""num_joins"":0,""num_aggregates"":2,""has_union"":false,""has_intersect"":true,""has_negation"":false} (select constructors_1.nationality, constructors_1.constructorid, count( constructors_1.nationality) , provsql.sr_why(provsql.provenance(), 'provmap') from constructors as constructors_1 where constructors_1.constructorid is not NULL group by constructors_1.constructorid, constructors_1.nationality limit 29) INTERSECT (select max( constructor_standings_1.date), constructor_standings_1.constructorid, count( constructor_standings_1.constructorstandingsid) , provsql.sr_why(provsql.provenance(), 'provmap') from constructor_standings as constructor_standings_1 where constructor_standings_1.points is not NULL group by constructor_standings_1.constructorstandingsid limit 32);",NO,"ERREUR:  les INTERSECT types text et timestamp without time zone ne peuvent pas correspondre LIGNE 13 : max(            ^"
701,"-- meta {""num_joins"":0,""num_aggregates"":3,""has_union"":true,""has_intersect"":false,""has_negation"":false} (select races_1.name, races_1.raceid, min( races_1.year) , provsql.sr_why(provsql.provenance(), 'provmap') from races as races_1 where races_1.circuitid is not NULL group by races_1.name, races_1.raceid limit 40) UNION (select circuits_1.location, circuits_1.circuitid, count( circuits_1.circuitid) , provsql.sr_why(provsql.provenance(), 'provmap') from circuits as circuits_1 where circuits_1.lng is not NULL group by circuits_1.alt, circuits_1.country, circuits_1.location limit 7);",NO,"ERREUR:  la colonne « circuits_1.circuitid » doit apparaître dans la clause GROUP BY ou doit être utilisé dans une fonction d'agrégat LIGNE 14 : circuits_1.circuitid,            ^"
702,"-- meta {""num_joins"":0,""num_aggregates"":0,""has_union"":false,""has_intersect"":false,""has_negation"":true} (select constructors_1.name, constructors_1.nationality, constructors_1.constructorref, constructors_1.constructorid , provsql.sr_why(provsql.provenance(), 'provmap') from constructors as constructors_1 where constructors_1.constructorid = constructors_1.constructorid limit 15) EXCEPT (select max( standings_1.date), sum( standings_1.wins), max( standings_1.date), standings_1.driverstandingsid , provsql.sr_why(provsql.provenance(), 'provmap') from standings as standings_1 where standings_1.date is not NULL limit 4);",NO,"ERREUR:  la colonne « standings_1.driverstandingsid » doit apparaître dans la clause GROUP BY ou doit être utilisé dans une fonction d'agrégat LIGNE 18 : standings_1.driverstandingsid            ^"
703,"-- meta {""num_joins"":0,""num_aggregates"":0,""has_union"":true,""has_intersect"":false,""has_negation"":false} (select drivers_1.dob , provsql.sr_why(provsql.provenance(), 'provmap') from drivers as drivers_1 where drivers_1.driverref is not NULL limit 11) UNION (select sum( circuits_1.lat) , provsql.sr_why(provsql.provenance(), 'provmap') from circuits as circuits_1 where circuits_1.country is not NULL limit 1);",NO,"ERREUR:  les UNION types timestamp without time zone et double precision ne peuvent pas correspondre LIGNE 9 : sum(           ^"
704,"-- meta {""num_joins"":2,""num_aggregates"":3,""has_union"":true,""has_intersect"":false,""has_negation"":false} (select constructor_standings_1.constructorid, constructor_results_1.constructorid, avg( results_1.points), results_1.position, constructor_standings_1.raceid, results_1.statusid, results_1.rank, min( constructor_results_1.date), results_1.fastestlap, results_1.milliseconds, constructor_standings_1.date, max( results_1.date) , provsql.sr_why(provsql.provenance(), 'provmap') from constructor_results as constructor_results_1 inner join results as results_1 inner join constructor_standings as constructor_standings_1 on (results_1.resultid = constructor_standings_1.constructorstandingsid ) on (constructor_results_1.constructorresultsid = constructor_standings_1.constructorstandingsid ) where results_1.resultid is not NULL group by constructor_results_1.constructorid, constructor_standings_1.constructorid, constructor_standings_1.date, constructor_standings_1.raceid, results_1.fastestlap, results_1.milliseconds, results_1.position, results_1.rank, results_1.statusid limit 21) UNION (select constructor_results_2.constructorresultsid, constructor_results_2.constructorid, avg( constructor_results_2.points), constructor_results_2.points, min( constructor_results_2.points), constructor_results_2.constructorid, constructor_results_2.points, max( constructor_results_2.date), constructor_results_2.points, constructor_results_2.points, avg( constructor_results_2.points), min( constructor_results_2.date) , provsql.sr_why(provsql.provenance(), 'provmap') from constructor_results as constructor_results_2 where constructor_results_2.constructorresultsid = constructor_results_2.raceid limit 35);",NO,"ERREUR:  la colonne « constructor_results_2.constructorresultsid » doit apparaître dans la clause GROUP BY ou doit être utilisé dans une fonction d'agrégat LIGNE 28 : constructor_results_2.constructorresultsid,            ^"
705,"-- meta {""num_joins"":1,""num_aggregates"":1,""has_union"":false,""has_intersect"":true,""has_negation"":false} (select sum( constructor_results_1.points) , provsql.sr_why(provsql.provenance(), 'provmap') from constructor_results as constructor_results_1 where constructor_results_1.constructorresultsid is not NULL limit 30) INTERSECT (select min( circuits_1.lng) , provsql.sr_why(provsql.provenance(), 'provmap') from circuits as circuits_1 inner join races as races_1 on (circuits_1.circuitid = races_1.raceid ) where circuits_1.circuitid is not NULL limit 18);",NO,"ERREUR:  Set operations other than UNION and EXCEPT not supported by provsql"
706,"-- meta {""num_joins"":0,""num_aggregates"":2,""has_union"":false,""has_intersect"":false,""has_negation"":true} (select circuits_1.alt, circuits_1.name, circuits_1.circuitid , provsql.sr_why(provsql.provenance(), 'provmap') from circuits as circuits_1 where circuits_1.circuitref is not NULL limit 23) EXCEPT (select count(*), max( results_1.date), results_1.statusid , provsql.sr_why(provsql.provenance(), 'provmap') from results as results_1 where results_1.grid is not NULL group by results_1.constructorid, results_1.number, results_1.positionorder, results_1.raceid limit 28);",NO,"ERREUR:  la colonne « results_1.statusid » doit apparaître dans la clause GROUP BY ou doit être utilisé dans une fonction d'agrégat LIGNE 14 : results_1.statusid            ^"
707,"-- meta {""num_joins"":0,""num_aggregates"":3,""has_union"":false,""has_intersect"":false,""has_negation"":true} (select races_1.circuitid, races_1.name, count(*) , provsql.sr_why(provsql.provenance(), 'provmap') from races as races_1 where races_1.circuitid is not NULL group by races_1.circuitid, races_1.name limit 37) EXCEPT (select constructor_standings_1.raceid, sum( constructor_standings_1.points), count( constructor_standings_1.position) , provsql.sr_why(provsql.provenance(), 'provmap') from constructor_standings as constructor_standings_1 where constructor_standings_1.date > constructor_standings_1.date group by constructor_standings_1.constructorid, constructor_standings_1.constructorstandingsid, constructor_standings_1.date, constructor_standings_1.points, constructor_standings_1.position, constructor_standings_1.raceid, constructor_standings_1.wins limit 33);",NO,"ERREUR:  les EXCEPT types text et double precision ne peuvent pas correspondre LIGNE 13 : sum(            ^"
708,"-- meta {""num_joins"":0,""num_aggregates"":3,""has_union"":false,""has_intersect"":false,""has_negation"":false} select sum( constructor_results_1.points), constructor_results_1.constructorresultsid, constructor_results_1.constructorid, max( constructor_results_1.constructorresultsid), min( constructor_results_1.date) , provsql.sr_why(provsql.provenance(), 'provmap') from constructor_results as constructor_results_1 where constructor_results_1.date is not NULL group by constructor_results_1.constructorid, constructor_results_1.constructorresultsid limit 4;",YES,""
709,"-- meta {""num_joins"":0,""num_aggregates"":3,""has_union"":false,""has_intersect"":false,""has_negation"":true} (select count(*), sum( constructors_1.constructorid) , provsql.sr_why(provsql.provenance(), 'provmap') from constructors as constructors_1 where constructors_1.constructorid is not NULL limit 28) EXCEPT (select min( constructors_2.constructorid), sum( constructors_2.constructorid) , provsql.sr_why(provsql.provenance(), 'provmap') from constructors as constructors_2 where constructors_2.constructorref is not NULL group by constructors_2.constructorid, constructors_2.constructorref, constructors_2.name, constructors_2.nationality limit 25);",NO,"ERREUR:  provenance() called on a table without provenance"
710,"-- meta {""num_joins"":0,""num_aggregates"":1,""has_union"":false,""has_intersect"":false,""has_negation"":true} (select constructor_standings_1.points, constructor_standings_1.raceid , provsql.sr_why(provsql.provenance(), 'provmap') from constructor_standings as constructor_standings_1 where constructor_standings_1.points is not NULL limit 3) EXCEPT (select sum( qualifying_1.qualifyid), qualifying_1.qualifyid , provsql.sr_why(provsql.provenance(), 'provmap') from qualifying as qualifying_1 where qualifying_1.constructorid is not NULL group by qualifying_1.constructorid, qualifying_1.date, qualifying_1.driverid, qualifying_1.number, qualifying_1.qualifyid limit 36);",NO,"ERREUR:  l'attribut 1 de type record a un mauvais type DÉTAIL : La table a le type provsql.agg_token alors que la requête attend double precision."
711,"-- meta {""num_joins"":5,""num_aggregates"":0,""has_union"":false,""has_intersect"":true,""has_negation"":false} (select drivers_1.surname , provsql.sr_why(provsql.provenance(), 'provmap') from constructors as constructors_1 inner join qualifying as qualifying_1 on (constructors_1.constructorid = qualifying_1.qualifyid ) inner join circuits as circuits_1 inner join drivers as drivers_1 on (circuits_1.circuitid = drivers_1.driverid ) on (qualifying_1.qualifyid = drivers_1.driverid ) where circuits_1.circuitid <= qualifying_1.position limit 41) INTERSECT (select drivers_3.code , provsql.sr_why(provsql.provenance(), 'provmap') from drivers as drivers_2 inner join constructor_results as constructor_results_1 inner join drivers as drivers_3 on (constructor_results_1.constructorresultsid = drivers_3.driverid ) on (drivers_2.driverid = constructor_results_1.constructorresultsid ) where drivers_2.driverref < drivers_2.code limit 35);",NO,"ERREUR:  Set operations other than UNION and EXCEPT not supported by provsql"
712,"-- meta {""num_joins"":0,""num_aggregates"":0,""has_union"":false,""has_intersect"":false,""has_negation"":true} (select standings_1.driverstandingsid, standings_1.position, standings_1.points , provsql.sr_why(provsql.provenance(), 'provmap') from standings as standings_1 where standings_1.date = standings_1.date limit 35) EXCEPT (select drivers_1.driverid, drivers_1.driverid, count( drivers_1.driverid) , provsql.sr_why(provsql.provenance(), 'provmap') from drivers as drivers_1 where drivers_1.driverref is not NULL limit 22);",NO,"ERREUR:  la colonne « drivers_1.driverid » doit apparaître dans la clause GROUP BY ou doit être utilisé dans une fonction d'agrégat LIGNE 11 : drivers_1.driverid,            ^"
713,"-- meta {""num_joins"":1,""num_aggregates"":3,""has_union"":false,""has_intersect"":false,""has_negation"":false} select min( races_1.date), avg( circuits_1.alt), races_1.year, max( races_1.date) , provsql.sr_why(provsql.provenance(), 'provmap') from circuits as circuits_1 inner join races as races_1 on (circuits_1.circuitid = races_1.raceid ) where circuits_1.circuitref is not NULL group by races_1.year limit 42;",YES,""
714,"-- meta {""num_joins"":2,""num_aggregates"":1,""has_union"":false,""has_intersect"":false,""has_negation"":false} select circuits_1.location, constructor_standings_1.points, circuits_1.name, max( constructor_standings_1.wins), circuits_1.circuitid , provsql.sr_why(provsql.provenance(), 'provmap') from constructor_results as constructor_results_1 inner join circuits as circuits_1 on (constructor_results_1.constructorresultsid = circuits_1.circuitid ) inner join constructor_standings as constructor_standings_1 on (constructor_results_1.constructorresultsid = constructor_standings_1.constructorstandingsid ) where circuits_1.circuitref >= circuits_1.name group by circuits_1.circuitid, circuits_1.location, circuits_1.name, constructor_standings_1.points limit 37;",YES,""
715,"-- meta {""num_joins"":0,""num_aggregates"":3,""has_union"":false,""has_intersect"":true,""has_negation"":false} (select circuits_1.circuitid, circuits_1.location, circuits_1.alt, circuits_1.country, circuits_1.lng, circuits_1.circuitref, circuits_1.lat, sum( circuits_1.circuitid) , provsql.sr_why(provsql.provenance(), 'provmap') from circuits as circuits_1 where circuits_1.country is not NULL group by circuits_1.alt, circuits_1.circuitid, circuits_1.circuitref, circuits_1.country, circuits_1.lat, circuits_1.lng, circuits_1.location limit 40) INTERSECT (select circuits_2.circuitid, sum( circuits_2.circuitid), circuits_2.alt, circuits_2.circuitref, sum( circuits_2.circuitid), circuits_2.location, count(*), avg( circuits_2.circuitid) , provsql.sr_why(provsql.provenance(), 'provmap') from circuits as circuits_2 where circuits_2.location is not NULL group by circuits_2.alt, circuits_2.circuitref, circuits_2.location limit 18);",NO,"ERREUR:  la colonne « circuits_2.circuitid » doit apparaître dans la clause GROUP BY ou doit être utilisé dans une fonction d'agrégat LIGNE 18 : circuits_2.circuitid,            ^"
716,"-- meta {""num_joins"":0,""num_aggregates"":1,""has_union"":true,""has_intersect"":false,""has_negation"":false} (select constructor_results_1.raceid , provsql.sr_why(provsql.provenance(), 'provmap') from constructor_results as constructor_results_1 where constructor_results_1.points is not NULL limit 23) UNION (select constructor_results_2.raceid , provsql.sr_why(provsql.provenance(), 'provmap') from constructor_results as constructor_results_2 where constructor_results_2.raceid is not NULL group by constructor_results_2.points limit 29);",NO,"ERREUR:  la colonne « constructor_results_2.raceid » doit apparaître dans la clause GROUP BY ou doit être utilisé dans une fonction d'agrégat LIGNE 9 : constructor_results_2.raceid           ^"
717,"-- meta {""num_joins"":0,""num_aggregates"":0,""has_union"":true,""has_intersect"":false,""has_negation"":false} (select results_1.milliseconds, results_1.number, results_1.positionorder, results_1.points, results_1.position , provsql.sr_why(provsql.provenance(), 'provmap') from results as results_1 where results_1.driverid is not NULL limit 42) UNION (select results_2.number, results_2.number, results_2.driverid, results_2.number, results_2.points , provsql.sr_why(provsql.provenance(), 'provmap') from results as results_2 where results_2.milliseconds is not NULL limit 8);",YES,""
718,"-- meta {""num_joins"":0,""num_aggregates"":4,""has_union"":true,""has_intersect"":false,""has_negation"":false} (select constructors_1.nationality, count( constructors_1.name), constructors_1.name , provsql.sr_why(provsql.provenance(), 'provmap') from constructors as constructors_1 where constructors_1.constructorid is not NULL group by constructors_1.name, constructors_1.nationality limit 23) UNION (select races_1.time, min( races_1.year), races_1.time , provsql.sr_why(provsql.provenance(), 'provmap') from races as races_1 where races_1.time < races_1.name group by races_1.date, races_1.name, races_1.raceid, races_1.round, races_1.time, races_1.year limit 17);",NO,"ERREUR:  UNION/INTERSECT/EXCEPT n'a pas pu convertir le type provsql.agg_token en bigint"
719,"-- meta {""num_joins"":1,""num_aggregates"":0,""has_union"":false,""has_intersect"":true,""has_negation"":false} (select constructor_standings_1.constructorid, constructor_standings_1.raceid, races_1.raceid , provsql.sr_why(provsql.provenance(), 'provmap') from constructor_standings as constructor_standings_1 inner join races as races_1 on (constructor_standings_1.constructorstandingsid = races_1.raceid ) where constructor_standings_1.wins is not NULL limit 21) INTERSECT (select results_1.resultid, sum( results_1.number), results_1.driverid , provsql.sr_why(provsql.provenance(), 'provmap') from results as results_1 where results_1.constructorid is not NULL limit 35);",NO,"ERREUR:  la colonne « results_1.resultid » doit apparaître dans la clause GROUP BY ou doit être utilisé dans une fonction d'agrégat LIGNE 13 : results_1.resultid,            ^"
720,"-- meta {""num_joins"":1,""num_aggregates"":2,""has_union"":false,""has_intersect"":true,""has_negation"":false} (select results_2.date, results_2.position, results_2.resultid, results_1.positionorder, results_2.rank, results_1.grid, results_2.grid, results_2.positionorder , provsql.sr_why(provsql.provenance(), 'provmap') from results as results_1 inner join results as results_2 on (results_1.resultid = results_2.resultid ) where results_1.number is not NULL limit 22) INTERSECT (select constructor_results_1.date, constructor_results_1.points, constructor_results_1.raceid, max( constructor_results_1.date), constructor_results_1.points, constructor_results_1.constructorid, avg( constructor_results_1.points), constructor_results_1.raceid , provsql.sr_why(provsql.provenance(), 'provmap') from constructor_results as constructor_results_1 where constructor_results_1.constructorresultsid is not NULL group by constructor_results_1.constructorresultsid, constructor_results_1.date, constructor_results_1.raceid limit 28);",NO,"ERREUR:  les INTERSECT types bigint et timestamp without time zone ne peuvent pas correspondre LIGNE 21 : max(            ^"
721,"-- meta {""num_joins"":2,""num_aggregates"":5,""has_union"":false,""has_intersect"":true,""has_negation"":false} (select standings_2.points, standings_2.position, standings_2.driverstandingsid , provsql.sr_why(provsql.provenance(), 'provmap') from races as races_1 inner join standings as standings_1 inner join standings as standings_2 on (standings_1.driverstandingsid = standings_2.driverstandingsid ) on (races_1.raceid = standings_1.driverstandingsid ) where standings_1.date >= races_1.date limit 8) INTERSECT (select avg( drivers_1.driverid), drivers_1.driverid, drivers_1.driverid , provsql.sr_why(provsql.provenance(), 'provmap') from drivers as drivers_1 where drivers_1.surname is not NULL group by drivers_1.code, drivers_1.dob, drivers_1.driverid, drivers_1.forename limit 4);",NO,"ERREUR:  Set operations other than UNION and EXCEPT not supported by provsql"
722,"-- meta {""num_joins"":0,""num_aggregates"":0,""has_union"":false,""has_intersect"":true,""has_negation"":false} (select constructors_1.nationality, constructors_1.constructorref , provsql.sr_why(provsql.provenance(), 'provmap') from constructors as constructors_1 where constructors_1.constructorref is not NULL limit 22) INTERSECT (select races_1.name, avg( races_1.circuitid) , provsql.sr_why(provsql.provenance(), 'provmap') from races as races_1 where races_1.time is not NULL limit 13);",NO,"ERREUR:  la colonne « races_1.name » doit apparaître dans la clause GROUP BY ou doit être utilisé dans une fonction d'agrégat LIGNE 10 : races_1.name,            ^"
723,"-- meta {""num_joins"":2,""num_aggregates"":1,""has_union"":false,""has_intersect"":false,""has_negation"":false} select count( drivers_1.dob), drivers_1.driverid, drivers_1.forename, circuits_1.lat, drivers_1.surname, drivers_1.code , provsql.sr_why(provsql.provenance(), 'provmap') from races as races_1 inner join drivers as drivers_1 on (races_1.raceid = drivers_1.driverid ) inner join circuits as circuits_1 on (races_1.raceid = circuits_1.circuitid ) where drivers_1.driverid is not NULL group by circuits_1.lat, drivers_1.code, drivers_1.driverid, drivers_1.forename, drivers_1.surname limit 21;",YES,""
724,"-- meta {""num_joins"":0,""num_aggregates"":1,""has_union"":false,""has_intersect"":false,""has_negation"":true} (select races_1.time, races_1.circuitid, races_1.round, races_1.date, races_1.raceid, sum( races_1.circuitid), races_1.year , provsql.sr_why(provsql.provenance(), 'provmap') from races as races_1 where races_1.year is not NULL group by races_1.circuitid, races_1.date, races_1.raceid, races_1.round, races_1.time, races_1.year limit 27) EXCEPT (select circuits_1.country, circuits_1.circuitid, circuits_1.circuitid, sum( circuits_1.lng), circuits_1.circuitid, sum( circuits_1.circuitid), circuits_1.circuitid , provsql.sr_why(provsql.provenance(), 'provmap') from circuits as circuits_1 where circuits_1.location is not NULL limit 26);",NO,"ERREUR:  la colonne « circuits_1.country » doit apparaître dans la clause GROUP BY ou doit être utilisé dans une fonction d'agrégat LIGNE 17 : circuits_1.country,            ^"
725,"-- meta {""num_joins"":3,""num_aggregates"":3,""has_union"":false,""has_intersect"":true,""has_negation"":false} (select results_1.raceid, avg( results_1.positionorder), circuits_2.circuitref, circuits_1.alt, circuits_2.circuitid, circuits_2.location, results_1.resultid, count( circuits_2.name) , provsql.sr_why(provsql.provenance(), 'provmap') from results as results_1 inner join drivers as drivers_1 on (results_1.resultid = drivers_1.driverid ) inner join circuits as circuits_1 inner join circuits as circuits_2 on (circuits_1.circuitid = circuits_2.circuitid ) on (results_1.resultid = circuits_1.circuitid ) where drivers_1.code is not NULL group by circuits_1.alt, circuits_2.circuitid, circuits_2.circuitref, circuits_2.location, results_1.raceid, results_1.resultid limit 20) INTERSECT (select standings_1.wins, avg( standings_1.wins), min( standings_1.date), standings_1.points, standings_1.driverstandingsid, sum( standings_1.points), standings_1.wins, count(*) , provsql.sr_why(provsql.provenance(), 'provmap') from standings as standings_1 where standings_1.wins < standings_1.driverid group by standings_1.date, standings_1.driverstandingsid, standings_1.points, standings_1.wins limit 33);",NO,"ERREUR:  les INTERSECT types text et timestamp without time zone ne peuvent pas correspondre LIGNE 28 : min(            ^"
726,"-- meta {""num_joins"":2,""num_aggregates"":0,""has_union"":true,""has_intersect"":false,""has_negation"":false} (select results_1.position, results_1.date , provsql.sr_why(provsql.provenance(), 'provmap') from results as results_1 where results_1.date > results_1.date limit 7) UNION (select constructor_results_1.points, constructor_results_1.date , provsql.sr_why(provsql.provenance(), 'provmap') from constructor_results as constructor_results_1 inner join drivers as drivers_1 on (constructor_results_1.constructorresultsid = drivers_1.driverid ) inner join drivers as drivers_2 on (constructor_results_1.constructorresultsid = drivers_2.driverid ) where drivers_1.nationality is not NULL limit 23);",YES,""
727,"-- meta {""num_joins"":1,""num_aggregates"":1,""has_union"":false,""has_intersect"":false,""has_negation"":true} (select standings_1.date, standings_1.wins, standings_2.raceid, standings_1.driverstandingsid , provsql.sr_why(provsql.provenance(), 'provmap') from standings as standings_1 inner join standings as standings_2 on (standings_1.driverstandingsid = standings_2.driverstandingsid ) where standings_2.points = standings_1.points limit 29) EXCEPT (select max( constructor_results_1.points), constructor_results_1.raceid, constructor_results_1.constructorid, constructor_results_1.constructorresultsid , provsql.sr_why(provsql.provenance(), 'provmap') from constructor_results as constructor_results_1 where constructor_results_1.raceid is not NULL group by constructor_results_1.constructorid, constructor_results_1.constructorresultsid, constructor_results_1.date limit 28);",NO,"ERREUR:  les EXCEPT types timestamp without time zone et double precision ne peuvent pas correspondre LIGNE 14 : max(            ^"
728,"-- meta {""num_joins"":1,""num_aggregates"":1,""has_union"":false,""has_intersect"":false,""has_negation"":false} select results_1.resultid, results_1.position, results_1.rank, results_2.constructorid, results_1.statusid, min( results_2.constructorid), results_2.driverid , provsql.sr_why(provsql.provenance(), 'provmap') from results as results_1 inner join results as results_2 on (results_1.resultid = results_2.resultid ) where results_2.raceid > results_1.grid group by results_1.position, results_1.rank, results_1.resultid, results_1.statusid, results_2.constructorid, results_2.driverid limit 21;",YES,""
729,"-- meta {""num_joins"":1,""num_aggregates"":2,""has_union"":false,""has_intersect"":false,""has_negation"":true} (select max( standings_1.date), standings_1.date, standings_1.raceid, standings_1.wins, standings_1.driverid, standings_1.points , provsql.sr_why(provsql.provenance(), 'provmap') from standings as standings_1 where standings_1.raceid is not NULL group by standings_1.date, standings_1.driverid, standings_1.points, standings_1.raceid, standings_1.wins limit 9) EXCEPT (select min( drivers_1.dob), drivers_1.dob, count(*), drivers_1.driverid, standings_2.driverstandingsid, standings_2.points , provsql.sr_why(provsql.provenance(), 'provmap') from standings as standings_2 inner join drivers as drivers_1 on (standings_2.driverstandingsid = drivers_1.driverid ) where standings_2.date is not NULL group by drivers_1.driverid, standings_2.date, standings_2.driverid, standings_2.driverstandingsid limit 32);",NO,"ERREUR:  provenance() called on a table without provenance"
730,"-- meta {""num_joins"":1,""num_aggregates"":0,""has_union"":false,""has_intersect"":true,""has_negation"":false} (select standings_1.position , provsql.sr_why(provsql.provenance(), 'provmap') from standings as standings_1 inner join constructor_standings as constructor_standings_1 on (standings_1.driverstandingsid = constructor_standings_1.constructorstandingsid ) where constructor_standings_1.raceid is not NULL limit 14) INTERSECT (select races_1.raceid , provsql.sr_why(provsql.provenance(), 'provmap') from races as races_1 where races_1.year < races_1.circuitid limit 7);",NO,"ERREUR:  Set operations other than UNION and EXCEPT not supported by provsql"
731,"-- meta {""num_joins"":0,""num_aggregates"":0,""has_union"":false,""has_intersect"":false,""has_negation"":false} select results_1.raceid, results_1.number , provsql.sr_why(provsql.provenance(), 'provmap') from results as results_1 where results_1.laps is not NULL limit 23;",YES,""
732,"-- meta {""num_joins"":2,""num_aggregates"":2,""has_union"":true,""has_intersect"":false,""has_negation"":false} (select races_1.time, races_1.name , provsql.sr_why(provsql.provenance(), 'provmap') from constructor_standings as constructor_standings_1 inner join circuits as circuits_1 inner join races as races_1 on (circuits_1.circuitid = races_1.raceid ) on (constructor_standings_1.constructorstandingsid = races_1.raceid ) where constructor_standings_1.points <= circuits_1.alt limit 19) UNION (select count( constructor_results_1.raceid), max( constructor_results_1.date) , provsql.sr_why(provsql.provenance(), 'provmap') from constructor_results as constructor_results_1 where constructor_results_1.date > constructor_results_1.date group by constructor_results_1.constructorid, constructor_results_1.constructorresultsid, constructor_results_1.raceid limit 35);",NO,"ERREUR:  les UNION types text et bigint ne peuvent pas correspondre LIGNE 14 : count(            ^"
733,"-- meta {""num_joins"":2,""num_aggregates"":0,""has_union"":true,""has_intersect"":false,""has_negation"":false} (select constructors_1.constructorid, circuits_1.lng, circuits_1.circuitref, constructors_1.name , provsql.sr_why(provsql.provenance(), 'provmap') from constructors as constructors_1 inner join circuits as circuits_1 on (constructors_1.constructorid = circuits_1.circuitid ) where constructors_1.name > circuits_1.country limit 2) UNION (select constructor_results_1.raceid, constructor_results_1.points, constructors_2.nationality, max( constructor_results_1.date) , provsql.sr_why(provsql.provenance(), 'provmap') from constructor_results as constructor_results_1 inner join constructors as constructors_2 on (constructor_results_1.constructorresultsid = constructors_2.constructorid ) where constructors_2.constructorid is not NULL limit 23);",NO,"ERREUR:  la colonne « constructor_results_1.raceid » doit apparaître dans la clause GROUP BY ou doit être utilisé dans une fonction d'agrégat LIGNE 14 : constructor_results_1.raceid,            ^"
734,"-- meta {""num_joins"":3,""num_aggregates"":0,""has_union"":true,""has_intersect"":false,""has_negation"":false} (select drivers_1.driverref, constructor_standings_1.constructorstandingsid, constructor_standings_1.points, standings_1.date, standings_1.driverid , provsql.sr_why(provsql.provenance(), 'provmap') from constructor_standings as constructor_standings_1 inner join standings as standings_1 on (constructor_standings_1.constructorstandingsid = standings_1.driverstandingsid ) inner join drivers as drivers_1 on (standings_1.driverstandingsid = drivers_1.driverid ) where constructor_standings_1.constructorstandingsid is not NULL limit 2) UNION (select circuits_1.name, qualifying_1.qualifyid, avg( circuits_1.alt), qualifying_1.date, qualifying_1.driverid , provsql.sr_why(provsql.provenance(), 'provmap') from circuits as circuits_1 inner join qualifying as qualifying_1 on (circuits_1.circuitid = qualifying_1.qualifyid ) where qualifying_1.qualifyid is not NULL limit 12);",NO,"ERREUR:  la colonne « circuits_1.name » doit apparaître dans la clause GROUP BY ou doit être utilisé dans une fonction d'agrégat LIGNE 17 : circuits_1.name,            ^"
735,"-- meta {""num_joins"":0,""num_aggregates"":2,""has_union"":false,""has_intersect"":false,""has_negation"":true} (select constructor_results_1.points, constructor_results_1.raceid, constructor_results_1.constructorid , provsql.sr_why(provsql.provenance(), 'provmap') from constructor_results as constructor_results_1 where constructor_results_1.points is not NULL limit 18) EXCEPT (select constructor_results_2.points, constructor_results_2.raceid, constructor_results_2.constructorid , provsql.sr_why(provsql.provenance(), 'provmap') from constructor_results as constructor_results_2 where constructor_results_2.points is not NULL group by constructor_results_2.constructorid, constructor_results_2.raceid limit 34);",NO,"ERREUR:  la colonne « constructor_results_2.points » doit apparaître dans la clause GROUP BY ou doit être utilisé dans une fonction d'agrégat LIGNE 11 : constructor_results_2.points,            ^"
736,"-- meta {""num_joins"":0,""num_aggregates"":3,""has_union"":false,""has_intersect"":false,""has_negation"":true} (select drivers_1.driverref, drivers_1.code, max( drivers_1.driverid), drivers_1.driverid , provsql.sr_why(provsql.provenance(), 'provmap') from drivers as drivers_1 where drivers_1.dob is not NULL group by drivers_1.code, drivers_1.driverid, drivers_1.driverref limit 27) EXCEPT (select constructors_1.name, max( constructors_1.constructorid), count( constructors_1.name), avg( constructors_1.constructorid) , provsql.sr_why(provsql.provenance(), 'provmap') from constructors as constructors_1 where constructors_1.name = constructors_1.constructorref group by constructors_1.constructorid, constructors_1.constructorref, constructors_1.name limit 40);",NO,"ERREUR:  les EXCEPT types text et bigint ne peuvent pas correspondre LIGNE 15 : max(            ^"
737,"-- meta {""num_joins"":0,""num_aggregates"":8,""has_union"":true,""has_intersect"":false,""has_negation"":false} (select standings_1.position, standings_1.wins, standings_1.driverstandingsid , provsql.sr_why(provsql.provenance(), 'provmap') from standings as standings_1 where standings_1.driverid is not NULL limit 9) UNION (select standings_2.position, min( standings_2.date), standings_2.driverstandingsid , provsql.sr_why(provsql.provenance(), 'provmap') from standings as standings_2 where standings_2.date <= standings_2.date group by standings_2.date, standings_2.driverid, standings_2.driverstandingsid, standings_2.points, standings_2.position, standings_2.raceid, standings_2.wins limit 26);",NO,"ERREUR:  les UNION types bigint et timestamp without time zone ne peuvent pas correspondre LIGNE 12 : min(            ^"
738,"-- meta {""num_joins"":0,""num_aggregates"":0,""has_union"":true,""has_intersect"":false,""has_negation"":false} (select circuits_1.lng , provsql.sr_why(provsql.provenance(), 'provmap') from circuits as circuits_1 where circuits_1.circuitref > circuits_1.country limit 10) UNION (select max( races_1.date) , provsql.sr_why(provsql.provenance(), 'provmap') from races as races_1 where races_1.year is not NULL limit 29);",NO,"ERREUR:  les UNION types double precision et timestamp without time zone ne peuvent pas correspondre LIGNE 9 : max(           ^"
739,"-- meta {""num_joins"":0,""num_aggregates"":7,""has_union"":true,""has_intersect"":false,""has_negation"":false} (select races_1.name, races_1.time, races_1.raceid , provsql.sr_why(provsql.provenance(), 'provmap') from races as races_1 where races_1.name is not NULL limit 28) UNION (select max( constructor_results_1.date), max( constructor_results_1.date), constructor_results_1.constructorid , provsql.sr_why(provsql.provenance(), 'provmap') from constructor_results as constructor_results_1 where constructor_results_1.raceid is not NULL group by constructor_results_1.constructorid, constructor_results_1.constructorresultsid, constructor_results_1.date, constructor_results_1.points limit 12);",NO,"ERREUR:  les UNION types text et timestamp without time zone ne peuvent pas correspondre LIGNE 11 : max(            ^"
740,"-- meta {""num_joins"":2,""num_aggregates"":2,""has_union"":false,""has_intersect"":false,""has_negation"":true} (select constructors_1.constructorid , provsql.sr_why(provsql.provenance(), 'provmap') from constructors as constructors_1 inner join constructors as constructors_2 on (constructors_1.constructorid = constructors_2.constructorid ) where constructors_1.nationality is not NULL limit 16) EXCEPT (select standings_1.wins , provsql.sr_why(provsql.provenance(), 'provmap') from standings as standings_1 inner join drivers as drivers_1 on (standings_1.driverstandingsid = drivers_1.driverid ) where standings_1.date <= drivers_1.dob group by drivers_1.dob, drivers_1.driverid, drivers_1.nationality, standings_1.driverstandingsid, standings_1.points, standings_1.position, standings_1.wins limit 14);",YES,""
741,"-- meta {""num_joins"":4,""num_aggregates"":0,""has_union"":false,""has_intersect"":false,""has_negation"":false} select constructor_standings_1.constructorstandingsid, circuits_1.location , provsql.sr_why(provsql.provenance(), 'provmap') from qualifying as qualifying_1 inner join constructor_standings as constructor_standings_1 inner join standings as standings_1 on (constructor_standings_1.constructorstandingsid = standings_1.driverstandingsid ) on (qualifying_1.qualifyid = standings_1.driverstandingsid ) inner join races as races_1 inner join circuits as circuits_1 on (races_1.raceid = circuits_1.circuitid ) on (qualifying_1.qualifyid = circuits_1.circuitid ) where qualifying_1.raceid is not NULL limit 25;",YES,""
742,"-- meta {""num_joins"":0,""num_aggregates"":3,""has_union"":true,""has_intersect"":false,""has_negation"":false} (select qualifying_1.constructorid, qualifying_1.position, qualifying_1.driverid, qualifying_1.date, max( qualifying_1.date), qualifying_1.number, qualifying_1.raceid, max( qualifying_1.number), max( qualifying_1.date) , provsql.sr_why(provsql.provenance(), 'provmap') from qualifying as qualifying_1 where qualifying_1.number is not NULL group by qualifying_1.constructorid, qualifying_1.date, qualifying_1.driverid, qualifying_1.number, qualifying_1.position, qualifying_1.raceid limit 13) UNION (select qualifying_2.constructorid, avg( qualifying_2.driverid), qualifying_2.driverid, qualifying_2.date, max( qualifying_2.date), qualifying_2.number, qualifying_2.constructorid, count( qualifying_2.number), min( qualifying_2.date) , provsql.sr_why(provsql.provenance(), 'provmap') from qualifying as qualifying_2 where qualifying_2.position is not NULL limit 26);",NO,"ERREUR:  la colonne « qualifying_2.constructorid » doit apparaître dans la clause GROUP BY ou doit être utilisé dans une fonction d'agrégat LIGNE 21 : qualifying_2.constructorid,            ^"
743,"-- meta {""num_joins"":0,""num_aggregates"":1,""has_union"":false,""has_intersect"":false,""has_negation"":false} select constructors_1.constructorref, sum( constructors_1.constructorid) , provsql.sr_why(provsql.provenance(), 'provmap') from constructors as constructors_1 where constructors_1.name is not NULL group by constructors_1.constructorref limit 21;",YES,""
744,"-- meta {""num_joins"":0,""num_aggregates"":1,""has_union"":false,""has_intersect"":false,""has_negation"":true} (select standings_1.points, standings_1.date, standings_1.driverstandingsid, standings_1.position, standings_1.raceid, standings_1.wins, standings_1.driverid , provsql.sr_why(provsql.provenance(), 'provmap') from standings as standings_1 where standings_1.wins <= standings_1.raceid limit 28) EXCEPT (select constructor_standings_1.points, constructor_standings_1.date, constructor_standings_1.position, constructor_standings_1.position, min( constructor_standings_1.points), min( constructor_standings_1.date), constructor_standings_1.constructorid , provsql.sr_why(provsql.provenance(), 'provmap') from constructor_standings as constructor_standings_1 where constructor_standings_1.date is not NULL group by constructor_standings_1.constructorid, constructor_standings_1.constructorstandingsid, constructor_standings_1.position, constructor_standings_1.wins limit 17);",NO,"ERREUR:  les EXCEPT types bigint et timestamp without time zone ne peuvent pas correspondre LIGNE 21 : min(            ^"
745,"-- meta {""num_joins"":1,""num_aggregates"":0,""has_union"":false,""has_intersect"":false,""has_negation"":true} (select standings_1.position, standings_1.driverid, standings_1.raceid, standings_1.points , provsql.sr_why(provsql.provenance(), 'provmap') from standings as standings_1 where standings_1.position is not NULL limit 5) EXCEPT (select standings_2.wins, standings_2.wins, standings_2.wins, standings_2.points , provsql.sr_why(provsql.provenance(), 'provmap') from drivers as drivers_1 inner join standings as standings_2 on (drivers_1.driverid = standings_2.driverstandingsid ) where standings_2.points is not NULL limit 22);",YES,""
746,"-- meta {""num_joins"":0,""num_aggregates"":1,""has_union"":false,""has_intersect"":false,""has_negation"":true} (select count( drivers_1.surname), drivers_1.surname, drivers_1.dob, drivers_1.driverref, drivers_1.driverid, drivers_1.code , provsql.sr_why(provsql.provenance(), 'provmap') from drivers as drivers_1 where drivers_1.forename = drivers_1.surname group by drivers_1.code, drivers_1.dob, drivers_1.driverid, drivers_1.driverref, drivers_1.surname limit 31) EXCEPT (select count(*), max( constructor_standings_1.constructorstandingsid), sum( constructor_standings_1.points), min( constructor_standings_1.points), constructor_standings_1.wins, min( constructor_standings_1.wins) , provsql.sr_why(provsql.provenance(), 'provmap') from constructor_standings as constructor_standings_1 where constructor_standings_1.wins > constructor_standings_1.raceid limit 14);",NO,"ERREUR:  la colonne « constructor_standings_1.wins » doit apparaître dans la clause GROUP BY ou doit être utilisé dans une fonction d'agrégat LIGNE 23 : constructor_standings_1.wins,            ^"
747,"-- meta {""num_joins"":0,""num_aggregates"":3,""has_union"":false,""has_intersect"":false,""has_negation"":true} (select constructors_1.nationality, constructors_1.constructorref , provsql.sr_why(provsql.provenance(), 'provmap') from constructors as constructors_1 where constructors_1.constructorref is not NULL limit 31) EXCEPT (select races_1.name, max( races_1.date) , provsql.sr_why(provsql.provenance(), 'provmap') from races as races_1 where races_1.time is not NULL group by races_1.raceid, races_1.year limit 11);",NO,"ERREUR:  les EXCEPT types text et timestamp without time zone ne peuvent pas correspondre LIGNE 11 : max(            ^"
748,"-- meta {""num_joins"":0,""num_aggregates"":1,""has_union"":false,""has_intersect"":false,""has_negation"":false} select circuits_1.lat, circuits_1.country, avg( circuits_1.circuitid) , provsql.sr_why(provsql.provenance(), 'provmap') from circuits as circuits_1 where circuits_1.location is not NULL group by circuits_1.country, circuits_1.lat limit 1;",YES,""
749,"-- meta {""num_joins"":0,""num_aggregates"":0,""has_union"":false,""has_intersect"":false,""has_negation"":false} select qualifying_1.driverid, qualifying_1.date, qualifying_1.constructorid , provsql.sr_why(provsql.provenance(), 'provmap') from qualifying as qualifying_1 where qualifying_1.date > qualifying_1.date limit 5;",YES,""
750,"-- meta {""num_joins"":1,""num_aggregates"":1,""has_union"":false,""has_intersect"":false,""has_negation"":true} (select qualifying_1.number, qualifying_1.driverid, avg( qualifying_1.raceid) , provsql.sr_why(provsql.provenance(), 'provmap') from qualifying as qualifying_1 where qualifying_1.position is not NULL group by qualifying_1.driverid, qualifying_1.number limit 13) EXCEPT (select drivers_1.driverid, constructor_results_1.constructorresultsid, sum( drivers_1.driverid) , provsql.sr_why(provsql.provenance(), 'provmap') from drivers as drivers_1 inner join constructor_results as constructor_results_1 on (drivers_1.driverid = constructor_results_1.constructorresultsid ) where drivers_1.nationality is not NULL limit 18);",NO,"ERREUR:  la colonne « drivers_1.driverid » doit apparaître dans la clause GROUP BY ou doit être utilisé dans une fonction d'agrégat LIGNE 13 : drivers_1.driverid,            ^"
751,"-- meta {""num_joins"":4,""num_aggregates"":4,""has_union"":false,""has_intersect"":false,""has_negation"":false} select constructor_results_1.points, min( constructor_results_1.points), qualifying_1.qualifyid, constructor_results_1.date, sum( standings_1.points), qualifying_1.raceid, constructor_results_1.raceid, standings_1.driverid, max( qualifying_1.date), sum( constructor_results_1.points), standings_1.points, races_1.time , provsql.sr_why(provsql.provenance(), 'provmap') from standings as standings_1 inner join qualifying as qualifying_1 on (standings_1.driverstandingsid = qualifying_1.qualifyid ) inner join constructor_results as constructor_results_1 inner join races as races_1 on (constructor_results_1.constructorresultsid = races_1.raceid ) on (standings_1.driverstandingsid = constructor_results_1.constructorresultsid ) inner join qualifying as qualifying_2 on (constructor_results_1.constructorresultsid = qualifying_2.qualifyid ) where constructor_results_1.date <= standings_1.date group by constructor_results_1.date, constructor_results_1.points, constructor_results_1.raceid, qualifying_1.qualifyid, qualifying_1.raceid, races_1.time, standings_1.driverid, standings_1.points limit 15;",YES,""
752,"-- meta {""num_joins"":0,""num_aggregates"":0,""has_union"":false,""has_intersect"":false,""has_negation"":true} (select results_1.position, results_1.constructorid, results_1.statusid , provsql.sr_why(provsql.provenance(), 'provmap') from results as results_1 where results_1.points is not NULL limit 41) EXCEPT (select min( qualifying_1.date), qualifying_1.constructorid, sum( qualifying_1.constructorid) , provsql.sr_why(provsql.provenance(), 'provmap') from qualifying as qualifying_1 where qualifying_1.date is not NULL limit 27);",NO,"ERREUR:  la colonne « qualifying_1.constructorid » doit apparaître dans la clause GROUP BY ou doit être utilisé dans une fonction d'agrégat LIGNE 13 : qualifying_1.constructorid,            ^"
753,"-- meta {""num_joins"":1,""num_aggregates"":2,""has_union"":false,""has_intersect"":false,""has_negation"":false} select results_1.resultid, avg( results_1.fastestlap), constructor_results_1.constructorid, results_1.grid, sum( constructor_results_1.points) , provsql.sr_why(provsql.provenance(), 'provmap') from constructor_results as constructor_results_1 inner join results as results_1 on (constructor_results_1.constructorresultsid = results_1.resultid ) where constructor_results_1.constructorresultsid is not NULL group by constructor_results_1.constructorid, results_1.grid, results_1.resultid limit 34;",YES,""
754,"-- meta {""num_joins"":1,""num_aggregates"":2,""has_union"":false,""has_intersect"":true,""has_negation"":false} (select min( qualifying_1.constructorid), min( qualifying_1.date), qualifying_1.driverid , provsql.sr_why(provsql.provenance(), 'provmap') from qualifying as qualifying_1 where qualifying_1.date is not NULL group by qualifying_1.driverid limit 15) INTERSECT (select count( constructors_1.constructorref), min( races_1.date), races_1.round , provsql.sr_why(provsql.provenance(), 'provmap') from races as races_1 inner join constructors as constructors_1 on (races_1.raceid = constructors_1.constructorid ) where constructors_1.nationality is not NULL limit 29);",NO,"ERREUR:  la colonne « races_1.round » doit apparaître dans la clause GROUP BY ou doit être utilisé dans une fonction d'agrégat LIGNE 18 : races_1.round            ^"
755,"-- meta {""num_joins"":5,""num_aggregates"":0,""has_union"":false,""has_intersect"":false,""has_negation"":true} (select qualifying_2.number , provsql.sr_why(provsql.provenance(), 'provmap') from standings as standings_1 inner join qualifying as qualifying_1 inner join qualifying as qualifying_2 on (qualifying_1.qualifyid = qualifying_2.qualifyid ) on (standings_1.driverstandingsid = qualifying_2.qualifyid ) where qualifying_2.raceid is not NULL limit 10) EXCEPT (select avg( qualifying_3.number) , provsql.sr_why(provsql.provenance(), 'provmap') from races as races_1 inner join constructors as constructors_1 on (races_1.raceid = constructors_1.constructorid ) inner join qualifying as qualifying_3 inner join constructors as constructors_2 on (qualifying_3.qualifyid = constructors_2.constructorid ) on (races_1.raceid = constructors_2.constructorid ) where qualifying_3.position is not NULL limit 25);",NO,"erreur SYSCALL SSL : EOF détecté la connexion au serveur a été perdue"
756,"-- meta {""num_joins"":0,""num_aggregates"":1,""has_union"":false,""has_intersect"":false,""has_negation"":false} select results_1.driverid, results_1.milliseconds, max( results_1.laps), results_1.date, results_1.constructorid, results_1.fastestlap , provsql.sr_why(provsql.provenance(), 'provmap') from results as results_1 where results_1.statusid is not NULL group by results_1.constructorid, results_1.date, results_1.driverid, results_1.fastestlap, results_1.milliseconds limit 2;",NO,"psql: erreur : la connexion au serveur sur « 127.0.0.1 », port 5432 a échoué : FATAL:  le système de bases de données est en cours de restauration"
757,"-- meta {""num_joins"":0,""num_aggregates"":0,""has_union"":false,""has_intersect"":false,""has_negation"":false} select standings_1.position, standings_1.wins , provsql.sr_why(provsql.provenance(), 'provmap') from standings as standings_1 where standings_1.wins is not NULL limit 9;",NO,"psql: erreur : la connexion au serveur sur « 127.0.0.1 », port 5432 a échoué : FATAL:  le système de bases de données est en cours de restauration"
758,"-- meta {""num_joins"":0,""num_aggregates"":2,""has_union"":true,""has_intersect"":false,""has_negation"":false} (select circuits_1.lng, circuits_1.circuitref, circuits_1.alt, circuits_1.location , provsql.sr_why(provsql.provenance(), 'provmap') from circuits as circuits_1 where circuits_1.circuitid is not NULL limit 37) UNION (select circuits_2.alt, circuits_2.location, circuits_2.alt, circuits_2.name , provsql.sr_why(provsql.provenance(), 'provmap') from circuits as circuits_2 where circuits_2.lat is not NULL group by circuits_2.alt, circuits_2.country, circuits_2.lat, circuits_2.lng, circuits_2.location limit 31);",NO,"psql: erreur : la connexion au serveur sur « 127.0.0.1 », port 5432 a échoué : FATAL:  le système de bases de données est en cours de restauration"
759,"-- meta {""num_joins"":0,""num_aggregates"":1,""has_union"":true,""has_intersect"":false,""has_negation"":false} (select constructor_results_1.constructorid, constructor_results_1.points , provsql.sr_why(provsql.provenance(), 'provmap') from constructor_results as constructor_results_1 where constructor_results_1.date is not NULL limit 5) UNION (select circuits_1.circuitid, circuits_1.lat , provsql.sr_why(provsql.provenance(), 'provmap') from circuits as circuits_1 where circuits_1.alt is not NULL group by circuits_1.country, circuits_1.lng, circuits_1.location, circuits_1.name limit 13);",NO,"psql: erreur : la connexion au serveur sur « 127.0.0.1 », port 5432 a échoué : FATAL:  le système de bases de données est en cours de restauration"
760,"-- meta {""num_joins"":3,""num_aggregates"":1,""has_union"":true,""has_intersect"":false,""has_negation"":false} (select sum( qualifying_1.raceid), constructor_results_1.points , provsql.sr_why(provsql.provenance(), 'provmap') from constructor_results as constructor_results_1 inner join qualifying as qualifying_1 on (constructor_results_1.constructorresultsid = qualifying_1.qualifyid ) where qualifying_1.driverid is not NULL group by constructor_results_1.points limit 25) UNION (select avg( races_2.round), circuits_1.lng , provsql.sr_why(provsql.provenance(), 'provmap') from races as races_1 inner join races as races_2 inner join circuits as circuits_1 on (races_2.raceid = circuits_1.circuitid ) on (races_1.raceid = circuits_1.circuitid ) where races_1.year is not NULL limit 39);",NO,"psql: erreur : la connexion au serveur sur « 127.0.0.1 », port 5432 a échoué : FATAL:  le système de bases de données est en cours de restauration"
761,"-- meta {""num_joins"":0,""num_aggregates"":1,""has_union"":false,""has_intersect"":false,""has_negation"":true} (select count( constructor_results_1.constructorresultsid), constructor_results_1.raceid , provsql.sr_why(provsql.provenance(), 'provmap') from constructor_results as constructor_results_1 where constructor_results_1.raceid is not NULL group by constructor_results_1.raceid limit 31) EXCEPT (select min( qualifying_1.position), max( qualifying_1.date) , provsql.sr_why(provsql.provenance(), 'provmap') from qualifying as qualifying_1 where qualifying_1.driverid is not NULL limit 13);",NO,"psql: erreur : la connexion au serveur sur « 127.0.0.1 », port 5432 a échoué : FATAL:  le système de bases de données est en cours de restauration"
762,"-- meta {""num_joins"":0,""num_aggregates"":0,""has_union"":true,""has_intersect"":false,""has_negation"":false} (select circuits_1.alt, circuits_1.lng, circuits_1.country, circuits_1.lat , provsql.sr_why(provsql.provenance(), 'provmap') from circuits as circuits_1 where circuits_1.circuitid > circuits_1.circuitid limit 12) UNION (select circuits_2.alt, sum( circuits_2.lng), circuits_2.location, circuits_2.alt , provsql.sr_why(provsql.provenance(), 'provmap') from circuits as circuits_2 where circuits_2.circuitid is not NULL limit 24);",NO,"psql: erreur : la connexion au serveur sur « 127.0.0.1 », port 5432 a échoué : FATAL:  le système de bases de données est en cours de restauration"
763,"-- meta {""num_joins"":0,""num_aggregates"":0,""has_union"":false,""has_intersect"":true,""has_negation"":false} (select drivers_1.driverid, drivers_1.driverref, drivers_1.surname, drivers_1.nationality, drivers_1.dob , provsql.sr_why(provsql.provenance(), 'provmap') from drivers as drivers_1 where drivers_1.dob > drivers_1.dob limit 16) INTERSECT (select constructor_results_1.constructorid, max( constructor_results_1.date), max( constructor_results_1.date), min( constructor_results_1.date), constructor_results_1.date , provsql.sr_why(provsql.provenance(), 'provmap') from constructor_results as constructor_results_1 where constructor_results_1.raceid is not NULL limit 4);",NO,"psql: erreur : la connexion au serveur sur « 127.0.0.1 », port 5432 a échoué : FATAL:  le système de bases de données est en cours de restauration"
764,"-- meta {""num_joins"":3,""num_aggregates"":0,""has_union"":false,""has_intersect"":false,""has_negation"":false} select races_1.date, constructors_1.constructorref , provsql.sr_why(provsql.provenance(), 'provmap') from constructor_standings as constructor_standings_1 inner join circuits as circuits_1 inner join constructors as constructors_1 on (circuits_1.circuitid = constructors_1.constructorid ) inner join races as races_1 on (circuits_1.circuitid = races_1.raceid ) on (constructor_standings_1.constructorstandingsid = constructors_1.constructorid ) where circuits_1.location > races_1.name limit 3;",NO,"psql: erreur : la connexion au serveur sur « 127.0.0.1 », port 5432 a échoué : FATAL:  le système de bases de données n'accepte pas encore de connexions DÉTAIL : L'état de restauration cohérent n'a pas encore été atteint."
765,"-- meta {""num_joins"":1,""num_aggregates"":3,""has_union"":false,""has_intersect"":true,""has_negation"":false} (select races_1.date, races_1.time, min( races_1.raceid), races_1.name, races_1.round, count( races_1.circuitid), max( races_1.round), races_1.raceid , provsql.sr_why(provsql.provenance(), 'provmap') from races as races_1 where races_1.name > races_1.time group by races_1.date, races_1.name, races_1.raceid, races_1.round, races_1.time limit 3) INTERSECT (select results_1.date, constructors_1.nationality, count( results_1.laps), constructors_1.name, min( results_1.rank), max( results_1.statusid), min( constructors_1.constructorid), results_1.constructorid , provsql.sr_why(provsql.provenance(), 'provmap') from results as results_1 inner join constructors as constructors_1 on (results_1.resultid = constructors_1.constructorid ) where results_1.milliseconds is not NULL limit 11);",NO,"ERREUR:  la colonne « results_1.date » doit apparaître dans la clause GROUP BY ou doit être utilisé dans une fonction d'agrégat LIGNE 20 : results_1.date,            ^"
766,"-- meta {""num_joins"":4,""num_aggregates"":0,""has_union"":false,""has_intersect"":false,""has_negation"":false} select constructor_standings_1.constructorstandingsid, drivers_1.code, constructors_2.name, constructor_standings_1.position, drivers_1.driverref, constructors_3.name, constructors_2.nationality , provsql.sr_why(provsql.provenance(), 'provmap') from constructors as constructors_1 inner join constructors as constructors_2 on (constructors_1.constructorid = constructors_2.constructorid ) inner join drivers as drivers_1 inner join constructor_standings as constructor_standings_1 inner join constructors as constructors_3 on (constructor_standings_1.constructorstandingsid = constructors_3.constructorid ) on (drivers_1.driverid = constructor_standings_1.constructorstandingsid ) on (constructors_2.constructorid = drivers_1.driverid ) where constructors_1.nationality is not NULL limit 37;",YES,""
767,"-- meta {""num_joins"":2,""num_aggregates"":2,""has_union"":false,""has_intersect"":false,""has_negation"":true} (select avg( races_1.round), constructors_1.constructorref, races_1.name, max( races_1.raceid) , provsql.sr_why(provsql.provenance(), 'provmap') from races as races_1 inner join constructors as constructors_1 on (races_1.raceid = constructors_1.constructorid ) inner join results as results_1 on (constructors_1.constructorid = results_1.resultid ) where constructors_1.constructorref is not NULL group by constructors_1.constructorref, races_1.name limit 25) EXCEPT (select avg( results_2.driverid), max( results_2.date), min( results_2.positionorder), count( results_2.date) , provsql.sr_why(provsql.provenance(), 'provmap') from results as results_2 where results_2.resultid is not NULL limit 19);",NO,"ERREUR:  les EXCEPT types text et timestamp without time zone ne peuvent pas correspondre LIGNE 21 : max(            ^"
768,"-- meta {""num_joins"":0,""num_aggregates"":2,""has_union"":true,""has_intersect"":false,""has_negation"":false} (select results_1.grid, sum( results_1.position), results_1.positionorder, results_1.laps, results_1.raceid, results_1.position , provsql.sr_why(provsql.provenance(), 'provmap') from results as results_1 where results_1.laps is not NULL group by results_1.grid, results_1.laps, results_1.position, results_1.positionorder, results_1.raceid limit 38) UNION (select constructor_results_1.constructorresultsid, min( constructor_results_1.points), constructor_results_1.constructorid, constructor_results_1.constructorresultsid, constructor_results_1.raceid, constructor_results_1.points , provsql.sr_why(provsql.provenance(), 'provmap') from constructor_results as constructor_results_1 where constructor_results_1.date is not NULL group by constructor_results_1.constructorid limit 12);",NO,"ERREUR:  la colonne « constructor_results_1.constructorresultsid » doit apparaître dans la clause GROUP BY ou doit être utilisé dans une fonction d'agrégat LIGNE 16 : constructor_results_1.constructorresultsid,            ^"
769,"-- meta {""num_joins"":0,""num_aggregates"":1,""has_union"":false,""has_intersect"":false,""has_negation"":false} select constructors_1.constructorid, constructors_1.nationality, count(*), constructors_1.name , provsql.sr_why(provsql.provenance(), 'provmap') from constructors as constructors_1 where constructors_1.nationality is not NULL group by constructors_1.constructorid, constructors_1.name, constructors_1.nationality limit 24;",YES,""
770,"-- meta {""num_joins"":0,""num_aggregates"":0,""has_union"":false,""has_intersect"":false,""has_negation"":true} (select constructors_1.constructorref , provsql.sr_why(provsql.provenance(), 'provmap') from constructors as constructors_1 where constructors_1.name is not NULL limit 30) EXCEPT (select min( qualifying_1.date) , provsql.sr_why(provsql.provenance(), 'provmap') from qualifying as qualifying_1 where qualifying_1.date = qualifying_1.date limit 33);",NO,"ERREUR:  les EXCEPT types text et timestamp without time zone ne peuvent pas correspondre LIGNE 9 : min(           ^"
771,"-- meta {""num_joins"":3,""num_aggregates"":1,""has_union"":false,""has_intersect"":false,""has_negation"":false} select constructors_1.constructorid, max( constructor_results_1.points), races_1.name, constructors_1.constructorref, constructors_1.name, standings_1.raceid, standings_1.date , provsql.sr_why(provsql.provenance(), 'provmap') from races as races_1 inner join constructor_results as constructor_results_1 on (races_1.raceid = constructor_results_1.constructorresultsid ) inner join standings as standings_1 inner join constructors as constructors_1 on (standings_1.driverstandingsid = constructors_1.constructorid ) on (races_1.raceid = constructors_1.constructorid ) where races_1.time < races_1.name group by constructors_1.constructorid, constructors_1.constructorref, constructors_1.name, races_1.name, standings_1.date, standings_1.raceid limit 25;",YES,""
772,"-- meta {""num_joins"":0,""num_aggregates"":0,""has_union"":false,""has_intersect"":false,""has_negation"":true} (select qualifying_1.number, qualifying_1.qualifyid , provsql.sr_why(provsql.provenance(), 'provmap') from qualifying as qualifying_1 where qualifying_1.date is not NULL limit 15) EXCEPT (select races_1.circuitid, races_1.round , provsql.sr_why(provsql.provenance(), 'provmap') from races as races_1 where races_1.circuitid is not NULL limit 3);",YES,""
773,"-- meta {""num_joins"":1,""num_aggregates"":1,""has_union"":false,""has_intersect"":false,""has_negation"":true} (select constructors_1.name, constructors_1.constructorid, constructors_1.constructorref , provsql.sr_why(provsql.provenance(), 'provmap') from constructors as constructors_1 where constructors_1.constructorref is not NULL limit 7) EXCEPT (select max( standings_1.date), standings_1.driverid, avg( standings_1.raceid) , provsql.sr_why(provsql.provenance(), 'provmap') from standings as standings_1 inner join standings as standings_2 on (standings_1.driverstandingsid = standings_2.driverstandingsid ) where standings_2.driverstandingsid > standings_1.raceid group by standings_1.driverid, standings_1.driverstandingsid, standings_2.date, standings_2.driverid, standings_2.points, standings_2.position, standings_2.wins limit 32);",NO,"ERREUR:  les EXCEPT types text et timestamp without time zone ne peuvent pas correspondre LIGNE 11 : max(            ^"
774,"-- meta {""num_joins"":3,""num_aggregates"":2,""has_union"":false,""has_intersect"":true,""has_negation"":false} (select drivers_1.driverid, count(*) , provsql.sr_why(provsql.provenance(), 'provmap') from drivers as drivers_1 inner join races as races_1 on (drivers_1.driverid = races_1.raceid ) inner join standings as standings_1 inner join circuits as circuits_1 on (standings_1.driverstandingsid = circuits_1.circuitid ) on (races_1.raceid = standings_1.driverstandingsid ) where circuits_1.name is not NULL group by drivers_1.driverid limit 40) INTERSECT (select constructor_results_1.constructorresultsid, max( constructor_results_1.raceid) , provsql.sr_why(provsql.provenance(), 'provmap') from constructor_results as constructor_results_1 where constructor_results_1.constructorid is not NULL group by constructor_results_1.points, constructor_results_1.raceid limit 18);",NO,"ERREUR:  la colonne « constructor_results_1.constructorresultsid » doit apparaître dans la clause GROUP BY ou doit être utilisé dans une fonction d'agrégat LIGNE 17 : constructor_results_1.constructorresultsid,            ^"
775,"-- meta {""num_joins"":2,""num_aggregates"":2,""has_union"":false,""has_intersect"":false,""has_negation"":true} (select max( drivers_1.dob), constructors_1.constructorref , provsql.sr_why(provsql.provenance(), 'provmap') from constructors as constructors_1 inner join standings as standings_1 inner join drivers as drivers_1 on (standings_1.driverstandingsid = drivers_1.driverid ) on (constructors_1.constructorid = drivers_1.driverid ) where constructors_1.constructorref is not NULL group by constructors_1.constructorref limit 24) EXCEPT (select min( races_1.date), races_1.time , provsql.sr_why(provsql.provenance(), 'provmap') from races as races_1 where races_1.round is not NULL group by races_1.circuitid limit 7);",NO,"ERREUR:  la colonne « races_1.time » doit apparaître dans la clause GROUP BY ou doit être utilisé dans une fonction d'agrégat LIGNE 18 : races_1.time            ^"
776,"-- meta {""num_joins"":0,""num_aggregates"":1,""has_union"":false,""has_intersect"":true,""has_negation"":false} (select constructor_standings_1.constructorstandingsid , provsql.sr_why(provsql.provenance(), 'provmap') from constructor_standings as constructor_standings_1 where constructor_standings_1.wins is not NULL limit 29) INTERSECT (select races_1.round , provsql.sr_why(provsql.provenance(), 'provmap') from races as races_1 where races_1.round is not NULL group by races_1.circuitid, races_1.date, races_1.name, races_1.raceid, races_1.time, races_1.year limit 36);",NO,"ERREUR:  Set operations other than UNION and EXCEPT not supported by provsql"
777,"-- meta {""num_joins"":0,""num_aggregates"":0,""has_union"":false,""has_intersect"":false,""has_negation"":false} select circuits_1.name, circuits_1.lat, circuits_1.circuitref, circuits_1.lng , provsql.sr_why(provsql.provenance(), 'provmap') from circuits as circuits_1 where circuits_1.location is not NULL limit 29;",YES,""
778,"-- meta {""num_joins"":1,""num_aggregates"":2,""has_union"":false,""has_intersect"":false,""has_negation"":true} (select qualifying_1.driverid, qualifying_1.date, qualifying_1.qualifyid, sum( qualifying_1.constructorid), qualifying_1.raceid , provsql.sr_why(provsql.provenance(), 'provmap') from qualifying as qualifying_1 inner join standings as standings_1 on (qualifying_1.qualifyid = standings_1.driverstandingsid ) where qualifying_1.raceid is not NULL group by qualifying_1.date, qualifying_1.driverid, qualifying_1.qualifyid, qualifying_1.raceid limit 11) EXCEPT (select constructors_1.constructorid, count(*), avg( constructors_1.constructorid), sum( constructors_1.constructorid), constructors_1.constructorid , provsql.sr_why(provsql.provenance(), 'provmap') from constructors as constructors_1 where constructors_1.name is not NULL group by constructors_1.constructorid, constructors_1.nationality limit 20);",NO,"ERREUR:  les EXCEPT types timestamp without time zone et bigint ne peuvent pas correspondre LIGNE 18 : count(*),            ^"
779,"-- meta {""num_joins"":0,""num_aggregates"":2,""has_union"":true,""has_intersect"":false,""has_negation"":false} (select constructors_1.constructorid, constructors_1.nationality, constructors_1.name, count( constructors_1.nationality), constructors_1.constructorref , provsql.sr_why(provsql.provenance(), 'provmap') from constructors as constructors_1 where constructors_1.name is not NULL group by constructors_1.constructorid, constructors_1.constructorref, constructors_1.name, constructors_1.nationality limit 34) UNION (select standings_1.wins, sum( standings_1.driverid), min( standings_1.points), count( standings_1.points), max( standings_1.points) , provsql.sr_why(provsql.provenance(), 'provmap') from standings as standings_1 where standings_1.points >= standings_1.points group by standings_1.driverid, standings_1.driverstandingsid, standings_1.position limit 42);",NO,"ERREUR:  les UNION types text et numeric ne peuvent pas correspondre LIGNE 16 : sum(            ^"
780,"-- meta {""num_joins"":1,""num_aggregates"":0,""has_union"":false,""has_intersect"":false,""has_negation"":true} (select races_1.year , provsql.sr_why(provsql.provenance(), 'provmap') from races as races_1 inner join results as results_1 on (races_1.raceid = results_1.resultid ) where results_1.grid is not NULL limit 25) EXCEPT (select min( standings_1.points) , provsql.sr_why(provsql.provenance(), 'provmap') from standings as standings_1 where standings_1.points is not NULL limit 10);",NO,"ERREUR:  l'attribut 1 de type record a un mauvais type DÉTAIL : La table a le type provsql.agg_token alors que la requête attend double precision."
781,"-- meta {""num_joins"":0,""num_aggregates"":3,""has_union"":false,""has_intersect"":true,""has_negation"":false} (select constructor_results_1.constructorid, constructor_results_1.points, constructor_results_1.raceid, sum( constructor_results_1.points), constructor_results_1.date, count( constructor_results_1.constructorresultsid) , provsql.sr_why(provsql.provenance(), 'provmap') from constructor_results as constructor_results_1 where constructor_results_1.constructorid is not NULL group by constructor_results_1.constructorid, constructor_results_1.date, constructor_results_1.points, constructor_results_1.raceid limit 25) INTERSECT (select constructor_results_2.constructorresultsid, constructor_results_2.points, constructor_results_2.constructorresultsid, min( constructor_results_2.points), constructor_results_2.date, max( constructor_results_2.raceid) , provsql.sr_why(provsql.provenance(), 'provmap') from constructor_results as constructor_results_2 where constructor_results_2.raceid is not NULL group by constructor_results_2.constructorresultsid limit 25);",NO,"ERREUR:  Set operations other than UNION and EXCEPT not supported by provsql"
782,"-- meta {""num_joins"":2,""num_aggregates"":0,""has_union"":false,""has_intersect"":false,""has_negation"":true} (select circuits_1.name, circuits_1.alt, circuits_1.lng , provsql.sr_why(provsql.provenance(), 'provmap') from circuits as circuits_1 where circuits_1.country is not NULL limit 5) EXCEPT (select races_1.time, standings_1.points, min( standings_1.points) , provsql.sr_why(provsql.provenance(), 'provmap') from races as races_1 inner join standings as standings_1 on (races_1.raceid = standings_1.driverstandingsid ) inner join constructors as constructors_1 on (races_1.raceid = constructors_1.constructorid ) where standings_1.driverstandingsid is not NULL limit 9);",NO,"ERREUR:  la colonne « races_1.time » doit apparaître dans la clause GROUP BY ou doit être utilisé dans une fonction d'agrégat LIGNE 11 : races_1.time,            ^"
783,"-- meta {""num_joins"":0,""num_aggregates"":2,""has_union"":false,""has_intersect"":false,""has_negation"":true} (select constructor_results_1.constructorresultsid, max( constructor_results_1.points) , provsql.sr_why(provsql.provenance(), 'provmap') from constructor_results as constructor_results_1 where constructor_results_1.points <= constructor_results_1.points group by constructor_results_1.constructorresultsid limit 7) EXCEPT (select constructor_results_2.constructorresultsid, avg( constructor_results_2.points) , provsql.sr_why(provsql.provenance(), 'provmap') from constructor_results as constructor_results_2 where constructor_results_2.constructorresultsid is not NULL group by constructor_results_2.points limit 18);",NO,"ERREUR:  la colonne « constructor_results_2.constructorresultsid » doit apparaître dans la clause GROUP BY ou doit être utilisé dans une fonction d'agrégat LIGNE 12 : constructor_results_2.constructorresultsid,            ^"
784,"-- meta {""num_joins"":0,""num_aggregates"":0,""has_union"":false,""has_intersect"":false,""has_negation"":true} (select results_1.number , provsql.sr_why(provsql.provenance(), 'provmap') from results as results_1 where results_1.date >= results_1.date limit 13) EXCEPT (select results_2.rank , provsql.sr_why(provsql.provenance(), 'provmap') from results as results_2 where results_2.grid is not NULL limit 18);",YES,""
785,"-- meta {""num_joins"":4,""num_aggregates"":0,""has_union"":false,""has_intersect"":true,""has_negation"":false} (select qualifying_1.constructorid, qualifying_1.date, constructors_1.constructorid , provsql.sr_why(provsql.provenance(), 'provmap') from constructor_standings as constructor_standings_1 inner join qualifying as qualifying_1 on (constructor_standings_1.constructorstandingsid = qualifying_1.qualifyid ) inner join circuits as circuits_1 inner join circuits as circuits_2 on (circuits_1.circuitid = circuits_2.circuitid ) on (qualifying_1.qualifyid = circuits_2.circuitid ) inner join constructors as constructors_1 on (circuits_1.circuitid = constructors_1.constructorid ) where qualifying_1.constructorid is not NULL limit 16) INTERSECT (select standings_1.raceid, standings_1.date, standings_1.position , provsql.sr_why(provsql.provenance(), 'provmap') from standings as standings_1 where standings_1.driverstandingsid is not NULL limit 7);",NO,"ERREUR:  Set operations other than UNION and EXCEPT not supported by provsql"
786,"-- meta {""num_joins"":0,""num_aggregates"":2,""has_union"":false,""has_intersect"":true,""has_negation"":false} (select sum( constructors_1.constructorid), constructors_1.nationality, min( constructors_1.constructorid), constructors_1.name, constructors_1.constructorref , provsql.sr_why(provsql.provenance(), 'provmap') from constructors as constructors_1 where constructors_1.constructorid is not NULL group by constructors_1.constructorref, constructors_1.name, constructors_1.nationality limit 37) INTERSECT (select sum( drivers_1.driverid), drivers_1.surname, min( drivers_1.driverid), drivers_1.code, drivers_1.driverref , provsql.sr_why(provsql.provenance(), 'provmap') from drivers as drivers_1 where drivers_1.dob = drivers_1.dob limit 26);",NO,"ERREUR:  la colonne « drivers_1.surname » doit apparaître dans la clause GROUP BY ou doit être utilisé dans une fonction d'agrégat LIGNE 18 : drivers_1.surname,            ^"
787,"-- meta {""num_joins"":0,""num_aggregates"":0,""has_union"":true,""has_intersect"":false,""has_negation"":false} (select standings_1.driverid , provsql.sr_why(provsql.provenance(), 'provmap') from standings as standings_1 where standings_1.raceid is not NULL limit 10) UNION (select sum( constructor_standings_1.points) , provsql.sr_why(provsql.provenance(), 'provmap') from constructor_standings as constructor_standings_1 where constructor_standings_1.constructorid is not NULL limit 40);",NO,"ERREUR:  UNION/INTERSECT/EXCEPT n'a pas pu convertir le type provsql.agg_token en double precision"
788,"-- meta {""num_joins"":2,""num_aggregates"":0,""has_union"":true,""has_intersect"":false,""has_negation"":false} (select constructor_results_1.raceid, constructor_results_1.constructorid , provsql.sr_why(provsql.provenance(), 'provmap') from constructor_results as constructor_results_1 inner join qualifying as qualifying_1 on (constructor_results_1.constructorresultsid = qualifying_1.qualifyid ) where constructor_results_1.points <= constructor_results_1.points limit 27) UNION (select constructor_results_2.raceid, constructor_standings_1.raceid , provsql.sr_why(provsql.provenance(), 'provmap') from constructor_results as constructor_results_2 inner join constructor_standings as constructor_standings_1 on (constructor_results_2.constructorresultsid = constructor_standings_1.constructorstandingsid ) where constructor_standings_1.constructorid is not NULL limit 27);",YES,""
789,"-- meta {""num_joins"":0,""num_aggregates"":0,""has_union"":true,""has_intersect"":false,""has_negation"":false} (select qualifying_1.constructorid, qualifying_1.position, qualifying_1.number , provsql.sr_why(provsql.provenance(), 'provmap') from qualifying as qualifying_1 where qualifying_1.position is not NULL limit 2) UNION (select max( standings_1.date), standings_1.raceid, standings_1.raceid , provsql.sr_why(provsql.provenance(), 'provmap') from standings as standings_1 where standings_1.points is not NULL limit 7);",NO,"ERREUR:  la colonne « standings_1.raceid » doit apparaître dans la clause GROUP BY ou doit être utilisé dans une fonction d'agrégat LIGNE 13 : standings_1.raceid,            ^"
790,"-- meta {""num_joins"":1,""num_aggregates"":0,""has_union"":true,""has_intersect"":false,""has_negation"":false} (select standings_1.raceid, standings_1.driverstandingsid , provsql.sr_why(provsql.provenance(), 'provmap') from standings as standings_1 where standings_1.driverid is not NULL limit 15) UNION (select qualifying_1.position, qualifying_1.qualifyid , provsql.sr_why(provsql.provenance(), 'provmap') from races as races_1 inner join qualifying as qualifying_1 on (races_1.raceid = qualifying_1.qualifyid ) where races_1.date is not NULL limit 24);",YES,""
791,"-- meta {""num_joins"":3,""num_aggregates"":4,""has_union"":false,""has_intersect"":false,""has_negation"":true} (select qualifying_1.driverid, max( qualifying_1.constructorid), min( qualifying_1.qualifyid), circuits_1.name, qualifying_1.raceid, qualifying_1.position, max( circuits_1.lng), circuits_1.country, circuits_1.alt, sum( circuits_1.lng), qualifying_1.constructorid, qualifying_1.number , provsql.sr_why(provsql.provenance(), 'provmap') from qualifying as qualifying_1 inner join circuits as circuits_1 on (qualifying_1.qualifyid = circuits_1.circuitid ) where circuits_1.circuitref < circuits_1.country group by circuits_1.alt, circuits_1.country, circuits_1.name, qualifying_1.constructorid, qualifying_1.driverid, qualifying_1.number, qualifying_1.position, qualifying_1.raceid limit 35) EXCEPT (select constructor_standings_1.position, min( constructor_results_1.constructorid), max( constructor_standings_1.constructorid), circuits_2.name, constructor_standings_1.constructorid, circuits_2.circuitid, sum( circuits_2.lng), max( circuits_2.lng), count(*), min( circuits_2.lat), min( circuits_2.alt), circuits_2.circuitid , provsql.sr_why(provsql.provenance(), 'provmap') from constructor_results as constructor_results_1 inner join circuits as circuits_2 on (constructor_results_1.constructorresultsid = circuits_2.circuitid ) inner join constructor_standings as constructor_standings_1 on (constructor_results_1.constructorresultsid = constructor_standings_1.constructorstandingsid ) where constructor_standings_1.constructorid is not NULL limit 3);",NO,"ERREUR:  la colonne « constructor_standings_1.position » doit apparaître dans la clause GROUP BY ou doit être utilisé dans une fonction d'agrégat LIGNE 27 : constructor_standings_1.position,            ^"
792,"-- meta {""num_joins"":0,""num_aggregates"":3,""has_union"":true,""has_intersect"":false,""has_negation"":false} (select races_1.date, races_1.year, min( races_1.date), races_1.circuitid, races_1.time, max( races_1.raceid), min( races_1.date) , provsql.sr_why(provsql.provenance(), 'provmap') from races as races_1 where races_1.time <= races_1.name group by races_1.circuitid, races_1.date, races_1.time, races_1.year limit 36) UNION (select qualifying_1.date, qualifying_1.driverid, max( qualifying_1.date), qualifying_1.position, min( qualifying_1.constructorid), count(*), max( qualifying_1.date) , provsql.sr_why(provsql.provenance(), 'provmap') from qualifying as qualifying_1 where qualifying_1.raceid is not NULL limit 8);",NO,"ERREUR:  la colonne « qualifying_1.date » doit apparaître dans la clause GROUP BY ou doit être utilisé dans une fonction d'agrégat LIGNE 19 : qualifying_1.date,            ^"
793,"-- meta {""num_joins"":0,""num_aggregates"":0,""has_union"":false,""has_intersect"":false,""has_negation"":false} select constructor_results_1.constructorid , provsql.sr_why(provsql.provenance(), 'provmap') from constructor_results as constructor_results_1 where constructor_results_1.constructorresultsid is not NULL limit 8;",YES,""
794,"-- meta {""num_joins"":0,""num_aggregates"":4,""has_union"":false,""has_intersect"":true,""has_negation"":false} (select min( standings_1.date), standings_1.driverid, avg( standings_1.points), standings_1.position, standings_1.raceid, count( standings_1.wins), standings_1.points , provsql.sr_why(provsql.provenance(), 'provmap') from standings as standings_1 where standings_1.driverid is not NULL group by standings_1.driverid, standings_1.points, standings_1.position, standings_1.raceid limit 13) INTERSECT (select max( standings_2.date), standings_2.driverstandingsid, sum( standings_2.points), standings_2.raceid, standings_2.wins, count( standings_2.wins), standings_2.points , provsql.sr_why(provsql.provenance(), 'provmap') from standings as standings_2 where standings_2.position >= standings_2.wins group by standings_2.driverid, standings_2.driverstandingsid, standings_2.points, standings_2.wins limit 21);",NO,"ERREUR:  Set operations other than UNION and EXCEPT not supported by provsql"
795,"-- meta {""num_joins"":1,""num_aggregates"":1,""has_union"":false,""has_intersect"":true,""has_negation"":false} (select results_1.laps, results_1.statusid, results_1.rank, results_1.grid, max( results_1.milliseconds) , provsql.sr_why(provsql.provenance(), 'provmap') from results as results_1 where results_1.number is not NULL group by results_1.grid, results_1.laps, results_1.rank, results_1.statusid limit 7) INTERSECT (select circuits_1.circuitid, constructors_1.constructorid, circuits_1.lng, circuits_1.circuitid, sum( circuits_1.alt) , provsql.sr_why(provsql.provenance(), 'provmap') from circuits as circuits_1 inner join constructors as constructors_1 on (circuits_1.circuitid = constructors_1.constructorid ) where constructors_1.name <= circuits_1.circuitref limit 15);",NO,"ERREUR:  la colonne « circuits_1.circuitid » doit apparaître dans la clause GROUP BY ou doit être utilisé dans une fonction d'agrégat LIGNE 15 : circuits_1.circuitid,            ^"
796,"-- meta {""num_joins"":1,""num_aggregates"":2,""has_union"":false,""has_intersect"":false,""has_negation"":true} (select max( circuits_1.lat), circuits_1.circuitid, constructor_standings_1.constructorid , provsql.sr_why(provsql.provenance(), 'provmap') from circuits as circuits_1 inner join constructor_standings as constructor_standings_1 on (circuits_1.circuitid = constructor_standings_1.constructorstandingsid ) where constructor_standings_1.constructorid is not NULL group by circuits_1.circuitid, constructor_standings_1.constructorid limit 12) EXCEPT (select max( constructor_standings_2.points), constructor_standings_2.position, constructor_standings_2.wins , provsql.sr_why(provsql.provenance(), 'provmap') from constructor_standings as constructor_standings_2 where constructor_standings_2.constructorid is not NULL group by constructor_standings_2.date, constructor_standings_2.raceid limit 20);",NO,"ERREUR:  la colonne « constructor_standings_2.position » doit apparaître dans la clause GROUP BY ou doit être utilisé dans une fonction d'agrégat LIGNE 17 : constructor_standings_2.position,            ^"
797,"-- meta {""num_joins"":1,""num_aggregates"":1,""has_union"":false,""has_intersect"":true,""has_negation"":false} (select qualifying_1.raceid, standings_1.date, qualifying_1.driverid, min( qualifying_1.date), qualifying_1.date, qualifying_1.position, qualifying_1.constructorid , provsql.sr_why(provsql.provenance(), 'provmap') from qualifying as qualifying_1 inner join standings as standings_1 on (qualifying_1.qualifyid = standings_1.driverstandingsid ) where qualifying_1.constructorid is not NULL group by qualifying_1.constructorid, qualifying_1.date, qualifying_1.driverid, qualifying_1.position, qualifying_1.raceid, standings_1.date limit 15) INTERSECT (select results_1.driverid, results_1.date, results_1.grid, min( results_1.date), results_1.date, results_1.resultid, results_1.laps , provsql.sr_why(provsql.provenance(), 'provmap') from results as results_1 where results_1.rank is not NULL limit 32);",NO,"ERREUR:  la colonne « results_1.driverid » doit apparaître dans la clause GROUP BY ou doit être utilisé dans une fonction d'agrégat LIGNE 19 : results_1.driverid,            ^"
798,"-- meta {""num_joins"":3,""num_aggregates"":0,""has_union"":false,""has_intersect"":false,""has_negation"":false} select races_1.time, drivers_1.nationality , provsql.sr_why(provsql.provenance(), 'provmap') from drivers as drivers_1 inner join constructors as constructors_1 inner join races as races_1 on (constructors_1.constructorid = races_1.raceid ) inner join circuits as circuits_1 on (constructors_1.constructorid = circuits_1.circuitid ) on (drivers_1.driverid = circuits_1.circuitid ) where drivers_1.driverid is not NULL limit 26;",YES,""
799,"-- meta {""num_joins"":4,""num_aggregates"":0,""has_union"":false,""has_intersect"":true,""has_negation"":false} (select qualifying_1.number, qualifying_1.position, drivers_1.surname, qualifying_1.date , provsql.sr_why(provsql.provenance(), 'provmap') from standings as standings_1 inner join qualifying as qualifying_1 inner join drivers as drivers_1 on (qualifying_1.qualifyid = drivers_1.driverid ) inner join drivers as drivers_2 on (drivers_1.driverid = drivers_2.driverid ) inner join qualifying as qualifying_2 on (drivers_1.driverid = qualifying_2.qualifyid ) on (standings_1.driverstandingsid = qualifying_1.qualifyid ) where qualifying_1.date > drivers_2.dob limit 17) INTERSECT (select standings_2.driverid, standings_2.position, max( standings_2.date), standings_2.date , provsql.sr_why(provsql.provenance(), 'provmap') from standings as standings_2 where standings_2.wins is not NULL limit 38);",NO,"ERREUR:  la colonne « standings_2.driverid » doit apparaître dans la clause GROUP BY ou doit être utilisé dans une fonction d'agrégat LIGNE 20 : standings_2.driverid,            ^"
800,"-- meta {""num_joins"":0,""num_aggregates"":4,""has_union"":false,""has_intersect"":false,""has_negation"":true} (select avg( circuits_1.lat), circuits_1.circuitid , provsql.sr_why(provsql.provenance(), 'provmap') from circuits as circuits_1 where circuits_1.circuitref is not NULL group by circuits_1.circuitid limit 33) EXCEPT (select avg( constructor_results_1.points), constructor_results_1.constructorresultsid , provsql.sr_why(provsql.provenance(), 'provmap') from constructor_results as constructor_results_1 where constructor_results_1.date is not NULL group by constructor_results_1.constructorresultsid, constructor_results_1.date, constructor_results_1.points, constructor_results_1.raceid limit 5);",NO,"ERREUR:  provenance() called on a table without provenance"
801,"-- meta {""num_joins"":0,""num_aggregates"":2,""has_union"":false,""has_intersect"":false,""has_negation"":true} (select standings_1.driverid , provsql.sr_why(provsql.provenance(), 'provmap') from standings as standings_1 where standings_1.driverstandingsid is not NULL limit 30) EXCEPT (select qualifying_1.position , provsql.sr_why(provsql.provenance(), 'provmap') from qualifying as qualifying_1 where qualifying_1.number < qualifying_1.position group by qualifying_1.constructorid, qualifying_1.position, qualifying_1.raceid limit 40);",YES,""
802,"-- meta {""num_joins"":1,""num_aggregates"":0,""has_union"":false,""has_intersect"":true,""has_negation"":false} (select constructors_1.constructorref, constructors_1.nationality, constructors_1.name , provsql.sr_why(provsql.provenance(), 'provmap') from constructors as constructors_1 where constructors_1.name is not NULL limit 30) INTERSECT (select sum( qualifying_1.raceid), max( qualifying_1.date), max( constructor_results_1.points) , provsql.sr_why(provsql.provenance(), 'provmap') from constructor_results as constructor_results_1 inner join qualifying as qualifying_1 on (constructor_results_1.constructorresultsid = qualifying_1.qualifyid ) where qualifying_1.date >= constructor_results_1.date limit 2);",NO,"ERREUR:  les INTERSECT types text et numeric ne peuvent pas correspondre LIGNE 11 : sum(            ^"
803,"-- meta {""num_joins"":0,""num_aggregates"":0,""has_union"":false,""has_intersect"":true,""has_negation"":false} (select circuits_1.lat, circuits_1.alt , provsql.sr_why(provsql.provenance(), 'provmap') from circuits as circuits_1 where circuits_1.lng is not NULL limit 14) INTERSECT (select count( races_1.year), count(*) , provsql.sr_why(provsql.provenance(), 'provmap') from races as races_1 where races_1.time is not NULL limit 26);",NO,"ERREUR:  Set operations other than UNION and EXCEPT not supported by provsql"
804,"-- meta {""num_joins"":2,""num_aggregates"":0,""has_union"":true,""has_intersect"":false,""has_negation"":false} (select drivers_1.driverref, drivers_1.forename, drivers_1.code , provsql.sr_why(provsql.provenance(), 'provmap') from constructor_standings as constructor_standings_1 inner join drivers as drivers_1 on (constructor_standings_1.constructorstandingsid = drivers_1.driverid ) where constructor_standings_1.points < constructor_standings_1.points limit 18) UNION (select constructors_1.constructorref, sum( constructor_results_1.constructorid), constructors_1.name , provsql.sr_why(provsql.provenance(), 'provmap') from constructor_results as constructor_results_1 inner join constructors as constructors_1 on (constructor_results_1.constructorresultsid = constructors_1.constructorid ) where constructor_results_1.raceid is not NULL limit 31);",NO,"ERREUR:  la colonne « constructors_1.constructorref » doit apparaître dans la clause GROUP BY ou doit être utilisé dans une fonction d'agrégat LIGNE 13 : constructors_1.constructorref,            ^"
805,"-- meta {""num_joins"":0,""num_aggregates"":0,""has_union"":false,""has_intersect"":true,""has_negation"":false} (select results_1.grid , provsql.sr_why(provsql.provenance(), 'provmap') from results as results_1 where results_1.constructorid is not NULL limit 15) INTERSECT (select constructors_1.constructorid , provsql.sr_why(provsql.provenance(), 'provmap') from constructors as constructors_1 where constructors_1.constructorref is not NULL limit 13);",NO,"ERREUR:  Set operations other than UNION and EXCEPT not supported by provsql"
806,"-- meta {""num_joins"":0,""num_aggregates"":3,""has_union"":true,""has_intersect"":false,""has_negation"":false} (select standings_1.wins, max( standings_1.date), standings_1.driverstandingsid, standings_1.position, standings_1.points, standings_1.driverid , provsql.sr_why(provsql.provenance(), 'provmap') from standings as standings_1 where standings_1.points is not NULL group by standings_1.driverid, standings_1.driverstandingsid, standings_1.points, standings_1.position, standings_1.wins limit 17) UNION (select constructor_results_1.constructorid, min( constructor_results_1.date), constructor_results_1.constructorresultsid, constructor_results_1.constructorresultsid, constructor_results_1.points, constructor_results_1.constructorid , provsql.sr_why(provsql.provenance(), 'provmap') from constructor_results as constructor_results_1 where constructor_results_1.points < constructor_results_1.points group by constructor_results_1.constructorid, constructor_results_1.date, constructor_results_1.points, constructor_results_1.raceid limit 18);",NO,"ERREUR:  la colonne « constructor_results_1.constructorresultsid » doit apparaître dans la clause GROUP BY ou doit être utilisé dans une fonction d'agrégat LIGNE 19 : constructor_results_1.constructorresultsid,            ^"
807,"-- meta {""num_joins"":3,""num_aggregates"":4,""has_union"":false,""has_intersect"":true,""has_negation"":false} (select constructor_results_1.constructorresultsid, constructors_1.constructorref , provsql.sr_why(provsql.provenance(), 'provmap') from constructor_standings as constructor_standings_1 inner join constructors as constructors_1 inner join constructor_results as constructor_results_1 on (constructors_1.constructorid = constructor_results_1.constructorresultsid ) on (constructor_standings_1.constructorstandingsid = constructor_results_1.constructorresultsid ) where constructor_results_1.raceid is not NULL limit 37) INTERSECT (select constructor_results_2.constructorid, circuits_1.location , provsql.sr_why(provsql.provenance(), 'provmap') from constructor_results as constructor_results_2 inner join circuits as circuits_1 on (constructor_results_2.constructorresultsid = circuits_1.circuitid ) where constructor_results_2.date is not NULL group by circuits_1.alt, circuits_1.country, constructor_results_2.points limit 25);",NO,"ERREUR:  la colonne « constructor_results_2.constructorid » doit apparaître dans la clause GROUP BY ou doit être utilisé dans une fonction d'agrégat LIGNE 14 : constructor_results_2.constructorid,            ^"
808,"-- meta {""num_joins"":4,""num_aggregates"":0,""has_union"":false,""has_intersect"":false,""has_negation"":true} (select drivers_1.dob, drivers_1.surname , provsql.sr_why(provsql.provenance(), 'provmap') from qualifying as qualifying_1 inner join constructor_results as constructor_results_1 on (qualifying_1.qualifyid = constructor_results_1.constructorresultsid ) inner join drivers as drivers_1 inner join constructor_standings as constructor_standings_1 on (drivers_1.driverid = constructor_standings_1.constructorstandingsid ) inner join constructor_standings as constructor_standings_2 on (drivers_1.driverid = constructor_standings_2.constructorstandingsid ) on (qualifying_1.qualifyid = constructor_standings_1.constructorstandingsid ) where drivers_1.driverref < drivers_1.code limit 17) EXCEPT (select min( races_1.year), max( races_1.round) , provsql.sr_why(provsql.provenance(), 'provmap') from races as races_1 where races_1.year is not NULL limit 6);",NO,"ERREUR:  les EXCEPT types timestamp without time zone et bigint ne peuvent pas correspondre LIGNE 18 : min(            ^"
809,"-- meta {""num_joins"":1,""num_aggregates"":0,""has_union"":false,""has_intersect"":true,""has_negation"":false} (select qualifying_1.date, qualifying_1.position, results_1.resultid, results_1.fastestlap, results_1.date , provsql.sr_why(provsql.provenance(), 'provmap') from results as results_1 inner join qualifying as qualifying_1 on (results_1.resultid = qualifying_1.qualifyid ) where results_1.constructorid is not NULL limit 35) INTERSECT (select constructor_results_1.date, constructor_results_1.constructorid, constructor_results_1.constructorid, constructor_results_1.points, constructor_results_1.date , provsql.sr_why(provsql.provenance(), 'provmap') from constructor_results as constructor_results_1 where constructor_results_1.date >= constructor_results_1.date limit 8);",NO,"ERREUR:  Set operations other than UNION and EXCEPT not supported by provsql"
810,"-- meta {""num_joins"":3,""num_aggregates"":0,""has_union"":false,""has_intersect"":true,""has_negation"":false} (select constructor_results_1.constructorresultsid , provsql.sr_why(provsql.provenance(), 'provmap') from constructor_standings as constructor_standings_1 inner join constructor_results as constructor_results_1 on (constructor_standings_1.constructorstandingsid = constructor_results_1.constructorresultsid ) inner join circuits as circuits_1 on (constructor_standings_1.constructorstandingsid = circuits_1.circuitid ) inner join races as races_1 on (circuits_1.circuitid = races_1.raceid ) where races_1.year is not NULL limit 25) INTERSECT (select races_2.raceid , provsql.sr_why(provsql.provenance(), 'provmap') from races as races_2 where races_2.round is not NULL limit 13);",NO,"ERREUR:  Set operations other than UNION and EXCEPT not supported by provsql"
811,"-- meta {""num_joins"":2,""num_aggregates"":4,""has_union"":true,""has_intersect"":false,""has_negation"":false} (select results_1.date, qualifying_1.qualifyid , provsql.sr_why(provsql.provenance(), 'provmap') from constructor_results as constructor_results_1 inner join results as results_1 inner join qualifying as qualifying_1 on (results_1.resultid = qualifying_1.qualifyid ) on (constructor_results_1.constructorresultsid = results_1.resultid ) where results_1.milliseconds = results_1.rank limit 3) UNION (select count( circuits_1.name), circuits_1.circuitid , provsql.sr_why(provsql.provenance(), 'provmap') from circuits as circuits_1 where circuits_1.lat is not NULL group by circuits_1.alt, circuits_1.circuitid, circuits_1.country limit 23);",NO,"ERREUR:  les UNION types timestamp without time zone et bigint ne peuvent pas correspondre LIGNE 14 : count(            ^"
812,"-- meta {""num_joins"":1,""num_aggregates"":0,""has_union"":false,""has_intersect"":false,""has_negation"":true} (select constructor_results_1.constructorresultsid , provsql.sr_why(provsql.provenance(), 'provmap') from constructor_results as constructor_results_1 where constructor_results_1.raceid is not NULL limit 19) EXCEPT (select constructor_standings_1.raceid , provsql.sr_why(provsql.provenance(), 'provmap') from circuits as circuits_1 inner join constructor_standings as constructor_standings_1 on (circuits_1.circuitid = constructor_standings_1.constructorstandingsid ) where constructor_standings_1.date <= constructor_standings_1.date limit 27);",YES,""
813,"-- meta {""num_joins"":1,""num_aggregates"":0,""has_union"":false,""has_intersect"":false,""has_negation"":false} select circuits_1.location, results_1.milliseconds , provsql.sr_why(provsql.provenance(), 'provmap') from circuits as circuits_1 inner join results as results_1 on (circuits_1.circuitid = results_1.resultid ) where results_1.resultid > results_1.laps limit 4;",YES,""
814,"-- meta {""num_joins"":0,""num_aggregates"":2,""has_union"":false,""has_intersect"":false,""has_negation"":false} select qualifying_1.raceid, min( qualifying_1.date), qualifying_1.position, qualifying_1.constructorid, qualifying_1.date, qualifying_1.driverid, sum( qualifying_1.number) , provsql.sr_why(provsql.provenance(), 'provmap') from qualifying as qualifying_1 where qualifying_1.position is not NULL group by qualifying_1.constructorid, qualifying_1.date, qualifying_1.driverid, qualifying_1.position, qualifying_1.raceid limit 22;",YES,""
815,"-- meta {""num_joins"":0,""num_aggregates"":2,""has_union"":false,""has_intersect"":false,""has_negation"":false} select results_1.statusid, max( results_1.date), max( results_1.constructorid), results_1.resultid, results_1.grid , provsql.sr_why(provsql.provenance(), 'provmap') from results as results_1 where results_1.resultid is not NULL group by results_1.grid, results_1.resultid, results_1.statusid limit 29;",YES,""
816,"-- meta {""num_joins"":0,""num_aggregates"":1,""has_union"":false,""has_intersect"":true,""has_negation"":false} (select drivers_1.driverref , provsql.sr_why(provsql.provenance(), 'provmap') from drivers as drivers_1 where drivers_1.dob > drivers_1.dob limit 31) INTERSECT (select races_1.name , provsql.sr_why(provsql.provenance(), 'provmap') from races as races_1 where races_1.year is not NULL limit 25);",NO,"ERREUR:  Set operations other than UNION and EXCEPT not supported by provsql"
817,"-- meta {""num_joins"":2,""num_aggregates"":3,""has_union"":true,""has_intersect"":false,""has_negation"":false} (select races_1.round, races_1.year, max( races_1.raceid), avg( races_1.round), races_1.name, races_1.circuitid , provsql.sr_why(provsql.provenance(), 'provmap') from races as races_1 where races_1.year is not NULL group by races_1.circuitid, races_1.name, races_1.round, races_1.year limit 4) UNION (select constructor_results_1.constructorresultsid, constructor_results_1.raceid, count( constructors_2.constructorref), avg( constructor_results_1.raceid), constructors_2.name, constructors_2.constructorid , provsql.sr_why(provsql.provenance(), 'provmap') from constructor_results as constructor_results_1 inner join constructors as constructors_1 inner join constructors as constructors_2 on (constructors_1.constructorid = constructors_2.constructorid ) on (constructor_results_1.constructorresultsid = constructors_2.constructorid ) where constructors_1.nationality is not NULL group by constructor_results_1.date, constructors_1.name, constructors_2.constructorid, constructors_2.constructorref, constructors_2.nationality limit 22);",NO,"ERREUR:  la colonne « constructor_results_1.constructorresultsid » doit apparaître dans la clause GROUP BY ou doit être utilisé dans une fonction d'agrégat LIGNE 17 : constructor_results_1.constructorresultsid,            ^"
818,"-- meta {""num_joins"":0,""num_aggregates"":2,""has_union"":false,""has_intersect"":false,""has_negation"":true} (select min( results_1.date), results_1.statusid, count( results_1.fastestlap), results_1.constructorid, results_1.points , provsql.sr_why(provsql.provenance(), 'provmap') from results as results_1 where results_1.number = results_1.milliseconds group by results_1.constructorid, results_1.points, results_1.statusid limit 23) EXCEPT (select max( races_1.date), avg( races_1.year), min( races_1.year), min( races_1.date), min( races_1.year) , provsql.sr_why(provsql.provenance(), 'provmap') from races as races_1 where races_1.date is not NULL limit 34);",NO,"ERREUR:  les EXCEPT types bigint et timestamp without time zone ne peuvent pas correspondre LIGNE 22 : min(            ^"
819,"-- meta {""num_joins"":0,""num_aggregates"":6,""has_union"":false,""has_intersect"":true,""has_negation"":false} (select drivers_1.dob, max( drivers_1.dob), max( drivers_1.dob), count(*) , provsql.sr_why(provsql.provenance(), 'provmap') from drivers as drivers_1 where drivers_1.forename is not NULL group by drivers_1.dob limit 29) INTERSECT (select standings_1.date, min( standings_1.date), min( standings_1.date), count(*) , provsql.sr_why(provsql.provenance(), 'provmap') from standings as standings_1 where standings_1.date is not NULL group by standings_1.date, standings_1.driverid, standings_1.driverstandingsid, standings_1.position, standings_1.raceid, standings_1.wins limit 23);",NO,"ERREUR:  Set operations other than UNION and EXCEPT not supported by provsql"
820,"-- meta {""num_joins"":1,""num_aggregates"":1,""has_union"":true,""has_intersect"":false,""has_negation"":false} (select drivers_1.nationality, drivers_1.surname, drivers_1.dob, drivers_1.forename , provsql.sr_why(provsql.provenance(), 'provmap') from drivers as drivers_1 where drivers_1.code is not NULL limit 25) UNION (select races_1.name, races_1.name, races_1.date, max( constructor_standings_1.raceid) , provsql.sr_why(provsql.provenance(), 'provmap') from races as races_1 inner join constructor_standings as constructor_standings_1 on (races_1.raceid = constructor_standings_1.constructorstandingsid ) where races_1.round is not NULL group by constructor_standings_1.date, constructor_standings_1.position limit 10);",NO,"ERREUR:  la colonne « races_1.name » doit apparaître dans la clause GROUP BY ou doit être utilisé dans une fonction d'agrégat LIGNE 12 : races_1.name,            ^"
821,"-- meta {""num_joins"":0,""num_aggregates"":3,""has_union"":false,""has_intersect"":false,""has_negation"":true} (select avg( drivers_1.driverid), drivers_1.driverid, sum( drivers_1.driverid), drivers_1.dob, min( drivers_1.driverid), drivers_1.nationality , provsql.sr_why(provsql.provenance(), 'provmap') from drivers as drivers_1 where drivers_1.dob is not NULL group by drivers_1.dob, drivers_1.driverid, drivers_1.nationality limit 14) EXCEPT (select avg( qualifying_1.driverid), qualifying_1.raceid, avg( qualifying_1.raceid), qualifying_1.date, count( qualifying_1.driverid), min( qualifying_1.date) , provsql.sr_why(provsql.provenance(), 'provmap') from qualifying as qualifying_1 where qualifying_1.driverid is not NULL limit 7);",NO,"ERREUR:  la colonne « qualifying_1.raceid » doit apparaître dans la clause GROUP BY ou doit être utilisé dans une fonction d'agrégat LIGNE 20 : qualifying_1.raceid,            ^"
822,"-- meta {""num_joins"":1,""num_aggregates"":1,""has_union"":false,""has_intersect"":true,""has_negation"":false} (select qualifying_1.constructorid, qualifying_1.date, constructors_1.nationality, count( constructors_1.constructorid) , provsql.sr_why(provsql.provenance(), 'provmap') from qualifying as qualifying_1 inner join constructors as constructors_1 on (qualifying_1.qualifyid = constructors_1.constructorid ) where constructors_1.constructorref is not NULL group by constructors_1.nationality, qualifying_1.constructorid, qualifying_1.date limit 34) INTERSECT (select results_1.constructorid, max( results_1.date), max( results_1.constructorid), count(*) , provsql.sr_why(provsql.provenance(), 'provmap') from results as results_1 where results_1.constructorid is not NULL limit 13);",NO,"ERREUR:  la colonne « results_1.constructorid » doit apparaître dans la clause GROUP BY ou doit être utilisé dans une fonction d'agrégat LIGNE 16 : results_1.constructorid,            ^"
823,"-- meta {""num_joins"":3,""num_aggregates"":2,""has_union"":true,""has_intersect"":false,""has_negation"":false} (select constructor_standings_1.points , provsql.sr_why(provsql.provenance(), 'provmap') from results as results_1 inner join constructor_results as constructor_results_1 on (results_1.resultid = constructor_results_1.constructorresultsid ) inner join constructor_standings as constructor_standings_1 on (results_1.resultid = constructor_standings_1.constructorstandingsid ) inner join constructor_results as constructor_results_2 on (constructor_standings_1.constructorstandingsid = constructor_results_2.constructorresultsid ) where constructor_standings_1.wins > constructor_standings_1.position limit 14) UNION (select circuits_1.alt , provsql.sr_why(provsql.provenance(), 'provmap') from circuits as circuits_1 where circuits_1.lat is not NULL group by circuits_1.circuitref, circuits_1.country, circuits_1.lng, circuits_1.name limit 20);",NO,"ERREUR:  la colonne « circuits_1.alt » doit apparaître dans la clause GROUP BY ou doit être utilisé dans une fonction d'agrégat LIGNE 15 : circuits_1.alt            ^"
824,"-- meta {""num_joins"":1,""num_aggregates"":0,""has_union"":false,""has_intersect"":false,""has_negation"":false} select results_1.fastestlap, results_1.raceid, results_1.date , provsql.sr_why(provsql.provenance(), 'provmap') from constructors as constructors_1 inner join results as results_1 on (constructors_1.constructorid = results_1.resultid ) where results_1.date is not NULL limit 4;",YES,""
825,"-- meta {""num_joins"":2,""num_aggregates"":5,""has_union"":false,""has_intersect"":true,""has_negation"":false} (select constructors_1.constructorid , provsql.sr_why(provsql.provenance(), 'provmap') from constructors as constructors_1 inner join qualifying as qualifying_1 on (constructors_1.constructorid = qualifying_1.qualifyid ) where qualifying_1.date >= qualifying_1.date limit 32) INTERSECT (select qualifying_2.raceid , provsql.sr_why(provsql.provenance(), 'provmap') from standings as standings_1 inner join qualifying as qualifying_2 on (standings_1.driverstandingsid = qualifying_2.qualifyid ) where qualifying_2.constructorid is not NULL group by qualifying_2.constructorid, qualifying_2.date, qualifying_2.driverid, qualifying_2.number, qualifying_2.raceid, standings_1.driverid, standings_1.position limit 9);",NO,"ERREUR:  Set operations other than UNION and EXCEPT not supported by provsql"
826,"-- meta {""num_joins"":1,""num_aggregates"":1,""has_union"":false,""has_intersect"":true,""has_negation"":false} (select qualifying_1.raceid , provsql.sr_why(provsql.provenance(), 'provmap') from qualifying as qualifying_1 inner join qualifying as qualifying_2 on (qualifying_1.qualifyid = qualifying_2.qualifyid ) where qualifying_2.position is not NULL limit 16) INTERSECT (select constructors_1.constructorid , provsql.sr_why(provsql.provenance(), 'provmap') from constructors as constructors_1 where constructors_1.constructorref is not NULL group by constructors_1.constructorref limit 31);",NO,"ERREUR:  la colonne « constructors_1.constructorid » doit apparaître dans la clause GROUP BY ou doit être utilisé dans une fonction d'agrégat LIGNE 11 : constructors_1.constructorid            ^"
827,"-- meta {""num_joins"":0,""num_aggregates"":0,""has_union"":false,""has_intersect"":false,""has_negation"":false} select standings_1.wins, standings_1.points, standings_1.position, standings_1.driverid , provsql.sr_why(provsql.provenance(), 'provmap') from standings as standings_1 where standings_1.wins is not NULL limit 15;",YES,""
828,"-- meta {""num_joins"":0,""num_aggregates"":1,""has_union"":true,""has_intersect"":false,""has_negation"":false} (select sum( standings_1.driverstandingsid) , provsql.sr_why(provsql.provenance(), 'provmap') from standings as standings_1 where standings_1.wins is not NULL limit 39) UNION (select sum( standings_2.position) , provsql.sr_why(provsql.provenance(), 'provmap') from standings as standings_2 where standings_2.date < standings_2.date limit 39);",NO,"ERREUR:  UNION/INTERSECT/EXCEPT n'a pas pu convertir le type provsql.agg_token en numeric"
829,"-- meta {""num_joins"":0,""num_aggregates"":4,""has_union"":false,""has_intersect"":false,""has_negation"":false} select constructor_results_1.raceid, constructor_results_1.date, constructor_results_1.constructorid, min( constructor_results_1.points), constructor_results_1.constructorresultsid, max( constructor_results_1.raceid), constructor_results_1.points, max( constructor_results_1.date), max( constructor_results_1.date) , provsql.sr_why(provsql.provenance(), 'provmap') from constructor_results as constructor_results_1 where constructor_results_1.raceid is not NULL group by constructor_results_1.constructorid, constructor_results_1.constructorresultsid, constructor_results_1.date, constructor_results_1.points, constructor_results_1.raceid limit 15;",YES,""
830,"-- meta {""num_joins"":0,""num_aggregates"":3,""has_union"":true,""has_intersect"":false,""has_negation"":false} (select races_1.time, count( races_1.name), races_1.name, races_1.date, min( races_1.date), races_1.raceid, max( races_1.date) , provsql.sr_why(provsql.provenance(), 'provmap') from races as races_1 where races_1.time is not NULL group by races_1.date, races_1.name, races_1.raceid, races_1.time limit 26) UNION (select min( qualifying_1.position), count( qualifying_1.qualifyid), min( qualifying_1.date), qualifying_1.date, max( qualifying_1.date), count(*), min( qualifying_1.date) , provsql.sr_why(provsql.provenance(), 'provmap') from qualifying as qualifying_1 where qualifying_1.qualifyid is not NULL limit 25);",NO,"ERREUR:  la colonne « qualifying_1.date » doit apparaître dans la clause GROUP BY ou doit être utilisé dans une fonction d'agrégat LIGNE 25 : qualifying_1.date,            ^"
831,"-- meta {""num_joins"":1,""num_aggregates"":1,""has_union"":false,""has_intersect"":false,""has_negation"":true} (select constructor_results_1.points , provsql.sr_why(provsql.provenance(), 'provmap') from constructor_results as constructor_results_1 where constructor_results_1.date >= constructor_results_1.date limit 36) EXCEPT (select constructor_results_2.points , provsql.sr_why(provsql.provenance(), 'provmap') from constructor_results as constructor_results_2 inner join drivers as drivers_1 on (constructor_results_2.constructorresultsid = drivers_1.driverid ) where constructor_results_2.points is not NULL group by constructor_results_2.constructorid, constructor_results_2.date, constructor_results_2.raceid, drivers_1.driverref, drivers_1.nationality limit 2);",NO,"ERREUR:  la colonne « constructor_results_2.points » doit apparaître dans la clause GROUP BY ou doit être utilisé dans une fonction d'agrégat LIGNE 9 : constructor_results_2.points           ^"
832,"-- meta {""num_joins"":0,""num_aggregates"":2,""has_union"":false,""has_intersect"":false,""has_negation"":true} (select constructor_standings_1.date, constructor_standings_1.constructorid, min( constructor_standings_1.points) , provsql.sr_why(provsql.provenance(), 'provmap') from constructor_standings as constructor_standings_1 where constructor_standings_1.constructorid is not NULL group by constructor_standings_1.constructorid, constructor_standings_1.date limit 42) EXCEPT (select min( standings_1.points), standings_1.wins, sum( standings_1.points) , provsql.sr_why(provsql.provenance(), 'provmap') from standings as standings_1 where standings_1.wins is not NULL group by standings_1.points, standings_1.raceid, standings_1.wins limit 2);",NO,"ERREUR:  les EXCEPT types timestamp without time zone et double precision ne peuvent pas correspondre LIGNE 13 : min(            ^"
833,"-- meta {""num_joins"":0,""num_aggregates"":1,""has_union"":false,""has_intersect"":false,""has_negation"":true} (select constructors_1.nationality, constructors_1.constructorref, max( constructors_1.constructorid) , provsql.sr_why(provsql.provenance(), 'provmap') from constructors as constructors_1 where constructors_1.constructorid is not NULL group by constructors_1.constructorref, constructors_1.nationality limit 23) EXCEPT (select min( results_1.date), max( results_1.date), count(*) , provsql.sr_why(provsql.provenance(), 'provmap') from results as results_1 where results_1.position is not NULL limit 34);",NO,"ERREUR:  les EXCEPT types text et timestamp without time zone ne peuvent pas correspondre LIGNE 13 : min(            ^"
834,"-- meta {""num_joins"":1,""num_aggregates"":0,""has_union"":false,""has_intersect"":false,""has_negation"":false} select races_1.round, qualifying_1.date, qualifying_1.driverid, qualifying_1.number , provsql.sr_why(provsql.provenance(), 'provmap') from races as races_1 inner join qualifying as qualifying_1 on (races_1.raceid = qualifying_1.qualifyid ) where races_1.date > qualifying_1.date limit 2;",YES,""
835,"-- meta {""num_joins"":2,""num_aggregates"":0,""has_union"":false,""has_intersect"":false,""has_negation"":true} (select qualifying_1.position, standings_1.driverstandingsid, standings_1.position, qualifying_1.date , provsql.sr_why(provsql.provenance(), 'provmap') from standings as standings_1 inner join qualifying as qualifying_1 on (standings_1.driverstandingsid = qualifying_1.qualifyid ) where qualifying_1.number is not NULL limit 37) EXCEPT (select constructor_results_1.raceid, constructor_results_1.constructorid, min( constructor_results_1.points), constructor_results_1.date , provsql.sr_why(provsql.provenance(), 'provmap') from constructors as constructors_1 inner join constructor_results as constructor_results_1 on (constructors_1.constructorid = constructor_results_1.constructorresultsid ) where constructors_1.constructorref > constructors_1.name limit 6);",NO,"ERREUR:  la colonne « constructor_results_1.raceid » doit apparaître dans la clause GROUP BY ou doit être utilisé dans une fonction d'agrégat LIGNE 14 : constructor_results_1.raceid,            ^"
836,"-- meta {""num_joins"":0,""num_aggregates"":1,""has_union"":true,""has_intersect"":false,""has_negation"":false} (select constructor_standings_1.date , provsql.sr_why(provsql.provenance(), 'provmap') from constructor_standings as constructor_standings_1 where constructor_standings_1.points is not NULL limit 22) UNION (select constructor_standings_2.date , provsql.sr_why(provsql.provenance(), 'provmap') from constructor_standings as constructor_standings_2 where constructor_standings_2.position is not NULL group by constructor_standings_2.constructorstandingsid, constructor_standings_2.raceid limit 15);",YES,""
837,"-- meta {""num_joins"":2,""num_aggregates"":3,""has_union"":false,""has_intersect"":false,""has_negation"":true} (select standings_1.driverid, count(*), standings_1.wins, standings_1.position, qualifying_1.date, sum( standings_1.points), races_1.circuitid, races_1.round, qualifying_1.qualifyid, sum( standings_1.points), races_1.year, standings_1.points, qualifying_1.position, qualifying_1.raceid, standings_1.raceid, races_1.date , provsql.sr_why(provsql.provenance(), 'provmap') from races as races_1 inner join standings as standings_1 on (races_1.raceid = standings_1.driverstandingsid ) inner join qualifying as qualifying_1 on (races_1.raceid = qualifying_1.qualifyid ) where standings_1.driverstandingsid is not NULL group by qualifying_1.date, qualifying_1.position, qualifying_1.qualifyid, qualifying_1.raceid, races_1.circuitid, races_1.date, races_1.round, races_1.year, standings_1.driverid, standings_1.points, standings_1.position, standings_1.raceid, standings_1.wins limit 21) EXCEPT (select results_1.driverid, count( results_1.resultid), results_1.grid, results_1.driverid, count(*), max( results_1.position), results_1.grid, results_1.driverid, results_1.statusid, max( results_1.rank), results_1.laps, results_1.number, results_1.laps, count(*), results_1.driverid, results_1.date , provsql.sr_why(provsql.provenance(), 'provmap') from results as results_1 where results_1.constructorid is not NULL limit 25);",NO,"ERREUR:  la colonne « results_1.driverid » doit apparaître dans la clause GROUP BY ou doit être utilisé dans une fonction d'agrégat LIGNE 31 : results_1.driverid,            ^"
838,"-- meta {""num_joins"":4,""num_aggregates"":1,""has_union"":false,""has_intersect"":true,""has_negation"":false} (select qualifying_1.constructorid, qualifying_1.date, qualifying_1.driverid, races_1.round, qualifying_1.number, races_1.date, max( qualifying_1.date) , provsql.sr_why(provsql.provenance(), 'provmap') from drivers as drivers_1 inner join qualifying as qualifying_1 on (drivers_1.driverid = qualifying_1.qualifyid ) inner join races as races_1 on (qualifying_1.qualifyid = races_1.raceid ) where drivers_1.code is not NULL group by qualifying_1.constructorid, qualifying_1.date, qualifying_1.driverid, qualifying_1.number, races_1.date, races_1.round limit 11) INTERSECT (select qualifying_2.number, standings_1.date, circuits_1.circuitid, qualifying_2.raceid, qualifying_2.position, standings_1.date, min( qualifying_2.date) , provsql.sr_why(provsql.provenance(), 'provmap') from qualifying as qualifying_2 inner join standings as standings_1 inner join circuits as circuits_1 on (standings_1.driverstandingsid = circuits_1.circuitid ) on (qualifying_2.qualifyid = circuits_1.circuitid ) where circuits_1.lng is not NULL limit 22);",NO,"ERREUR:  la colonne « qualifying_2.number » doit apparaître dans la clause GROUP BY ou doit être utilisé dans une fonction d'agrégat LIGNE 21 : qualifying_2.number,            ^"
839,"-- meta {""num_joins"":1,""num_aggregates"":7,""has_union"":true,""has_intersect"":false,""has_negation"":false} (select min( standings_1.date), standings_1.raceid, standings_1.points, max( standings_1.wins), standings_1.driverid, max( standings_1.date), standings_1.wins, standings_1.date, sum( standings_1.position), standings_1.position, standings_1.driverstandingsid, min( standings_1.date) , provsql.sr_why(provsql.provenance(), 'provmap') from standings as standings_1 where standings_1.driverid is not NULL group by standings_1.date, standings_1.driverid, standings_1.driverstandingsid, standings_1.points, standings_1.position, standings_1.raceid, standings_1.wins limit 11) UNION (select min( standings_2.date), standings_2.driverid, max( standings_2.date), count(*), standings_2.raceid, min( standings_2.date), standings_2.driverid, standings_2.date, avg( standings_2.wins), standings_2.driverid, standings_2.driverid, max( standings_2.date) , provsql.sr_why(provsql.provenance(), 'provmap') from standings as standings_2 inner join circuits as circuits_1 on (standings_2.driverstandingsid = circuits_1.circuitid ) where circuits_1.lng is not NULL group by circuits_1.alt, circuits_1.circuitref, circuits_1.country, circuits_1.lat, circuits_1.location, standings_2.date, standings_2.position, standings_2.raceid limit 29);",NO,"ERREUR:  la colonne « standings_2.driverid » doit apparaître dans la clause GROUP BY ou doit être utilisé dans une fonction d'agrégat LIGNE 28 : standings_2.driverid,            ^"
840,"-- meta {""num_joins"":2,""num_aggregates"":8,""has_union"":false,""has_intersect"":true,""has_negation"":false} (select constructors_2.constructorref, max( constructors_2.constructorid), count( qualifying_1.constructorid), constructors_1.nationality, min( qualifying_1.date), max( constructors_1.constructorid), max( qualifying_1.constructorid), max( qualifying_1.date), qualifying_1.position, min( qualifying_1.date), constructors_2.constructorid , provsql.sr_why(provsql.provenance(), 'provmap') from constructors as constructors_1 inner join constructors as constructors_2 on (constructors_1.constructorid = constructors_2.constructorid ) inner join qualifying as qualifying_1 on (constructors_1.constructorid = qualifying_1.qualifyid ) where qualifying_1.position is not NULL group by constructors_1.nationality, constructors_2.constructorid, constructors_2.constructorref, qualifying_1.position limit 38) INTERSECT (select max( qualifying_2.date), count(*), count(*), min( qualifying_2.position), min( qualifying_2.date), count( qualifying_2.driverid), count(*), max( qualifying_2.date), qualifying_2.position, min( qualifying_2.date), qualifying_2.position , provsql.sr_why(provsql.provenance(), 'provmap') from qualifying as qualifying_2 where qualifying_2.date > qualifying_2.date group by qualifying_2.constructorid, qualifying_2.date, qualifying_2.raceid limit 37);",NO,"ERREUR:  la colonne « qualifying_2.position » doit apparaître dans la clause GROUP BY ou doit être utilisé dans une fonction d'agrégat LIGNE 44 : qualifying_2.position,            ^"
841,"-- meta {""num_joins"":0,""num_aggregates"":2,""has_union"":false,""has_intersect"":false,""has_negation"":false} select avg( constructors_1.constructorid), constructors_1.name, min( constructors_1.constructorid), constructors_1.nationality , provsql.sr_why(provsql.provenance(), 'provmap') from constructors as constructors_1 where constructors_1.name is not NULL group by constructors_1.name, constructors_1.nationality limit 13;",YES,""
842,"-- meta {""num_joins"":0,""num_aggregates"":1,""has_union"":false,""has_intersect"":true,""has_negation"":false} (select constructors_1.name , provsql.sr_why(provsql.provenance(), 'provmap') from constructors as constructors_1 where constructors_1.constructorref = constructors_1.nationality limit 8) INTERSECT (select max( results_1.date) , provsql.sr_why(provsql.provenance(), 'provmap') from results as results_1 where results_1.laps is not NULL group by results_1.date, results_1.resultid limit 35);",NO,"ERREUR:  les INTERSECT types text et timestamp without time zone ne peuvent pas correspondre LIGNE 9 : max(           ^"
843,"-- meta {""num_joins"":2,""num_aggregates"":3,""has_union"":true,""has_intersect"":false,""has_negation"":false} (select drivers_1.driverid, max( standings_1.date), circuits_1.circuitid , provsql.sr_why(provsql.provenance(), 'provmap') from circuits as circuits_1 inner join drivers as drivers_1 inner join standings as standings_1 on (drivers_1.driverid = standings_1.driverstandingsid ) on (circuits_1.circuitid = standings_1.driverstandingsid ) where standings_1.wins is not NULL group by circuits_1.circuitid, drivers_1.driverid limit 34) UNION (select standings_2.driverid, min( standings_2.date), standings_2.driverstandingsid , provsql.sr_why(provsql.provenance(), 'provmap') from standings as standings_2 where standings_2.points is not NULL group by standings_2.date, standings_2.wins limit 30);",NO,"ERREUR:  la colonne « standings_2.driverid » doit apparaître dans la clause GROUP BY ou doit être utilisé dans une fonction d'agrégat LIGNE 17 : standings_2.driverid,            ^"
844,"-- meta {""num_joins"":0,""num_aggregates"":1,""has_union"":false,""has_intersect"":false,""has_negation"":false} select standings_1.driverid, standings_1.points, standings_1.position, max( standings_1.position), standings_1.date, standings_1.wins , provsql.sr_why(provsql.provenance(), 'provmap') from standings as standings_1 where standings_1.driverstandingsid < standings_1.position group by standings_1.date, standings_1.driverid, standings_1.points, standings_1.position, standings_1.wins limit 9;",YES,""
845,"-- meta {""num_joins"":1,""num_aggregates"":2,""has_union"":false,""has_intersect"":true,""has_negation"":false} (select races_1.round, races_1.year, max( races_1.date), races_1.raceid, min( qualifying_1.constructorid), races_1.circuitid, qualifying_1.date , provsql.sr_why(provsql.provenance(), 'provmap') from races as races_1 inner join qualifying as qualifying_1 on (races_1.raceid = qualifying_1.qualifyid ) where races_1.name is not NULL group by qualifying_1.date, races_1.circuitid, races_1.raceid, races_1.round, races_1.year limit 33) INTERSECT (select results_1.constructorid, results_1.statusid, min( results_1.date), results_1.positionorder, min( results_1.resultid), results_1.grid, results_1.date , provsql.sr_why(provsql.provenance(), 'provmap') from results as results_1 where results_1.rank = results_1.position limit 20);",NO,"ERREUR:  la colonne « results_1.constructorid » doit apparaître dans la clause GROUP BY ou doit être utilisé dans une fonction d'agrégat LIGNE 20 : results_1.constructorid,            ^"
846,"-- meta {""num_joins"":0,""num_aggregates"":1,""has_union"":false,""has_intersect"":false,""has_negation"":false} select constructors_1.nationality, constructors_1.constructorid, max( constructors_1.constructorid), constructors_1.constructorref , provsql.sr_why(provsql.provenance(), 'provmap') from constructors as constructors_1 where constructors_1.name is not NULL group by constructors_1.constructorid, constructors_1.constructorref, constructors_1.nationality limit 34;",YES,""
847,"-- meta {""num_joins"":4,""num_aggregates"":0,""has_union"":false,""has_intersect"":true,""has_negation"":false} (select qualifying_3.number , provsql.sr_why(provsql.provenance(), 'provmap') from qualifying as qualifying_1 inner join qualifying as qualifying_2 inner join qualifying as qualifying_3 on (qualifying_2.qualifyid = qualifying_3.qualifyid ) on (qualifying_1.qualifyid = qualifying_2.qualifyid ) inner join standings as standings_1 inner join standings as standings_2 on (standings_1.driverstandingsid = standings_2.driverstandingsid ) on (qualifying_2.qualifyid = standings_1.driverstandingsid ) where qualifying_3.constructorid > standings_1.wins limit 1) INTERSECT (select max( standings_3.points) , provsql.sr_why(provsql.provenance(), 'provmap') from standings as standings_3 where standings_3.points >= standings_3.points limit 40);",NO,"ERREUR:  Set operations other than UNION and EXCEPT not supported by provsql"
848,"-- meta {""num_joins"":0,""num_aggregates"":1,""has_union"":false,""has_intersect"":true,""has_negation"":false} (select min( races_1.date), races_1.raceid, races_1.circuitid, races_1.name, races_1.time, races_1.round, races_1.date , provsql.sr_why(provsql.provenance(), 'provmap') from races as races_1 where races_1.date >= races_1.date group by races_1.circuitid, races_1.date, races_1.name, races_1.raceid, races_1.round, races_1.time limit 7) INTERSECT (select min( standings_1.date), standings_1.driverstandingsid, standings_1.position, min( standings_1.date), avg( standings_1.position), standings_1.driverid, standings_1.date , provsql.sr_why(provsql.provenance(), 'provmap') from standings as standings_1 where standings_1.position is not NULL limit 36);",NO,"ERREUR:  la colonne « standings_1.driverstandingsid » doit apparaître dans la clause GROUP BY ou doit être utilisé dans une fonction d'agrégat LIGNE 19 : standings_1.driverstandingsid,            ^"
849,"-- meta {""num_joins"":0,""num_aggregates"":4,""has_union"":true,""has_intersect"":false,""has_negation"":false} (select count( constructors_1.constructorref), constructors_1.constructorref, min( constructors_1.constructorid) , provsql.sr_why(provsql.provenance(), 'provmap') from constructors as constructors_1 where constructors_1.constructorref is not NULL group by constructors_1.constructorref limit 22) UNION (select count( constructor_standings_1.raceid), avg( constructor_standings_1.points), count(*) , provsql.sr_why(provsql.provenance(), 'provmap') from constructor_standings as constructor_standings_1 where constructor_standings_1.constructorstandingsid is not NULL group by constructor_standings_1.constructorid, constructor_standings_1.date, constructor_standings_1.points, constructor_standings_1.position limit 39);",NO,"ERREUR:  les UNION types text et double precision ne peuvent pas correspondre LIGNE 16 : avg(            ^"
850,"-- meta {""num_joins"":0,""num_aggregates"":1,""has_union"":false,""has_intersect"":false,""has_negation"":true} (select qualifying_1.driverid, qualifying_1.constructorid, qualifying_1.position, sum( qualifying_1.position), qualifying_1.raceid, qualifying_1.date , provsql.sr_why(provsql.provenance(), 'provmap') from qualifying as qualifying_1 where qualifying_1.qualifyid is not NULL group by qualifying_1.constructorid, qualifying_1.date, qualifying_1.driverid, qualifying_1.position, qualifying_1.raceid limit 41) EXCEPT (select standings_1.wins, standings_1.position, max( standings_1.date), avg( standings_1.position), max( standings_1.date), standings_1.date , provsql.sr_why(provsql.provenance(), 'provmap') from standings as standings_1 where standings_1.raceid is not NULL limit 13);",NO,"ERREUR:  la colonne « standings_1.wins » doit apparaître dans la clause GROUP BY ou doit être utilisé dans une fonction d'agrégat LIGNE 16 : standings_1.wins,            ^"
851,"-- meta {""num_joins"":2,""num_aggregates"":0,""has_union"":false,""has_intersect"":false,""has_negation"":true} (select circuits_1.country , provsql.sr_why(provsql.provenance(), 'provmap') from results as results_1 inner join circuits as circuits_1 on (results_1.resultid = circuits_1.circuitid ) where circuits_1.circuitref is not NULL limit 26) EXCEPT (select races_1.name , provsql.sr_why(provsql.provenance(), 'provmap') from races as races_1 inner join standings as standings_1 on (races_1.raceid = standings_1.driverstandingsid ) where standings_1.position is not NULL limit 21);",YES,""
852,"-- meta {""num_joins"":0,""num_aggregates"":6,""has_union"":false,""has_intersect"":true,""has_negation"":false} (select standings_1.position, standings_1.date, avg( standings_1.points), standings_1.wins, min( standings_1.points), max( standings_1.points), standings_1.raceid, standings_1.driverstandingsid, standings_1.points, sum( standings_1.points), sum( standings_1.wins) , provsql.sr_why(provsql.provenance(), 'provmap') from standings as standings_1 where standings_1.date is not NULL group by standings_1.date, standings_1.driverstandingsid, standings_1.points, standings_1.position, standings_1.raceid, standings_1.wins limit 11) INTERSECT (select constructor_results_1.raceid, constructor_results_1.date, max( constructor_results_1.points), constructor_results_1.constructorresultsid, max( constructor_results_1.points), min( constructor_results_1.points), constructor_results_1.raceid, constructor_results_1.constructorresultsid, constructor_results_1.points, min( constructor_results_1.points), sum( constructor_results_1.constructorresultsid) , provsql.sr_why(provsql.provenance(), 'provmap') from constructor_results as constructor_results_1 where constructor_results_1.constructorid is not NULL group by constructor_results_1.constructorresultsid, constructor_results_1.date, constructor_results_1.points, constructor_results_1.raceid limit 16);",NO,"ERREUR:  Set operations other than UNION and EXCEPT not supported by provsql"
853,"-- meta {""num_joins"":0,""num_aggregates"":1,""has_union"":true,""has_intersect"":false,""has_negation"":false} (select results_1.fastestlap, results_1.rank, results_1.grid, results_1.raceid , provsql.sr_why(provsql.provenance(), 'provmap') from results as results_1 where results_1.position <= results_1.number limit 34) UNION (select sum( races_1.year), max( races_1.date), races_1.year, races_1.circuitid , provsql.sr_why(provsql.provenance(), 'provmap') from races as races_1 where races_1.raceid is not NULL limit 19);",NO,"ERREUR:  la colonne « races_1.year » doit apparaître dans la clause GROUP BY ou doit être utilisé dans une fonction d'agrégat LIGNE 16 : races_1.year,            ^"
854,"-- meta {""num_joins"":2,""num_aggregates"":0,""has_union"":true,""has_intersect"":false,""has_negation"":false} (select constructor_results_1.constructorresultsid, constructor_results_1.date, constructor_results_1.points, constructor_results_1.constructorid, constructor_results_1.raceid , provsql.sr_why(provsql.provenance(), 'provmap') from constructor_results as constructor_results_1 where constructor_results_1.constructorresultsid is not NULL limit 40) UNION (select results_1.grid, results_1.date, results_1.position, results_1.statusid, results_1.resultid , provsql.sr_why(provsql.provenance(), 'provmap') from results as results_1 inner join drivers as drivers_1 inner join constructors as constructors_1 on (drivers_1.driverid = constructors_1.constructorid ) on (results_1.resultid = constructors_1.constructorid ) where constructors_1.constructorref is not NULL limit 18);",YES,""
855,"-- meta {""num_joins"":3,""num_aggregates"":2,""has_union"":false,""has_intersect"":true,""has_negation"":false} (select drivers_1.surname, min( drivers_1.dob) , provsql.sr_why(provsql.provenance(), 'provmap') from standings as standings_1 inner join drivers as drivers_1 on (standings_1.driverstandingsid = drivers_1.driverid ) where standings_1.position is not NULL group by drivers_1.surname limit 42) INTERSECT (select races_1.time, min( constructor_standings_1.date) , provsql.sr_why(provsql.provenance(), 'provmap') from constructor_standings as constructor_standings_1 inner join races as races_1 on (constructor_standings_1.constructorstandingsid = races_1.raceid ) inner join constructors as constructors_1 on (races_1.raceid = constructors_1.constructorid ) where constructor_standings_1.points < constructor_standings_1.points group by constructor_standings_1.points, constructor_standings_1.position, constructors_1.constructorid, constructors_1.constructorref, constructors_1.name, races_1.date, races_1.name, races_1.round, races_1.year limit 30);",NO,"ERREUR:  la colonne « races_1.time » doit apparaître dans la clause GROUP BY ou doit être utilisé dans une fonction d'agrégat LIGNE 14 : races_1.time,            ^"
856,"-- meta {""num_joins"":1,""num_aggregates"":2,""has_union"":false,""has_intersect"":false,""has_negation"":false} select circuits_1.country, circuits_1.name, constructor_results_1.points, constructor_results_1.raceid, constructor_results_1.date, constructor_results_1.constructorresultsid, min( constructor_results_1.date), circuits_1.lng, min( circuits_1.alt), circuits_1.circuitref , provsql.sr_why(provsql.provenance(), 'provmap') from constructor_results as constructor_results_1 inner join circuits as circuits_1 on (constructor_results_1.constructorresultsid = circuits_1.circuitid ) where circuits_1.lng is not NULL group by circuits_1.circuitref, circuits_1.country, circuits_1.lng, circuits_1.name, constructor_results_1.constructorresultsid, constructor_results_1.date, constructor_results_1.points, constructor_results_1.raceid limit 19;",YES,""
857,"-- meta {""num_joins"":3,""num_aggregates"":2,""has_union"":false,""has_intersect"":false,""has_negation"":true} (select circuits_1.lng, min( circuits_1.lng), sum( circuits_1.lat), circuits_1.lat, circuits_1.location, circuits_1.circuitid, circuits_1.circuitref , provsql.sr_why(provsql.provenance(), 'provmap') from circuits as circuits_1 where circuits_1.lat is not NULL group by circuits_1.circuitid, circuits_1.circuitref, circuits_1.lat, circuits_1.lng, circuits_1.location limit 16) EXCEPT (select circuits_2.lat, avg( circuits_2.lng), min( circuits_2.alt), circuits_2.alt, max( qualifying_2.date), qualifying_2.constructorid, circuits_2.country , provsql.sr_why(provsql.provenance(), 'provmap') from constructors as constructors_1 inner join qualifying as qualifying_1 inner join qualifying as qualifying_2 on (qualifying_1.qualifyid = qualifying_2.qualifyid ) on (constructors_1.constructorid = qualifying_2.qualifyid ) inner join circuits as circuits_2 on (qualifying_1.qualifyid = circuits_2.circuitid ) where qualifying_2.number <= circuits_2.circuitid limit 19);",NO,"ERREUR:  la colonne « circuits_2.lat » doit apparaître dans la clause GROUP BY ou doit être utilisé dans une fonction d'agrégat LIGNE 18 : circuits_2.lat,            ^"
858,"-- meta {""num_joins"":1,""num_aggregates"":1,""has_union"":false,""has_intersect"":true,""has_negation"":false} (select races_1.raceid , provsql.sr_why(provsql.provenance(), 'provmap') from races as races_1 inner join qualifying as qualifying_1 on (races_1.raceid = qualifying_1.qualifyid ) where races_1.time is not NULL limit 20) INTERSECT (select results_1.laps , provsql.sr_why(provsql.provenance(), 'provmap') from results as results_1 where results_1.resultid is not NULL group by results_1.constructorid, results_1.fastestlap, results_1.grid, results_1.milliseconds, results_1.number, results_1.position, results_1.positionorder limit 24);",NO,"ERREUR:  la colonne « results_1.laps » doit apparaître dans la clause GROUP BY ou doit être utilisé dans une fonction d'agrégat LIGNE 11 : results_1.laps            ^"
859,"-- meta {""num_joins"":1,""num_aggregates"":1,""has_union"":false,""has_intersect"":true,""has_negation"":false} (select races_1.raceid, races_1.date, max( constructor_results_1.date), constructor_results_1.constructorresultsid , provsql.sr_why(provsql.provenance(), 'provmap') from races as races_1 inner join constructor_results as constructor_results_1 on (races_1.raceid = constructor_results_1.constructorresultsid ) where races_1.round is not NULL group by constructor_results_1.constructorresultsid, races_1.date, races_1.raceid limit 18) INTERSECT (select results_1.grid, sum( results_1.grid), max( results_1.date), results_1.positionorder , provsql.sr_why(provsql.provenance(), 'provmap') from results as results_1 where results_1.statusid < results_1.driverid limit 41);",NO,"ERREUR:  la colonne « results_1.grid » doit apparaître dans la clause GROUP BY ou doit être utilisé dans une fonction d'agrégat LIGNE 16 : results_1.grid,            ^"
860,"-- meta {""num_joins"":0,""num_aggregates"":0,""has_union"":true,""has_intersect"":false,""has_negation"":false} (select constructors_1.name , provsql.sr_why(provsql.provenance(), 'provmap') from constructors as constructors_1 where constructors_1.nationality is not NULL limit 26) UNION (select min( results_1.date) , provsql.sr_why(provsql.provenance(), 'provmap') from results as results_1 where results_1.date > results_1.date limit 34);",NO,"ERREUR:  les UNION types text et timestamp without time zone ne peuvent pas correspondre LIGNE 9 : min(           ^"
861,"-- meta {""num_joins"":0,""num_aggregates"":2,""has_union"":false,""has_intersect"":true,""has_negation"":false} (select constructor_standings_1.points , provsql.sr_why(provsql.provenance(), 'provmap') from constructor_standings as constructor_standings_1 where constructor_standings_1.wins >= constructor_standings_1.constructorstandingsid limit 1) INTERSECT (select constructor_standings_2.points , provsql.sr_why(provsql.provenance(), 'provmap') from constructor_standings as constructor_standings_2 where constructor_standings_2.date < constructor_standings_2.date group by constructor_standings_2.constructorid, constructor_standings_2.constructorstandingsid, constructor_standings_2.date, constructor_standings_2.points, constructor_standings_2.position, constructor_standings_2.raceid limit 39);",NO,"ERREUR:  Set operations other than UNION and EXCEPT not supported by provsql"
862,"-- meta {""num_joins"":0,""num_aggregates"":0,""has_union"":false,""has_intersect"":true,""has_negation"":false} (select drivers_1.driverid, drivers_1.nationality, drivers_1.dob, drivers_1.forename , provsql.sr_why(provsql.provenance(), 'provmap') from drivers as drivers_1 where drivers_1.driverid is not NULL limit 7) INTERSECT (select qualifying_1.qualifyid, max( qualifying_1.date), count(*), max( qualifying_1.date) , provsql.sr_why(provsql.provenance(), 'provmap') from qualifying as qualifying_1 where qualifying_1.driverid is not NULL limit 32);",NO,"ERREUR:  la colonne « qualifying_1.qualifyid » doit apparaître dans la clause GROUP BY ou doit être utilisé dans une fonction d'agrégat LIGNE 12 : qualifying_1.qualifyid,            ^"
863,"-- meta {""num_joins"":0,""num_aggregates"":0,""has_union"":false,""has_intersect"":false,""has_negation"":true} (select standings_1.position , provsql.sr_why(provsql.provenance(), 'provmap') from standings as standings_1 where standings_1.driverid is not NULL limit 37) EXCEPT (select constructor_standings_1.constructorstandingsid , provsql.sr_why(provsql.provenance(), 'provmap') from constructor_standings as constructor_standings_1 where constructor_standings_1.position is not NULL limit 19);",YES,""
864,"-- meta {""num_joins"":0,""num_aggregates"":0,""has_union"":false,""has_intersect"":false,""has_negation"":false} select constructor_results_1.raceid, constructor_results_1.constructorresultsid, constructor_results_1.points , provsql.sr_why(provsql.provenance(), 'provmap') from constructor_results as constructor_results_1 where constructor_results_1.points is not NULL limit 2;",YES,""
865,"-- meta {""num_joins"":1,""num_aggregates"":1,""has_union"":false,""has_intersect"":true,""has_negation"":false} (select circuits_1.name, standings_1.date, standings_1.position, circuits_1.circuitid, count(*), circuits_1.location, circuits_1.lng , provsql.sr_why(provsql.provenance(), 'provmap') from standings as standings_1 inner join circuits as circuits_1 on (standings_1.driverstandingsid = circuits_1.circuitid ) where standings_1.position is not NULL group by circuits_1.circuitid, circuits_1.lng, circuits_1.location, circuits_1.name, standings_1.date, standings_1.position limit 32) INTERSECT (select circuits_2.circuitref, count(*), circuits_2.circuitid, circuits_2.circuitid, min( circuits_2.circuitid), circuits_2.country, count(*) , provsql.sr_why(provsql.provenance(), 'provmap') from circuits as circuits_2 where circuits_2.alt is not NULL limit 7);",NO,"ERREUR:  la colonne « circuits_2.circuitref » doit apparaître dans la clause GROUP BY ou doit être utilisé dans une fonction d'agrégat LIGNE 18 : circuits_2.circuitref,            ^"
866,"-- meta {""num_joins"":0,""num_aggregates"":0,""has_union"":false,""has_intersect"":true,""has_negation"":false} (select races_1.time , provsql.sr_why(provsql.provenance(), 'provmap') from races as races_1 where races_1.circuitid is not NULL limit 9) INTERSECT (select min( constructor_results_1.date) , provsql.sr_why(provsql.provenance(), 'provmap') from constructor_results as constructor_results_1 where constructor_results_1.date is not NULL limit 22);",NO,"ERREUR:  les INTERSECT types text et timestamp without time zone ne peuvent pas correspondre LIGNE 9 : min(           ^"
867,"-- meta {""num_joins"":3,""num_aggregates"":1,""has_union"":true,""has_intersect"":false,""has_negation"":false} (select min( races_1.date) , provsql.sr_why(provsql.provenance(), 'provmap') from races as races_1 where races_1.circuitid is not NULL limit 33) UNION (select max( constructor_standings_1.date) , provsql.sr_why(provsql.provenance(), 'provmap') from circuits as circuits_1 inner join constructor_standings as constructor_standings_1 inner join circuits as circuits_2 on (constructor_standings_1.constructorstandingsid = circuits_2.circuitid ) on (circuits_1.circuitid = circuits_2.circuitid ) inner join drivers as drivers_1 on (circuits_2.circuitid = drivers_1.driverid ) where drivers_1.driverid >= circuits_1.circuitid limit 29);",NO,"ERREUR:  UNION/INTERSECT/EXCEPT n'a pas pu convertir le type provsql.agg_token en timestamp without time zone"
868,"-- meta {""num_joins"":1,""num_aggregates"":1,""has_union"":false,""has_intersect"":false,""has_negation"":true} (select constructors_1.constructorref , provsql.sr_why(provsql.provenance(), 'provmap') from constructors as constructors_1 where constructors_1.constructorref is not NULL limit 7) EXCEPT (select circuits_1.location , provsql.sr_why(provsql.provenance(), 'provmap') from constructor_results as constructor_results_1 inner join circuits as circuits_1 on (constructor_results_1.constructorresultsid = circuits_1.circuitid ) where circuits_1.country is not NULL group by constructor_results_1.raceid limit 6);",NO,"ERREUR:  la colonne « circuits_1.location » doit apparaître dans la clause GROUP BY ou doit être utilisé dans une fonction d'agrégat LIGNE 9 : circuits_1.location           ^"
869,"-- meta {""num_joins"":1,""num_aggregates"":3,""has_union"":false,""has_intersect"":false,""has_negation"":true} (select circuits_1.lat, circuits_1.alt, circuits_1.location, sum( circuits_1.circuitid) , provsql.sr_why(provsql.provenance(), 'provmap') from circuits as circuits_1 where circuits_1.lng is not NULL group by circuits_1.alt, circuits_1.lat, circuits_1.location limit 31) EXCEPT (select results_1.fastestlap, results_1.fastestlap, max( standings_1.date), sum( results_1.constructorid) , provsql.sr_why(provsql.provenance(), 'provmap') from standings as standings_1 inner join results as results_1 on (standings_1.driverstandingsid = results_1.resultid ) where results_1.milliseconds = results_1.number group by results_1.grid, results_1.laps, standings_1.position limit 28);",NO,"ERREUR:  la colonne « results_1.fastestlap » doit apparaître dans la clause GROUP BY ou doit être utilisé dans une fonction d'agrégat LIGNE 14 : results_1.fastestlap,            ^"
870,"-- meta {""num_joins"":0,""num_aggregates"":0,""has_union"":true,""has_intersect"":false,""has_negation"":false} (select drivers_1.forename, drivers_1.dob, drivers_1.nationality, drivers_1.code , provsql.sr_why(provsql.provenance(), 'provmap') from drivers as drivers_1 where drivers_1.code is not NULL limit 11) UNION (select count( races_1.time), max( races_1.date), races_1.name, races_1.time , provsql.sr_why(provsql.provenance(), 'provmap') from races as races_1 where races_1.name is not NULL limit 13);",NO,"ERREUR:  la colonne « races_1.name » doit apparaître dans la clause GROUP BY ou doit être utilisé dans une fonction d'agrégat LIGNE 16 : races_1.name,            ^"
871,"-- meta {""num_joins"":0,""num_aggregates"":2,""has_union"":false,""has_intersect"":false,""has_negation"":true} (select sum( circuits_1.lat) , provsql.sr_why(provsql.provenance(), 'provmap') from circuits as circuits_1 where circuits_1.country is not NULL limit 17) EXCEPT (select sum( constructor_results_1.points) , provsql.sr_why(provsql.provenance(), 'provmap') from constructor_results as constructor_results_1 where constructor_results_1.date is not NULL group by constructor_results_1.raceid limit 31);",NO,"ERREUR:  provenance() called on a table without provenance"
872,"-- meta {""num_joins"":1,""num_aggregates"":4,""has_union"":true,""has_intersect"":false,""has_negation"":false} (select constructor_results_1.raceid, constructor_results_1.date , provsql.sr_why(provsql.provenance(), 'provmap') from drivers as drivers_1 inner join constructor_results as constructor_results_1 on (drivers_1.driverid = constructor_results_1.constructorresultsid ) where constructor_results_1.constructorid is not NULL limit 13) UNION (select qualifying_1.raceid, qualifying_1.date , provsql.sr_why(provsql.provenance(), 'provmap') from qualifying as qualifying_1 where qualifying_1.number = qualifying_1.constructorid group by qualifying_1.constructorid, qualifying_1.date, qualifying_1.driverid, qualifying_1.number, qualifying_1.position, qualifying_1.qualifyid, qualifying_1.raceid limit 41);",YES,""
873,"-- meta {""num_joins"":1,""num_aggregates"":0,""has_union"":false,""has_intersect"":true,""has_negation"":false} (select constructors_1.constructorref, constructors_1.name , provsql.sr_why(provsql.provenance(), 'provmap') from constructors as constructors_1 where constructors_1.nationality is not NULL limit 39) INTERSECT (select sum( constructor_standings_1.position), max( constructor_standings_1.date) , provsql.sr_why(provsql.provenance(), 'provmap') from constructor_results as constructor_results_1 inner join constructor_standings as constructor_standings_1 on (constructor_results_1.constructorresultsid = constructor_standings_1.constructorstandingsid ) where constructor_results_1.date is not NULL limit 22);",NO,"ERREUR:  les INTERSECT types text et numeric ne peuvent pas correspondre LIGNE 10 : sum(            ^"
874,"-- meta {""num_joins"":3,""num_aggregates"":1,""has_union"":false,""has_intersect"":true,""has_negation"":false} (select results_1.driverid, results_1.milliseconds , provsql.sr_why(provsql.provenance(), 'provmap') from circuits as circuits_1 inner join results as results_1 inner join qualifying as qualifying_1 on (results_1.resultid = qualifying_1.qualifyid ) on (circuits_1.circuitid = results_1.resultid ) inner join constructor_standings as constructor_standings_1 on (qualifying_1.qualifyid = constructor_standings_1.constructorstandingsid ) where circuits_1.name is not NULL limit 42) INTERSECT (select constructor_standings_2.wins, constructor_standings_2.points , provsql.sr_why(provsql.provenance(), 'provmap') from constructor_standings as constructor_standings_2 where constructor_standings_2.date is not NULL group by constructor_standings_2.constructorstandingsid, constructor_standings_2.position limit 19);",NO,"ERREUR:  Set operations other than UNION and EXCEPT not supported by provsql"
875,"-- meta {""num_joins"":0,""num_aggregates"":0,""has_union"":true,""has_intersect"":false,""has_negation"":false} (select results_1.positionorder , provsql.sr_why(provsql.provenance(), 'provmap') from results as results_1 where results_1.statusid is not NULL limit 40) UNION (select constructors_1.constructorid , provsql.sr_why(provsql.provenance(), 'provmap') from constructors as constructors_1 where constructors_1.constructorid is not NULL limit 39);",YES,""
876,"-- meta {""num_joins"":1,""num_aggregates"":1,""has_union"":false,""has_intersect"":false,""has_negation"":true} (select qualifying_1.raceid, avg( qualifying_1.driverid) , provsql.sr_why(provsql.provenance(), 'provmap') from qualifying as qualifying_1 inner join results as results_1 on (qualifying_1.qualifyid = results_1.resultid ) where results_1.milliseconds > results_1.rank group by qualifying_1.raceid limit 19) EXCEPT (select qualifying_2.raceid, sum( qualifying_2.constructorid) , provsql.sr_why(provsql.provenance(), 'provmap') from qualifying as qualifying_2 where qualifying_2.raceid is not NULL limit 1);",NO,"ERREUR:  la colonne « qualifying_2.raceid » doit apparaître dans la clause GROUP BY ou doit être utilisé dans une fonction d'agrégat LIGNE 14 : qualifying_2.raceid,            ^"
877,"-- meta {""num_joins"":0,""num_aggregates"":0,""has_union"":true,""has_intersect"":false,""has_negation"":false} (select constructors_1.name, constructors_1.constructorref, constructors_1.constructorid, constructors_1.nationality , provsql.sr_why(provsql.provenance(), 'provmap') from constructors as constructors_1 where constructors_1.name is not NULL limit 5) UNION (select sum( qualifying_1.driverid), count(*), count( qualifying_1.qualifyid), min( qualifying_1.date) , provsql.sr_why(provsql.provenance(), 'provmap') from qualifying as qualifying_1 where qualifying_1.number is not NULL limit 11);",NO,"ERREUR:  les UNION types text et numeric ne peuvent pas correspondre LIGNE 12 : sum(            ^"
878,"-- meta {""num_joins"":0,""num_aggregates"":2,""has_union"":true,""has_intersect"":false,""has_negation"":false} (select races_1.round, races_1.date, races_1.raceid, races_1.name, races_1.year, count(*), races_1.circuitid, min( races_1.date), races_1.time , provsql.sr_why(provsql.provenance(), 'provmap') from races as races_1 where races_1.date is not NULL group by races_1.circuitid, races_1.date, races_1.name, races_1.raceid, races_1.round, races_1.time, races_1.year limit 25) UNION (select races_2.raceid, races_2.date, races_2.year, races_2.time, races_2.round, count( races_2.date), max( races_2.round), max( races_2.date), races_2.time , provsql.sr_why(provsql.provenance(), 'provmap') from races as races_2 where races_2.date = races_2.date limit 8);",NO,"ERREUR:  la colonne « races_2.raceid » doit apparaître dans la clause GROUP BY ou doit être utilisé dans une fonction d'agrégat LIGNE 19 : races_2.raceid,            ^"
879,"-- meta {""num_joins"":0,""num_aggregates"":1,""has_union"":true,""has_intersect"":false,""has_negation"":false} (select constructors_1.constructorid, constructors_1.constructorref, count( constructors_1.constructorid), constructors_1.nationality , provsql.sr_why(provsql.provenance(), 'provmap') from constructors as constructors_1 where constructors_1.name is not NULL group by constructors_1.constructorid, constructors_1.constructorref, constructors_1.nationality limit 40) UNION (select standings_1.raceid, sum( standings_1.raceid), max( standings_1.position), min( standings_1.date) , provsql.sr_why(provsql.provenance(), 'provmap') from standings as standings_1 where standings_1.points is not NULL limit 32);",NO,"ERREUR:  la colonne « standings_1.raceid » doit apparaître dans la clause GROUP BY ou doit être utilisé dans une fonction d'agrégat LIGNE 14 : standings_1.raceid,            ^"
880,"-- meta {""num_joins"":0,""num_aggregates"":1,""has_union"":true,""has_intersect"":false,""has_negation"":false} (select constructors_1.constructorid, constructors_1.nationality, constructors_1.name, sum( constructors_1.constructorid), constructors_1.constructorref , provsql.sr_why(provsql.provenance(), 'provmap') from constructors as constructors_1 where constructors_1.constructorref is not NULL group by constructors_1.constructorid, constructors_1.constructorref, constructors_1.name, constructors_1.nationality limit 36) UNION (select circuits_1.circuitid, min( circuits_1.circuitid), circuits_1.country, sum( circuits_1.circuitid), circuits_1.location , provsql.sr_why(provsql.provenance(), 'provmap') from circuits as circuits_1 where circuits_1.country is not NULL limit 9);",NO,"ERREUR:  la colonne « circuits_1.circuitid » doit apparaître dans la clause GROUP BY ou doit être utilisé dans une fonction d'agrégat LIGNE 15 : circuits_1.circuitid,            ^"
881,"-- meta {""num_joins"":0,""num_aggregates"":0,""has_union"":false,""has_intersect"":false,""has_negation"":true} (select constructor_results_1.constructorid, constructor_results_1.date , provsql.sr_why(provsql.provenance(), 'provmap') from constructor_results as constructor_results_1 where constructor_results_1.constructorid is not NULL limit 23) EXCEPT (select min( races_1.date), races_1.date , provsql.sr_why(provsql.provenance(), 'provmap') from races as races_1 where races_1.year is not NULL limit 14);",NO,"ERREUR:  la colonne « races_1.date » doit apparaître dans la clause GROUP BY ou doit être utilisé dans une fonction d'agrégat LIGNE 12 : races_1.date            ^"
882,"-- meta {""num_joins"":0,""num_aggregates"":3,""has_union"":true,""has_intersect"":false,""has_negation"":false} (select races_1.time, max( races_1.date), min( races_1.circuitid), races_1.name, races_1.raceid, races_1.date , provsql.sr_why(provsql.provenance(), 'provmap') from races as races_1 where races_1.circuitid is not NULL group by races_1.date, races_1.name, races_1.raceid, races_1.time limit 25) UNION (select max( results_1.position), max( results_1.date), max( results_1.constructorid), max( results_1.raceid), results_1.constructorid, results_1.date , provsql.sr_why(provsql.provenance(), 'provmap') from results as results_1 where results_1.driverid is not NULL group by results_1.grid, results_1.milliseconds, results_1.number, results_1.points, results_1.positionorder, results_1.statusid limit 15);",NO,"ERREUR:  la colonne « results_1.constructorid » doit apparaître dans la clause GROUP BY ou doit être utilisé dans une fonction d'agrégat LIGNE 25 : results_1.constructorid,            ^"
883,"-- meta {""num_joins"":0,""num_aggregates"":3,""has_union"":false,""has_intersect"":true,""has_negation"":false} (select constructor_standings_1.constructorstandingsid, avg( constructor_standings_1.points) , provsql.sr_why(provsql.provenance(), 'provmap') from constructor_standings as constructor_standings_1 where constructor_standings_1.position is not NULL group by constructor_standings_1.constructorstandingsid limit 30) INTERSECT (select standings_1.driverid, max( standings_1.points) , provsql.sr_why(provsql.provenance(), 'provmap') from standings as standings_1 where standings_1.position > standings_1.wins group by standings_1.date, standings_1.points, standings_1.wins limit 41);",NO,"ERREUR:  la colonne « standings_1.driverid » doit apparaître dans la clause GROUP BY ou doit être utilisé dans une fonction d'agrégat LIGNE 12 : standings_1.driverid,            ^"
884,"-- meta {""num_joins"":2,""num_aggregates"":1,""has_union"":true,""has_intersect"":false,""has_negation"":false} (select max( qualifying_1.date) , provsql.sr_why(provsql.provenance(), 'provmap') from qualifying as qualifying_1 inner join constructor_standings as constructor_standings_1 on (qualifying_1.qualifyid = constructor_standings_1.constructorstandingsid ) inner join constructor_standings as constructor_standings_2 on (qualifying_1.qualifyid = constructor_standings_2.constructorstandingsid ) where constructor_standings_1.constructorid is not NULL limit 10) UNION (select min( standings_1.date) , provsql.sr_why(provsql.provenance(), 'provmap') from standings as standings_1 where standings_1.driverid is not NULL limit 14);",NO,"ERREUR:  UNION/INTERSECT/EXCEPT n'a pas pu convertir le type provsql.agg_token en timestamp without time zone"
885,"-- meta {""num_joins"":0,""num_aggregates"":2,""has_union"":false,""has_intersect"":true,""has_negation"":false} (select races_1.round, count(*) , provsql.sr_why(provsql.provenance(), 'provmap') from races as races_1 where races_1.year is not NULL group by races_1.round limit 13) INTERSECT (select constructor_results_1.constructorid, count( constructor_results_1.date) , provsql.sr_why(provsql.provenance(), 'provmap') from constructor_results as constructor_results_1 where constructor_results_1.constructorresultsid is not NULL group by constructor_results_1.constructorid, constructor_results_1.constructorresultsid, constructor_results_1.date, constructor_results_1.points limit 2);",NO,"ERREUR:  Set operations other than UNION and EXCEPT not supported by provsql"
886,"-- meta {""num_joins"":1,""num_aggregates"":1,""has_union"":false,""has_intersect"":false,""has_negation"":true} (select drivers_1.surname, qualifying_1.position, max( qualifying_1.date) , provsql.sr_why(provsql.provenance(), 'provmap') from drivers as drivers_1 inner join qualifying as qualifying_1 on (drivers_1.driverid = qualifying_1.qualifyid ) where qualifying_1.date is not NULL group by drivers_1.surname, qualifying_1.position limit 3) EXCEPT (select races_1.name, max( races_1.date), min( races_1.date) , provsql.sr_why(provsql.provenance(), 'provmap') from races as races_1 where races_1.circuitid is not NULL limit 42);",NO,"ERREUR:  la colonne « races_1.name » doit apparaître dans la clause GROUP BY ou doit être utilisé dans une fonction d'agrégat LIGNE 15 : races_1.name,            ^"
887,"-- meta {""num_joins"":0,""num_aggregates"":0,""has_union"":true,""has_intersect"":false,""has_negation"":false} (select qualifying_1.number, qualifying_1.constructorid , provsql.sr_why(provsql.provenance(), 'provmap') from qualifying as qualifying_1 where qualifying_1.driverid is not NULL limit 32) UNION (select results_1.grid, results_1.statusid , provsql.sr_why(provsql.provenance(), 'provmap') from results as results_1 where results_1.milliseconds is not NULL limit 18);",YES,""
888,"-- meta {""num_joins"":2,""num_aggregates"":2,""has_union"":true,""has_intersect"":false,""has_negation"":false} (select constructor_standings_1.constructorid, constructor_standings_1.wins, constructor_standings_1.raceid, constructor_standings_1.points , provsql.sr_why(provsql.provenance(), 'provmap') from constructor_standings as constructor_standings_1 where constructor_standings_1.position is not NULL limit 9) UNION (select constructor_standings_2.raceid, constructor_standings_2.position, constructor_standings_2.constructorid, constructor_standings_2.points , provsql.sr_why(provsql.provenance(), 'provmap') from constructors as constructors_1 inner join qualifying as qualifying_1 on (constructors_1.constructorid = qualifying_1.qualifyid ) inner join constructor_standings as constructor_standings_2 on (qualifying_1.qualifyid = constructor_standings_2.constructorstandingsid ) where constructor_standings_2.points <= constructor_standings_2.points group by constructors_1.constructorid, qualifying_1.qualifyid limit 39);",NO,"ERREUR:  la colonne « constructor_standings_2.raceid » doit apparaître dans la clause GROUP BY ou doit être utilisé dans une fonction d'agrégat LIGNE 12 : constructor_standings_2.raceid,            ^"
889,"-- meta {""num_joins"":0,""num_aggregates"":7,""has_union"":false,""has_intersect"":true,""has_negation"":false} (select constructor_results_1.points, max( constructor_results_1.date), count( constructor_results_1.date), constructor_results_1.raceid, constructor_results_1.date, avg( constructor_results_1.points), count( constructor_results_1.raceid), min( constructor_results_1.constructorresultsid), constructor_results_1.constructorid, constructor_results_1.constructorresultsid , provsql.sr_why(provsql.provenance(), 'provmap') from constructor_results as constructor_results_1 where constructor_results_1.date is not NULL group by constructor_results_1.constructorid, constructor_results_1.constructorresultsid, constructor_results_1.date, constructor_results_1.points, constructor_results_1.raceid limit 39) INTERSECT (select standings_1.points, max( standings_1.date), count(*), standings_1.wins, standings_1.date, min( standings_1.points), max( standings_1.wins), count(*), standings_1.driverstandingsid, standings_1.driverstandingsid , provsql.sr_why(provsql.provenance(), 'provmap') from standings as standings_1 where standings_1.date = standings_1.date group by standings_1.raceid, standings_1.wins limit 15);",NO,"ERREUR:  la colonne « standings_1.points » doit apparaître dans la clause GROUP BY ou doit être utilisé dans une fonction d'agrégat LIGNE 24 : standings_1.points,            ^"
890,"-- meta {""num_joins"":2,""num_aggregates"":1,""has_union"":false,""has_intersect"":true,""has_negation"":false} (select drivers_1.driverref , provsql.sr_why(provsql.provenance(), 'provmap') from drivers as drivers_1 inner join qualifying as qualifying_1 on (drivers_1.driverid = qualifying_1.qualifyid ) where qualifying_1.constructorid is not NULL limit 12) INTERSECT (select sum( standings_2.position) , provsql.sr_why(provsql.provenance(), 'provmap') from standings as standings_1 inner join standings as standings_2 on (standings_1.driverstandingsid = standings_2.driverstandingsid ) where standings_2.date <= standings_1.date group by standings_1.points, standings_1.position, standings_1.raceid, standings_2.date, standings_2.driverid, standings_2.driverstandingsid, standings_2.position limit 14);",NO,"ERREUR:  les INTERSECT types text et numeric ne peuvent pas correspondre LIGNE 11 : sum(            ^"
891,"-- meta {""num_joins"":0,""num_aggregates"":0,""has_union"":false,""has_intersect"":false,""has_negation"":true} (select circuits_1.circuitid , provsql.sr_why(provsql.provenance(), 'provmap') from circuits as circuits_1 where circuits_1.circuitref is not NULL limit 39) EXCEPT (select constructor_standings_1.raceid , provsql.sr_why(provsql.provenance(), 'provmap') from constructor_standings as constructor_standings_1 where constructor_standings_1.constructorid >= constructor_standings_1.raceid limit 39);",YES,""
892,"-- meta {""num_joins"":0,""num_aggregates"":1,""has_union"":false,""has_intersect"":false,""has_negation"":true} (select constructor_results_1.constructorresultsid, constructor_results_1.date , provsql.sr_why(provsql.provenance(), 'provmap') from constructor_results as constructor_results_1 where constructor_results_1.constructorresultsid is not NULL limit 34) EXCEPT (select standings_1.position, count( standings_1.driverid) , provsql.sr_why(provsql.provenance(), 'provmap') from standings as standings_1 where standings_1.date < standings_1.date group by standings_1.date, standings_1.driverid, standings_1.driverstandingsid, standings_1.points, standings_1.raceid limit 3);",NO,"ERREUR:  les EXCEPT types timestamp without time zone et bigint ne peuvent pas correspondre LIGNE 11 : count(            ^"
893,"-- meta {""num_joins"":1,""num_aggregates"":0,""has_union"":false,""has_intersect"":false,""has_negation"":true} (select standings_1.driverid , provsql.sr_why(provsql.provenance(), 'provmap') from drivers as drivers_1 inner join standings as standings_1 on (drivers_1.driverid = standings_1.driverstandingsid ) where standings_1.wins is not NULL limit 19) EXCEPT (select constructors_1.constructorid , provsql.sr_why(provsql.provenance(), 'provmap') from constructors as constructors_1 where constructors_1.name is not NULL limit 19);",YES,""
894,"-- meta {""num_joins"":0,""num_aggregates"":3,""has_union"":false,""has_intersect"":false,""has_negation"":true} (select max( qualifying_1.raceid), qualifying_1.position, qualifying_1.raceid, qualifying_1.date, qualifying_1.constructorid, qualifying_1.driverid, sum( qualifying_1.number), qualifying_1.number, qualifying_1.qualifyid , provsql.sr_why(provsql.provenance(), 'provmap') from qualifying as qualifying_1 where qualifying_1.raceid is not NULL group by qualifying_1.constructorid, qualifying_1.date, qualifying_1.driverid, qualifying_1.number, qualifying_1.position, qualifying_1.qualifyid, qualifying_1.raceid limit 18) EXCEPT (select max( constructors_1.constructorid), min( constructors_1.constructorid), constructors_1.constructorid, avg( constructors_1.constructorid), constructors_1.constructorid, constructors_1.constructorid, sum( constructors_1.constructorid), constructors_1.constructorid, constructors_1.constructorid , provsql.sr_why(provsql.provenance(), 'provmap') from constructors as constructors_1 where constructors_1.nationality is not NULL group by constructors_1.constructorid, constructors_1.name, constructors_1.nationality limit 25);",NO,"ERREUR:  les EXCEPT types timestamp without time zone et numeric ne peuvent pas correspondre LIGNE 25 : avg(            ^"
895,"-- meta {""num_joins"":0,""num_aggregates"":1,""has_union"":false,""has_intersect"":false,""has_negation"":false} select count(*), standings_1.raceid, standings_1.driverid, standings_1.driverstandingsid, standings_1.points, standings_1.position , provsql.sr_why(provsql.provenance(), 'provmap') from standings as standings_1 where standings_1.raceid is not NULL group by standings_1.driverid, standings_1.driverstandingsid, standings_1.points, standings_1.position, standings_1.raceid limit 23;",YES,""
896,"-- meta {""num_joins"":0,""num_aggregates"":1,""has_union"":true,""has_intersect"":false,""has_negation"":false} (select constructors_1.constructorref, min( constructors_1.constructorid) , provsql.sr_why(provsql.provenance(), 'provmap') from constructors as constructors_1 where constructors_1.constructorref is not NULL group by constructors_1.constructorref limit 3) UNION (select max( constructor_results_1.date), count( constructor_results_1.date) , provsql.sr_why(provsql.provenance(), 'provmap') from constructor_results as constructor_results_1 where constructor_results_1.date is not NULL limit 13);",NO,"ERREUR:  les UNION types text et timestamp without time zone ne peuvent pas correspondre LIGNE 12 : max(            ^"
897,"-- meta {""num_joins"":1,""num_aggregates"":2,""has_union"":false,""has_intersect"":false,""has_negation"":true} (select circuits_1.circuitref, results_1.fastestlap, results_1.number, circuits_1.country, results_1.points , provsql.sr_why(provsql.provenance(), 'provmap') from results as results_1 inner join circuits as circuits_1 on (results_1.resultid = circuits_1.circuitid ) where circuits_1.lng is not NULL limit 24) EXCEPT (select sum( constructor_results_1.points), constructor_results_1.points, constructor_results_1.points, min( constructor_results_1.constructorresultsid), constructor_results_1.points , provsql.sr_why(provsql.provenance(), 'provmap') from constructor_results as constructor_results_1 where constructor_results_1.raceid is not NULL group by constructor_results_1.date, constructor_results_1.points, constructor_results_1.raceid limit 25);",NO,"ERREUR:  les EXCEPT types text et double precision ne peuvent pas correspondre LIGNE 15 : sum(            ^"
898,"-- meta {""num_joins"":0,""num_aggregates"":1,""has_union"":false,""has_intersect"":true,""has_negation"":false} (select races_1.circuitid, races_1.time, avg( races_1.year) , provsql.sr_why(provsql.provenance(), 'provmap') from races as races_1 where races_1.raceid is not NULL group by races_1.circuitid, races_1.time limit 4) INTERSECT (select constructor_results_1.constructorid, max( constructor_results_1.date), avg( constructor_results_1.constructorid) , provsql.sr_why(provsql.provenance(), 'provmap') from constructor_results as constructor_results_1 where constructor_results_1.date < constructor_results_1.date limit 20);",NO,"ERREUR:  la colonne « constructor_results_1.constructorid » doit apparaître dans la clause GROUP BY ou doit être utilisé dans une fonction d'agrégat LIGNE 13 : constructor_results_1.constructorid,            ^"
899,"-- meta {""num_joins"":3,""num_aggregates"":1,""has_union"":false,""has_intersect"":false,""has_negation"":false} select constructor_results_2.raceid, max( constructor_results_2.points), races_1.date, drivers_1.forename, races_1.time , provsql.sr_why(provsql.provenance(), 'provmap') from constructor_results as constructor_results_1 inner join constructor_results as constructor_results_2 on (constructor_results_1.constructorresultsid = constructor_results_2.constructorresultsid ) inner join races as races_1 inner join drivers as drivers_1 on (races_1.raceid = drivers_1.driverid ) on (constructor_results_1.constructorresultsid = races_1.raceid ) where constructor_results_2.points is not NULL group by constructor_results_2.raceid, drivers_1.forename, races_1.date, races_1.time limit 21;",YES,""
900,"-- meta {""num_joins"":1,""num_aggregates"":1,""has_union"":false,""has_intersect"":true,""has_negation"":false} (select results_1.grid, results_1.positionorder, count(*), results_1.date, results_1.rank, results_1.position, results_1.constructorid, results_1.points, results_1.driverid , provsql.sr_why(provsql.provenance(), 'provmap') from results as results_1 where results_1.position = results_1.rank group by results_1.constructorid, results_1.date, results_1.driverid, results_1.grid, results_1.points, results_1.position, results_1.positionorder, results_1.rank limit 38) INTERSECT (select drivers_1.driverid, drivers_2.driverid, min( drivers_1.driverid), drivers_1.dob, min( drivers_2.dob), avg( drivers_2.driverid), drivers_2.driverid, max( drivers_1.driverid), drivers_1.driverid , provsql.sr_why(provsql.provenance(), 'provmap') from drivers as drivers_1 inner join drivers as drivers_2 on (drivers_1.driverid = drivers_2.driverid ) where drivers_1.dob is not NULL limit 15);",NO,"ERREUR:  la colonne « drivers_1.driverid » doit apparaître dans la clause GROUP BY ou doit être utilisé dans une fonction d'agrégat LIGNE 18 : drivers_1.driverid,            ^"
901,"-- meta {""num_joins"":0,""num_aggregates"":4,""has_union"":false,""has_intersect"":true,""has_negation"":false} (select races_1.round, min( races_1.date), races_1.circuitid, races_1.raceid , provsql.sr_why(provsql.provenance(), 'provmap') from races as races_1 where races_1.date >= races_1.date group by races_1.circuitid, races_1.raceid, races_1.round limit 8) INTERSECT (select constructor_standings_1.constructorstandingsid, max( constructor_standings_1.date), constructor_standings_1.constructorstandingsid, constructor_standings_1.constructorstandingsid , provsql.sr_why(provsql.provenance(), 'provmap') from constructor_standings as constructor_standings_1 where constructor_standings_1.position is not NULL group by constructor_standings_1.constructorid, constructor_standings_1.constructorstandingsid, constructor_standings_1.date, constructor_standings_1.position, constructor_standings_1.raceid, constructor_standings_1.wins limit 40);",NO,"ERREUR:  Set operations other than UNION and EXCEPT not supported by provsql"
902,"-- meta {""num_joins"":0,""num_aggregates"":2,""has_union"":false,""has_intersect"":false,""has_negation"":true} (select min( standings_1.position), standings_1.driverid, standings_1.raceid , provsql.sr_why(provsql.provenance(), 'provmap') from standings as standings_1 where standings_1.points is not NULL group by standings_1.driverid, standings_1.raceid limit 39) EXCEPT (select max( results_1.driverid), results_1.laps, results_1.grid , provsql.sr_why(provsql.provenance(), 'provmap') from results as results_1 where results_1.laps is not NULL group by results_1.driverid, results_1.fastestlap, results_1.milliseconds, results_1.positionorder limit 3);",NO,"ERREUR:  la colonne « results_1.laps » doit apparaître dans la clause GROUP BY ou doit être utilisé dans une fonction d'agrégat LIGNE 15 : results_1.laps,            ^"
903,"-- meta {""num_joins"":0,""num_aggregates"":1,""has_union"":true,""has_intersect"":false,""has_negation"":false} (select drivers_1.surname , provsql.sr_why(provsql.provenance(), 'provmap') from drivers as drivers_1 where drivers_1.driverref is not NULL limit 2) UNION (select count( results_1.raceid) , provsql.sr_why(provsql.provenance(), 'provmap') from results as results_1 where results_1.rank is not NULL group by results_1.constructorid, results_1.date, results_1.driverid, results_1.fastestlap, results_1.grid, results_1.number, results_1.position, results_1.resultid limit 8);",NO,"ERREUR:  les UNION types text et bigint ne peuvent pas correspondre LIGNE 9 : count(           ^"
904,"-- meta {""num_joins"":2,""num_aggregates"":4,""has_union"":true,""has_intersect"":false,""has_negation"":false} (select circuits_1.country, circuits_1.lat, sum( circuits_1.lng), circuits_1.name, circuits_1.location, circuits_1.circuitid, circuits_1.circuitref, circuits_1.alt, min( circuits_1.circuitid), sum( circuits_1.circuitid), avg( circuits_1.circuitid) , provsql.sr_why(provsql.provenance(), 'provmap') from circuits as circuits_1 where circuits_1.lat is not NULL group by circuits_1.alt, circuits_1.circuitid, circuits_1.circuitref, circuits_1.country, circuits_1.lat, circuits_1.location, circuits_1.name limit 39) UNION (select races_1.name, constructor_standings_1.points, sum( constructor_standings_1.points), races_1.name, races_1.time, constructor_standings_1.position, races_1.time, max( constructor_standings_1.date), max( constructor_standings_1.constructorstandingsid), avg( qualifying_1.qualifyid), sum( qualifying_1.position) , provsql.sr_why(provsql.provenance(), 'provmap') from qualifying as qualifying_1 inner join races as races_1 inner join constructor_standings as constructor_standings_1 on (races_1.raceid = constructor_standings_1.constructorstandingsid ) on (qualifying_1.qualifyid = races_1.raceid ) where qualifying_1.raceid is not NULL limit 2);",NO,"ERREUR:  la colonne « races_1.name » doit apparaître dans la clause GROUP BY ou doit être utilisé dans une fonction d'agrégat LIGNE 24 : races_1.name,            ^"
905,"-- meta {""num_joins"":0,""num_aggregates"":0,""has_union"":true,""has_intersect"":false,""has_negation"":false} (select qualifying_1.raceid , provsql.sr_why(provsql.provenance(), 'provmap') from qualifying as qualifying_1 where qualifying_1.constructorid >= qualifying_1.number limit 26) UNION (select qualifying_2.constructorid , provsql.sr_why(provsql.provenance(), 'provmap') from qualifying as qualifying_2 where qualifying_2.date <= qualifying_2.date limit 11);",YES,""
906,"-- meta {""num_joins"":2,""num_aggregates"":11,""has_union"":false,""has_intersect"":false,""has_negation"":true} (select results_1.fastestlap, count( results_1.points), results_1.position, sum( results_1.raceid), results_1.constructorid, results_1.points, min( results_1.grid), results_1.resultid, results_1.raceid, results_1.date, max( results_1.statusid), results_1.driverid, results_1.statusid, sum( results_1.points), max( results_1.driverid), results_1.number, results_1.positionorder, max( results_1.date), max( results_1.date), avg( results_1.points) , provsql.sr_why(provsql.provenance(), 'provmap') from results as results_1 where results_1.rank is not NULL group by results_1.constructorid, results_1.date, results_1.driverid, results_1.fastestlap, results_1.number, results_1.points, results_1.position, results_1.positionorder, results_1.raceid, results_1.resultid, results_1.statusid limit 41) EXCEPT (select constructor_results_1.points, max( races_1.circuitid), constructor_results_1.points, sum( qualifying_1.number), races_1.raceid, max( races_1.date), count( races_1.name), qualifying_1.position, qualifying_1.qualifyid, races_1.date, max( races_1.raceid), qualifying_1.position, qualifying_1.position, sum( constructor_results_1.points), max( qualifying_1.number), constructor_results_1.points, races_1.circuitid, min( qualifying_1.date), max( qualifying_1.date), avg( constructor_results_1.points) , provsql.sr_why(provsql.provenance(), 'provmap') from races as races_1 inner join qualifying as qualifying_1 inner join constructor_results as constructor_results_1 on (qualifying_1.qualifyid = constructor_results_1.constructorresultsid ) on (races_1.raceid = constructor_results_1.constructorresultsid ) where constructor_results_1.raceid <= qualifying_1.driverid group by constructor_results_1.constructorid, constructor_results_1.constructorresultsid, qualifying_1.qualifyid, races_1.date limit 1);",NO,"ERREUR:  la colonne « races_1.raceid » doit apparaître dans la clause GROUP BY ou doit être utilisé dans une fonction d'agrégat LIGNE 44 : races_1.raceid,            ^"
907,"-- meta {""num_joins"":0,""num_aggregates"":4,""has_union"":false,""has_intersect"":true,""has_negation"":false} (select constructors_1.name, constructors_1.constructorref , provsql.sr_why(provsql.provenance(), 'provmap') from constructors as constructors_1 where constructors_1.constructorid is not NULL limit 3) INTERSECT (select min( constructor_results_1.date), min( constructor_results_1.date) , provsql.sr_why(provsql.provenance(), 'provmap') from constructor_results as constructor_results_1 where constructor_results_1.constructorresultsid is not NULL group by constructor_results_1.constructorid, constructor_results_1.constructorresultsid, constructor_results_1.date limit 4);",NO,"ERREUR:  les INTERSECT types text et timestamp without time zone ne peuvent pas correspondre LIGNE 10 : min(            ^"
908,"-- meta {""num_joins"":0,""num_aggregates"":0,""has_union"":false,""has_intersect"":true,""has_negation"":false} (select circuits_1.name , provsql.sr_why(provsql.provenance(), 'provmap') from circuits as circuits_1 where circuits_1.alt is not NULL limit 5) INTERSECT (select max( constructors_1.constructorid) , provsql.sr_why(provsql.provenance(), 'provmap') from constructors as constructors_1 where constructors_1.nationality is not NULL limit 17);",NO,"ERREUR:  les INTERSECT types text et bigint ne peuvent pas correspondre LIGNE 9 : max(           ^"
909,"-- meta {""num_joins"":5,""num_aggregates"":1,""has_union"":true,""has_intersect"":false,""has_negation"":false} (select constructor_results_1.date , provsql.sr_why(provsql.provenance(), 'provmap') from constructor_results as constructor_results_1 where constructor_results_1.constructorid is not NULL limit 2) UNION (select results_1.date , provsql.sr_why(provsql.provenance(), 'provmap') from constructor_results as constructor_results_2 inner join constructor_results as constructor_results_3 on (constructor_results_2.constructorresultsid = constructor_results_3.constructorresultsid ) inner join standings as standings_1 on (constructor_results_2.constructorresultsid = standings_1.driverstandingsid ) inner join results as results_1 inner join races as races_1 on (results_1.resultid = races_1.raceid ) inner join constructors as constructors_1 on (races_1.raceid = constructors_1.constructorid ) on (constructor_results_3.constructorresultsid = races_1.raceid ) where results_1.statusid is not NULL group by constructor_results_2.raceid, constructor_results_3.points, constructors_1.constructorid, constructors_1.constructorref limit 2);",NO,"ERREUR:  la colonne « results_1.date » doit apparaître dans la clause GROUP BY ou doit être utilisé dans une fonction d'agrégat LIGNE 9 : results_1.date           ^"
910,"-- meta {""num_joins"":1,""num_aggregates"":5,""has_union"":false,""has_intersect"":true,""has_negation"":false} (select constructors_1.constructorid, qualifying_1.raceid, max( qualifying_1.date), qualifying_1.number, constructors_1.name, qualifying_1.driverid, max( qualifying_1.date), max( qualifying_1.date), constructors_1.constructorref, count( qualifying_1.qualifyid) , provsql.sr_why(provsql.provenance(), 'provmap') from qualifying as qualifying_1 inner join constructors as constructors_1 on (qualifying_1.qualifyid = constructors_1.constructorid ) where qualifying_1.number is not NULL group by constructors_1.constructorid, constructors_1.constructorref, constructors_1.name, qualifying_1.driverid, qualifying_1.number, qualifying_1.raceid limit 31) INTERSECT (select drivers_1.driverid, drivers_1.driverid, max( drivers_1.dob), drivers_1.driverid, drivers_1.driverref, drivers_1.driverid, min( drivers_1.dob), max( drivers_1.dob), drivers_1.forename, count( drivers_1.forename) , provsql.sr_why(provsql.provenance(), 'provmap') from drivers as drivers_1 where drivers_1.driverid is not NULL group by drivers_1.dob, drivers_1.driverid, drivers_1.surname limit 21);",NO,"ERREUR:  Set operations other than UNION and EXCEPT not supported by provsql"
911,"-- meta {""num_joins"":0,""num_aggregates"":1,""has_union"":false,""has_intersect"":true,""has_negation"":false} (select standings_1.date, standings_1.driverstandingsid, max( standings_1.points), standings_1.driverid, standings_1.position , provsql.sr_why(provsql.provenance(), 'provmap') from standings as standings_1 where standings_1.wins is not NULL group by standings_1.date, standings_1.driverid, standings_1.driverstandingsid, standings_1.position limit 41) INTERSECT (select constructor_standings_1.date, constructor_standings_1.raceid, sum( constructor_standings_1.points), constructor_standings_1.raceid, constructor_standings_1.position , provsql.sr_why(provsql.provenance(), 'provmap') from constructor_standings as constructor_standings_1 where constructor_standings_1.constructorid is not NULL limit 34);",NO,"ERREUR:  la colonne « constructor_standings_1.date » doit apparaître dans la clause GROUP BY ou doit être utilisé dans une fonction d'agrégat LIGNE 15 : constructor_standings_1.date,            ^"
912,"-- meta {""num_joins"":5,""num_aggregates"":1,""has_union"":false,""has_intersect"":false,""has_negation"":true} (select results_1.milliseconds, results_1.position , provsql.sr_why(provsql.provenance(), 'provmap') from results as results_1 where results_1.number is not NULL limit 18) EXCEPT (select constructor_results_1.points, constructor_results_1.points , provsql.sr_why(provsql.provenance(), 'provmap') from drivers as drivers_1 inner join drivers as drivers_2 on (drivers_1.driverid = drivers_2.driverid ) inner join constructor_results as constructor_results_1 on (drivers_1.driverid = constructor_results_1.constructorresultsid ) inner join constructors as constructors_1 inner join qualifying as qualifying_1 on (constructors_1.constructorid = qualifying_1.qualifyid ) inner join drivers as drivers_3 on (constructors_1.constructorid = drivers_3.driverid ) on (constructor_results_1.constructorresultsid = constructors_1.constructorid ) where qualifying_1.driverid is not NULL group by constructor_results_1.constructorid, constructor_results_1.date, constructors_1.constructorid, drivers_1.surname, drivers_3.driverid limit 25);",NO,"ERREUR:  la colonne « constructor_results_1.points » doit apparaître dans la clause GROUP BY ou doit être utilisé dans une fonction d'agrégat LIGNE 10 : constructor_results_1.points,            ^"
913,"-- meta {""num_joins"":1,""num_aggregates"":8,""has_union"":false,""has_intersect"":true,""has_negation"":false} (select constructor_standings_1.position, constructor_standings_1.constructorid , provsql.sr_why(provsql.provenance(), 'provmap') from races as races_1 inner join constructor_standings as constructor_standings_1 on (races_1.raceid = constructor_standings_1.constructorstandingsid ) where races_1.circuitid is not NULL limit 18) INTERSECT (select constructor_standings_2.constructorid, max( constructor_standings_2.constructorid) , provsql.sr_why(provsql.provenance(), 'provmap') from constructor_standings as constructor_standings_2 where constructor_standings_2.points is not NULL group by constructor_standings_2.constructorid, constructor_standings_2.constructorstandingsid, constructor_standings_2.date, constructor_standings_2.points, constructor_standings_2.position, constructor_standings_2.raceid, constructor_standings_2.wins limit 18);",NO,"ERREUR:  Set operations other than UNION and EXCEPT not supported by provsql"
914,"-- meta {""num_joins"":1,""num_aggregates"":3,""has_union"":false,""has_intersect"":false,""has_negation"":true} (select count(*) , provsql.sr_why(provsql.provenance(), 'provmap') from races as races_1 where races_1.date >= races_1.date limit 28) EXCEPT (select min( standings_1.driverstandingsid) , provsql.sr_why(provsql.provenance(), 'provmap') from drivers as drivers_1 inner join standings as standings_1 on (drivers_1.driverid = standings_1.driverstandingsid ) where drivers_1.driverref is not NULL group by drivers_1.dob, drivers_1.driverref, drivers_1.nationality, standings_1.date, standings_1.driverid, standings_1.points limit 20);",NO,"ERREUR:  provenance() called on a table without provenance"
915,"-- meta {""num_joins"":1,""num_aggregates"":4,""has_union"":true,""has_intersect"":false,""has_negation"":false} (select results_1.position, results_1.resultid , provsql.sr_why(provsql.provenance(), 'provmap') from results as results_1 where results_1.date is not NULL limit 13) UNION (select standings_1.points, standings_1.wins , provsql.sr_why(provsql.provenance(), 'provmap') from standings as standings_1 inner join constructors as constructors_1 on (standings_1.driverstandingsid = constructors_1.constructorid ) where constructors_1.name is not NULL group by constructors_1.constructorid, constructors_1.constructorref, constructors_1.name, constructors_1.nationality, standings_1.driverstandingsid, standings_1.points, standings_1.position, standings_1.wins limit 39);",YES,""
916,"-- meta {""num_joins"":0,""num_aggregates"":0,""has_union"":false,""has_intersect"":false,""has_negation"":false} select constructor_results_1.raceid, constructor_results_1.date, constructor_results_1.points, constructor_results_1.constructorresultsid , provsql.sr_why(provsql.provenance(), 'provmap') from constructor_results as constructor_results_1 where constructor_results_1.constructorresultsid is not NULL limit 34;",YES,""
917,"-- meta {""num_joins"":0,""num_aggregates"":0,""has_union"":false,""has_intersect"":true,""has_negation"":false} (select circuits_1.name, circuits_1.alt, circuits_1.circuitref, circuits_1.lng , provsql.sr_why(provsql.provenance(), 'provmap') from circuits as circuits_1 where circuits_1.lng is not NULL limit 9) INTERSECT (select circuits_2.location, circuits_2.lng, circuits_2.country, circuits_2.lng , provsql.sr_why(provsql.provenance(), 'provmap') from circuits as circuits_2 where circuits_2.alt is not NULL limit 6);",NO,"ERREUR:  Set operations other than UNION and EXCEPT not supported by provsql"
918,"-- meta {""num_joins"":0,""num_aggregates"":0,""has_union"":false,""has_intersect"":true,""has_negation"":false} (select results_1.fastestlap , provsql.sr_why(provsql.provenance(), 'provmap') from results as results_1 where results_1.laps is not NULL limit 24) INTERSECT (select max( drivers_1.dob) , provsql.sr_why(provsql.provenance(), 'provmap') from drivers as drivers_1 where drivers_1.code is not NULL limit 33);",NO,"ERREUR:  les INTERSECT types double precision et timestamp without time zone ne peuvent pas correspondre LIGNE 9 : max(           ^"
919,"-- meta {""num_joins"":2,""num_aggregates"":0,""has_union"":false,""has_intersect"":false,""has_negation"":true} (select circuits_1.location, standings_1.raceid, circuits_1.country, circuits_1.circuitref, standings_2.date , provsql.sr_why(provsql.provenance(), 'provmap') from standings as standings_1 inner join standings as standings_2 on (standings_1.driverstandingsid = standings_2.driverstandingsid ) inner join circuits as circuits_1 on (standings_1.driverstandingsid = circuits_1.circuitid ) where standings_1.driverid is not NULL limit 31) EXCEPT (select max( constructor_results_1.date), constructor_results_1.raceid, min( constructor_results_1.points), avg( constructor_results_1.constructorid), constructor_results_1.date , provsql.sr_why(provsql.provenance(), 'provmap') from constructor_results as constructor_results_1 where constructor_results_1.constructorid is not NULL limit 6);",NO,"ERREUR:  la colonne « constructor_results_1.raceid » doit apparaître dans la clause GROUP BY ou doit être utilisé dans une fonction d'agrégat LIGNE 19 : constructor_results_1.raceid,            ^"
920,"-- meta {""num_joins"":1,""num_aggregates"":1,""has_union"":false,""has_intersect"":true,""has_negation"":false} (select races_1.raceid, max( races_1.year), races_1.year, races_1.round, races_1.time , provsql.sr_why(provsql.provenance(), 'provmap') from races as races_1 where races_1.circuitid is not NULL group by races_1.raceid, races_1.round, races_1.time, races_1.year limit 11) INTERSECT (select circuits_2.circuitid, count( circuits_2.circuitid), circuits_2.circuitid, circuits_2.circuitid, circuits_1.circuitref , provsql.sr_why(provsql.provenance(), 'provmap') from circuits as circuits_1 inner join circuits as circuits_2 on (circuits_1.circuitid = circuits_2.circuitid ) where circuits_1.lng is not NULL limit 6);",NO,"ERREUR:  la colonne « circuits_2.circuitid » doit apparaître dans la clause GROUP BY ou doit être utilisé dans une fonction d'agrégat LIGNE 15 : circuits_2.circuitid,            ^"
921,"-- meta {""num_joins"":1,""num_aggregates"":0,""has_union"":false,""has_intersect"":false,""has_negation"":true} (select qualifying_1.number, qualifying_1.raceid, qualifying_1.date , provsql.sr_why(provsql.provenance(), 'provmap') from qualifying as qualifying_1 where qualifying_1.constructorid is not NULL limit 41) EXCEPT (select races_2.round, races_2.circuitid, races_2.date , provsql.sr_why(provsql.provenance(), 'provmap') from races as races_1 inner join races as races_2 on (races_1.raceid = races_2.raceid ) where races_1.date is not NULL limit 7);",YES,""
922,"-- meta {""num_joins"":0,""num_aggregates"":0,""has_union"":false,""has_intersect"":false,""has_negation"":false} select constructors_1.name , provsql.sr_why(provsql.provenance(), 'provmap') from constructors as constructors_1 where constructors_1.name is not NULL limit 37;",YES,""
923,"-- meta {""num_joins"":0,""num_aggregates"":1,""has_union"":false,""has_intersect"":true,""has_negation"":false} (select races_1.date, races_1.raceid , provsql.sr_why(provsql.provenance(), 'provmap') from races as races_1 where races_1.round is not NULL limit 32) INTERSECT (select standings_1.date, standings_1.driverid , provsql.sr_why(provsql.provenance(), 'provmap') from standings as standings_1 where standings_1.date is not NULL group by standings_1.position, standings_1.raceid limit 30);",NO,"ERREUR:  la colonne « standings_1.date » doit apparaître dans la clause GROUP BY ou doit être utilisé dans une fonction d'agrégat LIGNE 10 : standings_1.date,            ^"
924,"-- meta {""num_joins"":1,""num_aggregates"":2,""has_union"":true,""has_intersect"":false,""has_negation"":false} (select max( races_1.date), races_1.raceid, races_1.year , provsql.sr_why(provsql.provenance(), 'provmap') from circuits as circuits_1 inner join races as races_1 on (circuits_1.circuitid = races_1.raceid ) where races_1.date >= races_1.date group by races_1.raceid, races_1.year limit 7) UNION (select min( races_2.date), races_2.raceid, races_2.round , provsql.sr_why(provsql.provenance(), 'provmap') from races as races_2 where races_2.circuitid is not NULL group by races_2.name, races_2.year limit 2);",NO,"ERREUR:  la colonne « races_2.raceid » doit apparaître dans la clause GROUP BY ou doit être utilisé dans une fonction d'agrégat LIGNE 17 : races_2.raceid,            ^"
925,"-- meta {""num_joins"":0,""num_aggregates"":1,""has_union"":false,""has_intersect"":false,""has_negation"":false} select constructors_1.nationality, constructors_1.name, constructors_1.constructorid, max( constructors_1.constructorid), constructors_1.constructorref , provsql.sr_why(provsql.provenance(), 'provmap') from constructors as constructors_1 where constructors_1.constructorid is not NULL group by constructors_1.constructorid, constructors_1.constructorref, constructors_1.name, constructors_1.nationality limit 17;",YES,""
926,"-- meta {""num_joins"":2,""num_aggregates"":1,""has_union"":true,""has_intersect"":false,""has_negation"":false} (select constructor_standings_1.raceid, constructor_standings_1.wins, standings_1.raceid, standings_1.driverstandingsid , provsql.sr_why(provsql.provenance(), 'provmap') from constructor_standings as constructor_standings_1 inner join standings as standings_1 on (constructor_standings_1.constructorstandingsid = standings_1.driverstandingsid ) where standings_1.points >= constructor_standings_1.points limit 38) UNION (select results_1.positionorder, results_1.grid, qualifying_1.raceid, results_1.constructorid , provsql.sr_why(provsql.provenance(), 'provmap') from qualifying as qualifying_1 inner join results as results_1 on (qualifying_1.qualifyid = results_1.resultid ) where results_1.raceid is not NULL group by qualifying_1.date, qualifying_1.driverid, qualifying_1.qualifyid, results_1.driverid, results_1.number limit 16);",NO,"ERREUR:  la colonne « results_1.positionorder » doit apparaître dans la clause GROUP BY ou doit être utilisé dans une fonction d'agrégat LIGNE 14 : results_1.positionorder,            ^"
927,"-- meta {""num_joins"":0,""num_aggregates"":2,""has_union"":true,""has_intersect"":false,""has_negation"":false} (select constructor_standings_1.constructorid, constructor_standings_1.wins, count(*) , provsql.sr_why(provsql.provenance(), 'provmap') from constructor_standings as constructor_standings_1 where constructor_standings_1.raceid is not NULL group by constructor_standings_1.constructorid, constructor_standings_1.wins limit 14) UNION (select drivers_1.driverid, max( drivers_1.driverid), max( drivers_1.driverid) , provsql.sr_why(provsql.provenance(), 'provmap') from drivers as drivers_1 where drivers_1.nationality >= drivers_1.surname group by drivers_1.dob, drivers_1.driverid, drivers_1.nationality, drivers_1.surname limit 9);",NO,"ERREUR:  UNION/INTERSECT/EXCEPT n'a pas pu convertir le type provsql.agg_token en bigint"
928,"-- meta {""num_joins"":0,""num_aggregates"":1,""has_union"":false,""has_intersect"":true,""has_negation"":false} (select constructor_results_1.constructorid , provsql.sr_why(provsql.provenance(), 'provmap') from constructor_results as constructor_results_1 where constructor_results_1.raceid is not NULL limit 28) INTERSECT (select circuits_1.circuitid , provsql.sr_why(provsql.provenance(), 'provmap') from circuits as circuits_1 where circuits_1.circuitid > circuits_1.circuitid group by circuits_1.circuitid, circuits_1.name limit 27);",NO,"ERREUR:  Set operations other than UNION and EXCEPT not supported by provsql"
929,"-- meta {""num_joins"":0,""num_aggregates"":1,""has_union"":false,""has_intersect"":true,""has_negation"":false} (select constructors_1.constructorid, constructors_1.name , provsql.sr_why(provsql.provenance(), 'provmap') from constructors as constructors_1 where constructors_1.constructorref is not NULL limit 37) INTERSECT (select qualifying_1.raceid, min( qualifying_1.driverid) , provsql.sr_why(provsql.provenance(), 'provmap') from qualifying as qualifying_1 where qualifying_1.raceid is not NULL group by qualifying_1.position, qualifying_1.qualifyid, qualifying_1.raceid limit 38);",NO,"ERREUR:  les INTERSECT types text et bigint ne peuvent pas correspondre LIGNE 11 : min(            ^"
930,"-- meta {""num_joins"":4,""num_aggregates"":2,""has_union"":false,""has_intersect"":true,""has_negation"":false} (select constructors_1.nationality, constructors_1.name, min( results_1.date), qualifying_1.date, constructors_1.constructorref, results_1.fastestlap, qualifying_1.number, qualifying_1.qualifyid, sum( qualifying_1.raceid), results_1.milliseconds, qualifying_1.driverid , provsql.sr_why(provsql.provenance(), 'provmap') from qualifying as qualifying_1 inner join constructors as constructors_1 inner join results as results_1 on (constructors_1.constructorid = results_1.resultid ) on (qualifying_1.qualifyid = results_1.resultid ) where constructors_1.name is not NULL group by constructors_1.constructorref, constructors_1.name, constructors_1.nationality, qualifying_1.date, qualifying_1.driverid, qualifying_1.number, qualifying_1.qualifyid, results_1.fastestlap, results_1.milliseconds limit 3) INTERSECT (select races_1.name, races_1.name, min( results_2.date), races_1.date, min( races_1.date), results_2.position, results_2.driverid, races_1.circuitid, avg( races_1.round), results_2.position, constructors_2.constructorid , provsql.sr_why(provsql.provenance(), 'provmap') from constructors as constructors_2 inner join races as races_1 inner join results as results_2 on (races_1.raceid = results_2.resultid ) on (constructors_2.constructorid = results_2.resultid ) where races_1.raceid is not NULL limit 15);",NO,"ERREUR:  la colonne « races_1.name » doit apparaître dans la clause GROUP BY ou doit être utilisé dans une fonction d'agrégat LIGNE 26 : races_1.name,            ^"
931,"-- meta {""num_joins"":2,""num_aggregates"":2,""has_union"":false,""has_intersect"":false,""has_negation"":true} (select max( constructor_results_1.date), min( constructor_results_1.date), constructor_results_1.constructorresultsid, constructor_results_1.raceid, constructor_results_1.date, constructor_results_1.constructorid, constructor_results_1.points , provsql.sr_why(provsql.provenance(), 'provmap') from constructor_results as constructor_results_1 where constructor_results_1.constructorid is not NULL group by constructor_results_1.constructorid, constructor_results_1.constructorresultsid, constructor_results_1.date, constructor_results_1.points, constructor_results_1.raceid limit 11) EXCEPT (select max( constructor_standings_1.date), min( constructor_standings_1.date), constructor_standings_1.constructorstandingsid, results_1.driverid, max( constructor_standings_1.date), constructor_standings_1.raceid, sum( results_1.resultid) , provsql.sr_why(provsql.provenance(), 'provmap') from results as results_1 inner join constructor_standings as constructor_standings_1 on (results_1.resultid = constructor_standings_1.constructorstandingsid ) inner join drivers as drivers_1 on (constructor_standings_1.constructorstandingsid = drivers_1.driverid ) where results_1.rank < results_1.points limit 12);",NO,"ERREUR:  la colonne « constructor_standings_1.constructorstandingsid » doit apparaître dans la clause GROUP BY ou doit être utilisé dans une fonction d'agrégat LIGNE 22 : constructor_standings_1.constructorstandingsid,            ^"
932,"-- meta {""num_joins"":0,""num_aggregates"":4,""has_union"":false,""has_intersect"":false,""has_negation"":true} (select max( constructor_results_1.points), constructor_results_1.raceid, max( constructor_results_1.date), avg( constructor_results_1.constructorid), constructor_results_1.constructorresultsid, constructor_results_1.points , provsql.sr_why(provsql.provenance(), 'provmap') from constructor_results as constructor_results_1 where constructor_results_1.points is not NULL group by constructor_results_1.constructorresultsid, constructor_results_1.points, constructor_results_1.raceid limit 30) EXCEPT (select min( standings_1.points), standings_1.position, max( standings_1.date), sum( standings_1.position), standings_1.driverstandingsid, standings_1.points , provsql.sr_why(provsql.provenance(), 'provmap') from standings as standings_1 where standings_1.driverid is not NULL group by standings_1.points, standings_1.raceid, standings_1.wins limit 7);",NO,"ERREUR:  la colonne « standings_1.position » doit apparaître dans la clause GROUP BY ou doit être utilisé dans une fonction d'agrégat LIGNE 20 : standings_1.position,            ^"
933,"-- meta {""num_joins"":0,""num_aggregates"":1,""has_union"":false,""has_intersect"":false,""has_negation"":false} select results_1.number, results_1.rank, results_1.milliseconds, results_1.grid, results_1.position, results_1.constructorid, results_1.statusid, results_1.fastestlap, results_1.points, max( results_1.positionorder), results_1.raceid , provsql.sr_why(provsql.provenance(), 'provmap') from results as results_1 where results_1.number > results_1.milliseconds group by results_1.constructorid, results_1.fastestlap, results_1.grid, results_1.milliseconds, results_1.number, results_1.points, results_1.position, results_1.raceid, results_1.rank, results_1.statusid limit 13;",YES,""
934,"-- meta {""num_joins"":4,""num_aggregates"":3,""has_union"":true,""has_intersect"":false,""has_negation"":false} (select avg( circuits_1.lng), sum( standings_1.points) , provsql.sr_why(provsql.provenance(), 'provmap') from standings as standings_1 inner join constructor_standings as constructor_standings_1 on (standings_1.driverstandingsid = constructor_standings_1.constructorstandingsid ) inner join circuits as circuits_1 inner join constructor_standings as constructor_standings_2 on (circuits_1.circuitid = constructor_standings_2.constructorstandingsid ) inner join drivers as drivers_1 on (constructor_standings_2.constructorstandingsid = drivers_1.driverid ) on (constructor_standings_1.constructorstandingsid = drivers_1.driverid ) where drivers_1.driverref is not NULL limit 42) UNION (select sum( standings_2.points), min( standings_2.points) , provsql.sr_why(provsql.provenance(), 'provmap') from standings as standings_2 where standings_2.raceid is not NULL group by standings_2.date, standings_2.driverid, standings_2.driverstandingsid, standings_2.position, standings_2.raceid, standings_2.wins limit 27);",NO,"ERREUR:  UNION/INTERSECT/EXCEPT n'a pas pu convertir le type provsql.agg_token en double precision"
935,"-- meta {""num_joins"":0,""num_aggregates"":2,""has_union"":false,""has_intersect"":false,""has_negation"":false} select sum( constructor_standings_1.raceid), constructor_standings_1.position, count( constructor_standings_1.wins), constructor_standings_1.wins, constructor_standings_1.points , provsql.sr_why(provsql.provenance(), 'provmap') from constructor_standings as constructor_standings_1 where constructor_standings_1.wins is not NULL group by constructor_standings_1.points, constructor_standings_1.position, constructor_standings_1.wins limit 7;",YES,""
936,"-- meta {""num_joins"":3,""num_aggregates"":0,""has_union"":true,""has_intersect"":false,""has_negation"":false} (select races_1.time, constructor_results_1.raceid, circuits_1.lat, circuits_1.lng, races_1.name, standings_1.raceid, circuits_1.circuitid, constructor_results_1.date, races_1.year, constructor_results_1.constructorresultsid, constructor_results_1.constructorid, races_1.raceid, circuits_1.alt , provsql.sr_why(provsql.provenance(), 'provmap') from circuits as circuits_1 inner join races as races_1 on (circuits_1.circuitid = races_1.raceid ) inner join constructor_results as constructor_results_1 on (races_1.raceid = constructor_results_1.constructorresultsid ) inner join standings as standings_1 on (races_1.raceid = standings_1.driverstandingsid ) where races_1.time is not NULL limit 14) UNION (select min( constructor_standings_1.date), constructor_standings_1.constructorid, constructor_standings_1.points, count( constructor_standings_1.constructorid), count(*), constructor_standings_1.raceid, constructor_standings_1.constructorstandingsid, constructor_standings_1.date, constructor_standings_1.raceid, sum( constructor_standings_1.constructorid), constructor_standings_1.constructorid, constructor_standings_1.wins, constructor_standings_1.points , provsql.sr_why(provsql.provenance(), 'provmap') from constructor_standings as constructor_standings_1 where constructor_standings_1.raceid is not NULL limit 2);",NO,"ERREUR:  la colonne « constructor_standings_1.constructorid » doit apparaître dans la clause GROUP BY ou doit être utilisé dans une fonction d'agrégat LIGNE 29 : constructor_standings_1.constructorid,            ^"
937,"-- meta {""num_joins"":0,""num_aggregates"":1,""has_union"":false,""has_intersect"":true,""has_negation"":false} (select min( races_1.circuitid), races_1.date, races_1.raceid, races_1.name, races_1.circuitid, races_1.time, races_1.round , provsql.sr_why(provsql.provenance(), 'provmap') from races as races_1 where races_1.time is not NULL group by races_1.circuitid, races_1.date, races_1.name, races_1.raceid, races_1.round, races_1.time limit 1) INTERSECT (select count( constructors_1.nationality), max( constructors_1.constructorid), constructors_1.constructorid, constructors_1.nationality, constructors_1.constructorid, constructors_1.name, constructors_1.constructorid , provsql.sr_why(provsql.provenance(), 'provmap') from constructors as constructors_1 where constructors_1.name is not NULL limit 31);",NO,"ERREUR:  la colonne « constructors_1.constructorid » doit apparaître dans la clause GROUP BY ou doit être utilisé dans une fonction d'agrégat LIGNE 21 : constructors_1.constructorid,            ^"
938,"-- meta {""num_joins"":2,""num_aggregates"":1,""has_union"":false,""has_intersect"":true,""has_negation"":false} (select count(*), races_1.name, races_1.circuitid , provsql.sr_why(provsql.provenance(), 'provmap') from drivers as drivers_1 inner join races as races_1 on (drivers_1.driverid = races_1.raceid ) where races_1.raceid is not NULL group by races_1.circuitid, races_1.name limit 34) INTERSECT (select count(*), races_2.time, races_2.raceid , provsql.sr_why(provsql.provenance(), 'provmap') from races as races_2 inner join results as results_1 on (races_2.raceid = results_1.resultid ) where results_1.position < results_1.rank limit 40);",NO,"ERREUR:  la colonne « races_2.time » doit apparaître dans la clause GROUP BY ou doit être utilisé dans une fonction d'agrégat LIGNE 15 : races_2.time,            ^"
939,"-- meta {""num_joins"":0,""num_aggregates"":2,""has_union"":true,""has_intersect"":false,""has_negation"":false} (select max( constructor_results_1.raceid), constructor_results_1.constructorid, constructor_results_1.constructorresultsid , provsql.sr_why(provsql.provenance(), 'provmap') from constructor_results as constructor_results_1 where constructor_results_1.constructorresultsid is not NULL group by constructor_results_1.constructorid, constructor_results_1.constructorresultsid limit 3) UNION (select min( constructor_results_2.constructorid), constructor_results_2.constructorid, constructor_results_2.constructorresultsid , provsql.sr_why(provsql.provenance(), 'provmap') from constructor_results as constructor_results_2 where constructor_results_2.constructorresultsid is not NULL group by constructor_results_2.constructorid limit 32);",NO,"ERREUR:  la colonne « constructor_results_2.constructorresultsid » doit apparaître dans la clause GROUP BY ou doit être utilisé dans une fonction d'agrégat LIGNE 16 : constructor_results_2.constructorresultsid            ^"
940,"-- meta {""num_joins"":2,""num_aggregates"":2,""has_union"":false,""has_intersect"":false,""has_negation"":true} (select constructors_1.constructorid, constructor_results_1.points , provsql.sr_why(provsql.provenance(), 'provmap') from qualifying as qualifying_1 inner join constructors as constructors_1 inner join constructor_results as constructor_results_1 on (constructors_1.constructorid = constructor_results_1.constructorresultsid ) on (qualifying_1.qualifyid = constructors_1.constructorid ) where constructor_results_1.points is not NULL limit 2) EXCEPT (select races_1.raceid, sum( races_1.raceid) , provsql.sr_why(provsql.provenance(), 'provmap') from races as races_1 where races_1.date > races_1.date group by races_1.circuitid, races_1.date, races_1.name, races_1.raceid, races_1.round, races_1.time, races_1.year limit 41);",YES,""
941,"-- meta {""num_joins"":0,""num_aggregates"":0,""has_union"":false,""has_intersect"":false,""has_negation"":false} select constructors_1.constructorid, constructors_1.nationality , provsql.sr_why(provsql.provenance(), 'provmap') from constructors as constructors_1 where constructors_1.constructorid >= constructors_1.constructorid limit 22;",YES,""
942,"-- meta {""num_joins"":0,""num_aggregates"":1,""has_union"":false,""has_intersect"":false,""has_negation"":false} select drivers_1.dob, sum( drivers_1.driverid), drivers_1.driverref , provsql.sr_why(provsql.provenance(), 'provmap') from drivers as drivers_1 where drivers_1.dob <= drivers_1.dob group by drivers_1.dob, drivers_1.driverref limit 31;",YES,""
943,"-- meta {""num_joins"":0,""num_aggregates"":0,""has_union"":false,""has_intersect"":false,""has_negation"":false} select constructor_standings_1.raceid, constructor_standings_1.date , provsql.sr_why(provsql.provenance(), 'provmap') from constructor_standings as constructor_standings_1 where constructor_standings_1.wins is not NULL limit 6;",YES,""
944,"-- meta {""num_joins"":2,""num_aggregates"":2,""has_union"":false,""has_intersect"":false,""has_negation"":true} (select drivers_1.forename, drivers_1.dob, constructor_standings_1.constructorid, max( constructor_standings_1.constructorstandingsid), constructor_standings_1.position, drivers_1.driverid, max( constructor_standings_1.points), drivers_1.code , provsql.sr_why(provsql.provenance(), 'provmap') from drivers as drivers_1 inner join constructor_standings as constructor_standings_1 on (drivers_1.driverid = constructor_standings_1.constructorstandingsid ) where constructor_standings_1.points > constructor_standings_1.points group by constructor_standings_1.constructorid, constructor_standings_1.position, drivers_1.code, drivers_1.dob, drivers_1.driverid, drivers_1.forename limit 10) EXCEPT (select constructors_1.constructorref, results_1.date, results_1.driverid, count( results_1.driverid), results_1.laps, constructors_1.constructorid, avg( results_1.number), constructors_1.nationality , provsql.sr_why(provsql.provenance(), 'provmap') from constructors as constructors_1 inner join results as results_1 on (constructors_1.constructorid = results_1.resultid ) where results_1.driverid is not NULL limit 1);",NO,"ERREUR:  la colonne « constructors_1.constructorref » doit apparaître dans la clause GROUP BY ou doit être utilisé dans une fonction d'agrégat LIGNE 21 : constructors_1.constructorref,            ^"
945,"-- meta {""num_joins"":3,""num_aggregates"":4,""has_union"":false,""has_intersect"":false,""has_negation"":false} select constructors_2.nationality, max( constructor_results_1.constructorid), constructors_1.constructorid, max( constructor_results_1.raceid), min( drivers_1.driverid), constructor_results_1.constructorid, constructor_results_1.constructorresultsid, constructor_results_1.points, max( constructor_results_1.date) , provsql.sr_why(provsql.provenance(), 'provmap') from constructor_results as constructor_results_1 inner join constructors as constructors_1 inner join constructors as constructors_2 on (constructors_1.constructorid = constructors_2.constructorid ) inner join drivers as drivers_1 on (constructors_1.constructorid = drivers_1.driverid ) on (constructor_results_1.constructorresultsid = drivers_1.driverid ) where drivers_1.surname >= drivers_1.forename group by constructor_results_1.constructorid, constructor_results_1.constructorresultsid, constructor_results_1.points, constructors_1.constructorid, constructors_2.nationality limit 7;",YES,""
946,"-- meta {""num_joins"":0,""num_aggregates"":0,""has_union"":false,""has_intersect"":false,""has_negation"":false} select circuits_1.circuitref, circuits_1.alt , provsql.sr_why(provsql.provenance(), 'provmap') from circuits as circuits_1 where circuits_1.alt is not NULL limit 8;",YES,""
947,"-- meta {""num_joins"":0,""num_aggregates"":0,""has_union"":false,""has_intersect"":true,""has_negation"":false} (select standings_1.date, standings_1.driverid , provsql.sr_why(provsql.provenance(), 'provmap') from standings as standings_1 where standings_1.date is not NULL limit 31) INTERSECT (select min( qualifying_1.date), max( qualifying_1.date) , provsql.sr_why(provsql.provenance(), 'provmap') from qualifying as qualifying_1 where qualifying_1.number is not NULL limit 4);",NO,"ERREUR:  les INTERSECT types bigint et timestamp without time zone ne peuvent pas correspondre LIGNE 12 : max(            ^"
948,"-- meta {""num_joins"":0,""num_aggregates"":1,""has_union"":false,""has_intersect"":false,""has_negation"":true} (select constructors_1.constructorref, avg( constructors_1.constructorid), constructors_1.nationality , provsql.sr_why(provsql.provenance(), 'provmap') from constructors as constructors_1 where constructors_1.constructorid = constructors_1.constructorid group by constructors_1.constructorref, constructors_1.nationality limit 12) EXCEPT (select avg( results_1.fastestlap), sum( results_1.laps), min( results_1.date) , provsql.sr_why(provsql.provenance(), 'provmap') from results as results_1 where results_1.laps is not NULL limit 10);",NO,"ERREUR:  les EXCEPT types text et double precision ne peuvent pas correspondre LIGNE 13 : avg(            ^"
949,"-- meta {""num_joins"":5,""num_aggregates"":3,""has_union"":true,""has_intersect"":false,""has_negation"":false} (select constructor_results_2.date, constructor_results_1.raceid, count(*), constructor_results_1.date, max( constructor_results_1.points), constructors_1.constructorref, sum( constructor_results_1.constructorid) , provsql.sr_why(provsql.provenance(), 'provmap') from constructor_results as constructor_results_1 inner join constructor_results as constructor_results_2 inner join constructors as constructors_1 on (constructor_results_2.constructorresultsid = constructors_1.constructorid ) on (constructor_results_1.constructorresultsid = constructors_1.constructorid ) where constructor_results_1.constructorresultsid is not NULL group by constructor_results_1.date, constructor_results_1.raceid, constructor_results_2.date, constructors_1.constructorref limit 17) UNION (select drivers_1.dob, qualifying_1.qualifyid, min( constructor_results_3.constructorresultsid), qualifying_1.date, max( constructor_results_3.points), drivers_1.code, sum( constructor_results_4.constructorid) , provsql.sr_why(provsql.provenance(), 'provmap') from constructor_results as constructor_results_3 inner join constructor_results as constructor_results_4 inner join drivers as drivers_1 on (constructor_results_4.constructorresultsid = drivers_1.driverid ) inner join qualifying as qualifying_1 on (constructor_results_4.constructorresultsid = qualifying_1.qualifyid ) on (constructor_results_3.constructorresultsid = drivers_1.driverid ) where drivers_1.forename is not NULL limit 18);",NO,"ERREUR:  la colonne « drivers_1.dob » doit apparaître dans la clause GROUP BY ou doit être utilisé dans une fonction d'agrégat LIGNE 22 : drivers_1.dob,            ^"
950,"-- meta {""num_joins"":0,""num_aggregates"":5,""has_union"":false,""has_intersect"":true,""has_negation"":false} (select standings_1.driverstandingsid, standings_1.wins, standings_1.position, standings_1.points, standings_1.raceid, standings_1.driverid , provsql.sr_why(provsql.provenance(), 'provmap') from standings as standings_1 where standings_1.date <= standings_1.date limit 41) INTERSECT (select races_1.round, count(*), races_1.round, min( races_1.date), races_1.year, races_1.round , provsql.sr_why(provsql.provenance(), 'provmap') from races as races_1 where races_1.date <= races_1.date group by races_1.circuitid, races_1.date, races_1.name, races_1.raceid, races_1.round, races_1.time, races_1.year limit 7);",NO,"ERREUR:  les INTERSECT types double precision et timestamp without time zone ne peuvent pas correspondre LIGNE 17 : min(            ^"
951,"-- meta {""num_joins"":0,""num_aggregates"":3,""has_union"":true,""has_intersect"":false,""has_negation"":false} (select min( standings_1.date), sum( standings_1.position), standings_1.raceid, standings_1.driverid , provsql.sr_why(provsql.provenance(), 'provmap') from standings as standings_1 where standings_1.date = standings_1.date group by standings_1.driverid, standings_1.raceid limit 41) UNION (select min( qualifying_1.date), avg( qualifying_1.position), max( qualifying_1.date), qualifying_1.qualifyid , provsql.sr_why(provsql.provenance(), 'provmap') from qualifying as qualifying_1 where qualifying_1.constructorid is not NULL group by qualifying_1.date, qualifying_1.driverid, qualifying_1.number, qualifying_1.qualifyid, qualifying_1.raceid limit 39);",NO,"ERREUR:  les UNION types bigint et timestamp without time zone ne peuvent pas correspondre LIGNE 19 : max(            ^"
952,"-- meta {""num_joins"":1,""num_aggregates"":1,""has_union"":true,""has_intersect"":false,""has_negation"":false} (select standings_1.driverid , provsql.sr_why(provsql.provenance(), 'provmap') from standings as standings_1 where standings_1.wins is not NULL limit 2) UNION (select races_1.circuitid , provsql.sr_why(provsql.provenance(), 'provmap') from races as races_1 inner join circuits as circuits_1 on (races_1.raceid = circuits_1.circuitid ) where races_1.year is not NULL group by circuits_1.alt, circuits_1.country, circuits_1.lng, circuits_1.location, races_1.raceid, races_1.round, races_1.time limit 33);",YES,""
953,"-- meta {""num_joins"":0,""num_aggregates"":1,""has_union"":false,""has_intersect"":false,""has_negation"":true} (select constructor_results_1.constructorresultsid, constructor_results_1.date, constructor_results_1.points , provsql.sr_why(provsql.provenance(), 'provmap') from constructor_results as constructor_results_1 where constructor_results_1.raceid is not NULL limit 22) EXCEPT (select circuits_1.circuitid, avg( circuits_1.circuitid), circuits_1.lng , provsql.sr_why(provsql.provenance(), 'provmap') from circuits as circuits_1 where circuits_1.alt is not NULL group by circuits_1.alt, circuits_1.circuitref limit 15);",NO,"ERREUR:  la colonne « circuits_1.circuitid » doit apparaître dans la clause GROUP BY ou doit être utilisé dans une fonction d'agrégat LIGNE 11 : circuits_1.circuitid,            ^"
954,"-- meta {""num_joins"":2,""num_aggregates"":1,""has_union"":false,""has_intersect"":false,""has_negation"":false} select sum( races_1.circuitid) , provsql.sr_why(provsql.provenance(), 'provmap') from qualifying as qualifying_1 inner join races as races_1 inner join races as races_2 on (races_1.raceid = races_2.raceid ) on (qualifying_1.qualifyid = races_2.raceid ) where races_1.circuitid < races_1.year limit 15;",YES,""
955,"-- meta {""num_joins"":1,""num_aggregates"":2,""has_union"":false,""has_intersect"":false,""has_negation"":true} (select drivers_1.dob, count( constructors_1.nationality) , provsql.sr_why(provsql.provenance(), 'provmap') from constructors as constructors_1 inner join drivers as drivers_1 on (constructors_1.constructorid = drivers_1.driverid ) where drivers_1.dob <= drivers_1.dob group by drivers_1.dob limit 6) EXCEPT (select results_1.date, count(*) , provsql.sr_why(provsql.provenance(), 'provmap') from results as results_1 where results_1.resultid is not NULL group by results_1.constructorid, results_1.date, results_1.grid, results_1.milliseconds, results_1.number, results_1.points, results_1.positionorder, results_1.resultid, results_1.statusid limit 19);",NO,"ERREUR:  provenance() called on a table without provenance"
956,"-- meta {""num_joins"":0,""num_aggregates"":1,""has_union"":false,""has_intersect"":false,""has_negation"":true} (select constructor_standings_1.points, avg( constructor_standings_1.constructorstandingsid), constructor_standings_1.raceid , provsql.sr_why(provsql.provenance(), 'provmap') from constructor_standings as constructor_standings_1 where constructor_standings_1.date is not NULL group by constructor_standings_1.points, constructor_standings_1.raceid limit 13) EXCEPT (select constructor_results_1.points, sum( constructor_results_1.raceid), constructor_results_1.raceid , provsql.sr_why(provsql.provenance(), 'provmap') from constructor_results as constructor_results_1 where constructor_results_1.date is not NULL limit 1);",NO,"ERREUR:  la colonne « constructor_results_1.points » doit apparaître dans la clause GROUP BY ou doit être utilisé dans une fonction d'agrégat LIGNE 13 : constructor_results_1.points,            ^"
957,"-- meta {""num_joins"":0,""num_aggregates"":1,""has_union"":true,""has_intersect"":false,""has_negation"":false} (select constructors_1.constructorref , provsql.sr_why(provsql.provenance(), 'provmap') from constructors as constructors_1 where constructors_1.nationality is not NULL limit 29) UNION (select min( constructor_results_1.points) , provsql.sr_why(provsql.provenance(), 'provmap') from constructor_results as constructor_results_1 where constructor_results_1.constructorid is not NULL group by constructor_results_1.constructorresultsid limit 18);",NO,"ERREUR:  les UNION types text et double precision ne peuvent pas correspondre LIGNE 9 : min(           ^"
958,"-- meta {""num_joins"":1,""num_aggregates"":1,""has_union"":false,""has_intersect"":true,""has_negation"":false} (select qualifying_1.constructorid, qualifying_1.date , provsql.sr_why(provsql.provenance(), 'provmap') from qualifying as qualifying_1 inner join qualifying as qualifying_2 on (qualifying_1.qualifyid = qualifying_2.qualifyid ) where qualifying_1.driverid is not NULL limit 6) INTERSECT (select constructor_results_1.constructorresultsid, max( constructor_results_1.date) , provsql.sr_why(provsql.provenance(), 'provmap') from constructor_results as constructor_results_1 where constructor_results_1.date = constructor_results_1.date group by constructor_results_1.constructorid limit 8);",NO,"ERREUR:  la colonne « constructor_results_1.constructorresultsid » doit apparaître dans la clause GROUP BY ou doit être utilisé dans une fonction d'agrégat LIGNE 12 : constructor_results_1.constructorresultsid,            ^"
959,"-- meta {""num_joins"":2,""num_aggregates"":4,""has_union"":false,""has_intersect"":false,""has_negation"":true} (select constructor_results_1.date, max( results_1.date), results_1.points, constructor_results_1.constructorresultsid, results_1.statusid, max( constructor_results_1.date), results_1.fastestlap, results_1.driverid, min( constructor_results_1.date), constructor_results_1.constructorid, races_1.year, constructor_results_1.points, results_1.laps, sum( results_1.grid) , provsql.sr_why(provsql.provenance(), 'provmap') from results as results_1 inner join races as races_1 on (results_1.resultid = races_1.raceid ) inner join constructor_results as constructor_results_1 on (results_1.resultid = constructor_results_1.constructorresultsid ) where results_1.raceid is not NULL group by constructor_results_1.constructorid, constructor_results_1.constructorresultsid, constructor_results_1.date, constructor_results_1.points, races_1.year, results_1.driverid, results_1.fastestlap, results_1.laps, results_1.points, results_1.statusid limit 4) EXCEPT (select standings_1.date, min( standings_1.date), standings_1.points, standings_1.wins, standings_1.raceid, max( standings_1.date), standings_1.points, standings_1.wins, max( standings_1.date), standings_1.wins, standings_1.driverid, standings_1.points, standings_1.position, avg( standings_1.driverstandingsid) , provsql.sr_why(provsql.provenance(), 'provmap') from standings as standings_1 where standings_1.driverstandingsid = standings_1.position limit 38);",NO,"ERREUR:  la colonne « standings_1.date » doit apparaître dans la clause GROUP BY ou doit être utilisé dans une fonction d'agrégat LIGNE 31 : standings_1.date,            ^"
960,"-- meta {""num_joins"":0,""num_aggregates"":5,""has_union"":false,""has_intersect"":true,""has_negation"":false} (select min( results_1.date), avg( results_1.laps) , provsql.sr_why(provsql.provenance(), 'provmap') from results as results_1 where results_1.rank is not NULL limit 27) INTERSECT (select max( qualifying_1.date), sum( qualifying_1.constructorid) , provsql.sr_why(provsql.provenance(), 'provmap') from qualifying as qualifying_1 where qualifying_1.number is not NULL group by qualifying_1.constructorid, qualifying_1.driverid, qualifying_1.number, qualifying_1.position, qualifying_1.qualifyid, qualifying_1.raceid limit 33);",NO,"ERREUR:  Set operations other than UNION and EXCEPT not supported by provsql"
961,"-- meta {""num_joins"":0,""num_aggregates"":1,""has_union"":false,""has_intersect"":true,""has_negation"":false} (select qualifying_1.constructorid , provsql.sr_why(provsql.provenance(), 'provmap') from qualifying as qualifying_1 where qualifying_1.driverid >= qualifying_1.position limit 16) INTERSECT (select qualifying_2.constructorid , provsql.sr_why(provsql.provenance(), 'provmap') from qualifying as qualifying_2 where qualifying_2.date is not NULL group by qualifying_2.constructorid, qualifying_2.number limit 6);",NO,"ERREUR:  Set operations other than UNION and EXCEPT not supported by provsql"
962,"-- meta {""num_joins"":0,""num_aggregates"":2,""has_union"":true,""has_intersect"":false,""has_negation"":false} (select max( standings_1.raceid), standings_1.points , provsql.sr_why(provsql.provenance(), 'provmap') from standings as standings_1 where standings_1.raceid is not NULL group by standings_1.points limit 6) UNION (select count( constructor_standings_1.points), constructor_standings_1.points , provsql.sr_why(provsql.provenance(), 'provmap') from constructor_standings as constructor_standings_1 where constructor_standings_1.constructorid is not NULL group by constructor_standings_1.constructorid, constructor_standings_1.date, constructor_standings_1.points, constructor_standings_1.position, constructor_standings_1.wins limit 19);",NO,"ERREUR:  UNION/INTERSECT/EXCEPT n'a pas pu convertir le type provsql.agg_token en bigint"
963,"-- meta {""num_joins"":0,""num_aggregates"":1,""has_union"":false,""has_intersect"":false,""has_negation"":true} (select min( standings_1.raceid), standings_1.date, standings_1.points , provsql.sr_why(provsql.provenance(), 'provmap') from standings as standings_1 where standings_1.driverstandingsid is not NULL group by standings_1.date, standings_1.points limit 33) EXCEPT (select max( constructor_standings_1.raceid), constructor_standings_1.date, constructor_standings_1.points , provsql.sr_why(provsql.provenance(), 'provmap') from constructor_standings as constructor_standings_1 where constructor_standings_1.raceid < constructor_standings_1.position limit 13);",NO,"ERREUR:  la colonne « constructor_standings_1.date » doit apparaître dans la clause GROUP BY ou doit être utilisé dans une fonction d'agrégat LIGNE 15 : constructor_standings_1.date,            ^"
964,"-- meta {""num_joins"":0,""num_aggregates"":0,""has_union"":false,""has_intersect"":false,""has_negation"":false} select drivers_1.forename, drivers_1.driverid, drivers_1.nationality , provsql.sr_why(provsql.provenance(), 'provmap') from drivers as drivers_1 where drivers_1.code is not NULL limit 8;",YES,""
965,"-- meta {""num_joins"":1,""num_aggregates"":9,""has_union"":false,""has_intersect"":true,""has_negation"":false} (select min( constructor_standings_1.points), constructor_standings_1.date, sum( constructor_standings_1.points), min( constructor_standings_1.date), max( constructor_standings_1.date), constructor_standings_1.raceid, constructor_standings_1.position, constructor_standings_1.constructorid, constructor_standings_1.wins, avg( constructor_standings_1.points), max( constructor_standings_1.date), constructor_standings_1.points, constructor_standings_1.constructorstandingsid, max( constructor_standings_1.date), min( constructor_standings_1.wins) , provsql.sr_why(provsql.provenance(), 'provmap') from constructor_standings as constructor_standings_1 where constructor_standings_1.points is not NULL group by constructor_standings_1.constructorid, constructor_standings_1.constructorstandingsid, constructor_standings_1.date, constructor_standings_1.points, constructor_standings_1.position, constructor_standings_1.raceid, constructor_standings_1.wins limit 26) INTERSECT (select max( constructor_standings_2.points), races_1.date, min( constructor_standings_2.points), max( constructor_standings_2.date), max( races_1.date), constructor_standings_2.wins, constructor_standings_2.constructorstandingsid, races_1.year, races_1.circuitid, avg( constructor_standings_2.points), min( constructor_standings_2.date), constructor_standings_2.points, constructor_standings_2.constructorstandingsid, max( races_1.date), count(*) , provsql.sr_why(provsql.provenance(), 'provmap') from races as races_1 inner join constructor_standings as constructor_standings_2 on (races_1.raceid = constructor_standings_2.constructorstandingsid ) where constructor_standings_2.constructorid is not NULL group by races_1.circuitid, races_1.round limit 16);",NO,"ERREUR:  la colonne « races_1.date » doit apparaître dans la clause GROUP BY ou doit être utilisé dans une fonction d'agrégat LIGNE 34 : races_1.date,            ^"
966,"-- meta {""num_joins"":4,""num_aggregates"":1,""has_union"":true,""has_intersect"":false,""has_negation"":false} (select results_1.milliseconds, results_1.position , provsql.sr_why(provsql.provenance(), 'provmap') from standings as standings_1 inner join results as results_1 inner join circuits as circuits_1 inner join constructors as constructors_1 on (circuits_1.circuitid = constructors_1.constructorid ) on (results_1.resultid = constructors_1.constructorid ) on (standings_1.driverstandingsid = circuits_1.circuitid ) where results_1.fastestlap > results_1.milliseconds limit 3) UNION (select constructor_results_1.points, sum( constructor_results_1.points) , provsql.sr_why(provsql.provenance(), 'provmap') from qualifying as qualifying_1 inner join constructor_results as constructor_results_1 on (qualifying_1.qualifyid = constructor_results_1.constructorresultsid ) where qualifying_1.driverid is not NULL group by constructor_results_1.constructorid, constructor_results_1.constructorresultsid, constructor_results_1.date, constructor_results_1.points, constructor_results_1.raceid, qualifying_1.constructorid, qualifying_1.date, qualifying_1.position limit 11);",NO,"ERREUR:  UNION/INTERSECT/EXCEPT n'a pas pu convertir le type provsql.agg_token en double precision"
967,"-- meta {""num_joins"":2,""num_aggregates"":0,""has_union"":false,""has_intersect"":true,""has_negation"":false} (select constructor_results_1.constructorresultsid, constructor_results_1.constructorid, constructor_results_1.date, constructor_results_1.points, constructor_results_1.raceid , provsql.sr_why(provsql.provenance(), 'provmap') from constructor_results as constructor_results_1 where constructor_results_1.constructorresultsid is not NULL limit 41) INTERSECT (select qualifying_1.raceid, races_1.circuitid, sum( qualifying_1.qualifyid), max( drivers_1.dob), qualifying_1.driverid , provsql.sr_why(provsql.provenance(), 'provmap') from qualifying as qualifying_1 inner join races as races_1 inner join drivers as drivers_1 on (races_1.raceid = drivers_1.driverid ) on (qualifying_1.qualifyid = drivers_1.driverid ) where qualifying_1.qualifyid is not NULL limit 30);",NO,"ERREUR:  la colonne « qualifying_1.raceid » doit apparaître dans la clause GROUP BY ou doit être utilisé dans une fonction d'agrégat LIGNE 13 : qualifying_1.raceid,            ^"
968,"-- meta {""num_joins"":2,""num_aggregates"":2,""has_union"":false,""has_intersect"":true,""has_negation"":false} (select min( qualifying_1.date), constructor_standings_1.constructorid, constructor_standings_1.constructorstandingsid, max( constructor_standings_1.date), qualifying_1.date, races_1.time, races_1.year, constructor_standings_1.date , provsql.sr_why(provsql.provenance(), 'provmap') from qualifying as qualifying_1 inner join constructor_standings as constructor_standings_1 inner join races as races_1 on (constructor_standings_1.constructorstandingsid = races_1.raceid ) on (qualifying_1.qualifyid = races_1.raceid ) where races_1.name > races_1.time group by constructor_standings_1.constructorid, constructor_standings_1.constructorstandingsid, constructor_standings_1.date, qualifying_1.date, races_1.time, races_1.year limit 21) INTERSECT (select min( results_1.date), results_1.constructorid, min( results_1.fastestlap), max( results_1.date), results_1.date, avg( results_1.milliseconds), results_1.statusid, results_1.date , provsql.sr_why(provsql.provenance(), 'provmap') from results as results_1 where results_1.milliseconds is not NULL limit 3);",NO,"ERREUR:  la colonne « results_1.constructorid » doit apparaître dans la clause GROUP BY ou doit être utilisé dans une fonction d'agrégat LIGNE 25 : results_1.constructorid,            ^"
969,"-- meta {""num_joins"":3,""num_aggregates"":0,""has_union"":false,""has_intersect"":true,""has_negation"":false} (select constructor_results_1.points, constructor_results_1.constructorid, constructor_results_1.constructorresultsid , provsql.sr_why(provsql.provenance(), 'provmap') from constructor_results as constructor_results_1 inner join qualifying as qualifying_1 on (constructor_results_1.constructorresultsid = qualifying_1.qualifyid ) where constructor_results_1.points is not NULL limit 15) INTERSECT (select results_1.milliseconds, qualifying_2.qualifyid, results_1.resultid , provsql.sr_why(provsql.provenance(), 'provmap') from qualifying as qualifying_2 inner join constructor_standings as constructor_standings_1 on (qualifying_2.qualifyid = constructor_standings_1.constructorstandingsid ) inner join results as results_1 on (constructor_standings_1.constructorstandingsid = results_1.resultid ) where results_1.rank is not NULL limit 6);",NO,"ERREUR:  Set operations other than UNION and EXCEPT not supported by provsql"
970,"-- meta {""num_joins"":1,""num_aggregates"":7,""has_union"":true,""has_intersect"":false,""has_negation"":false} (select qualifying_1.constructorid, min( qualifying_1.date), qualifying_1.raceid, count( qualifying_1.date), qualifying_1.position, qualifying_1.number, max( qualifying_1.date), min( qualifying_1.date), qualifying_1.qualifyid, qualifying_1.date, min( qualifying_1.date) , provsql.sr_why(provsql.provenance(), 'provmap') from qualifying as qualifying_1 where qualifying_1.constructorid is not NULL group by qualifying_1.constructorid, qualifying_1.date, qualifying_1.number, qualifying_1.position, qualifying_1.qualifyid, qualifying_1.raceid limit 16) UNION (select min( results_1.points), max( qualifying_2.date), results_1.laps, count( qualifying_2.constructorid), results_1.grid, max( results_1.date), min( qualifying_2.date), min( qualifying_2.date), results_1.raceid, results_1.date, min( results_1.date) , provsql.sr_why(provsql.provenance(), 'provmap') from qualifying as qualifying_2 inner join results as results_1 on (qualifying_2.qualifyid = results_1.resultid ) where results_1.date < qualifying_2.date group by results_1.grid, results_1.milliseconds, results_1.number limit 29);",NO,"ERREUR:  la colonne « results_1.laps » doit apparaître dans la clause GROUP BY ou doit être utilisé dans une fonction d'agrégat LIGNE 29 : results_1.laps,            ^"
971,"-- meta {""num_joins"":1,""num_aggregates"":1,""has_union"":true,""has_intersect"":false,""has_negation"":false} (select constructor_results_1.date , provsql.sr_why(provsql.provenance(), 'provmap') from constructor_results as constructor_results_1 inner join constructor_standings as constructor_standings_1 on (constructor_results_1.constructorresultsid = constructor_standings_1.constructorstandingsid ) where constructor_standings_1.points = constructor_results_1.points limit 7) UNION (select max( drivers_1.dob) , provsql.sr_why(provsql.provenance(), 'provmap') from drivers as drivers_1 where drivers_1.dob = drivers_1.dob group by drivers_1.surname limit 30);",NO,"ERREUR:  UNION/INTERSECT/EXCEPT n'a pas pu convertir le type provsql.agg_token en timestamp without time zone"
972,"-- meta {""num_joins"":4,""num_aggregates"":1,""has_union"":false,""has_intersect"":false,""has_negation"":true} (select min( constructor_results_1.points), constructor_results_1.raceid, constructor_results_1.constructorid, constructor_results_1.constructorresultsid, constructor_results_1.points, constructor_results_1.date , provsql.sr_why(provsql.provenance(), 'provmap') from constructor_results as constructor_results_1 where constructor_results_1.points is not NULL group by constructor_results_1.constructorid, constructor_results_1.constructorresultsid, constructor_results_1.date, constructor_results_1.points, constructor_results_1.raceid limit 40) EXCEPT (select min( results_2.milliseconds), count(*), constructor_results_2.constructorresultsid, max( results_2.rank), constructor_results_2.points, results_2.date , provsql.sr_why(provsql.provenance(), 'provmap') from constructor_results as constructor_results_2 inner join constructors as constructors_1 inner join results as results_1 on (constructors_1.constructorid = results_1.resultid ) on (constructor_results_2.constructorresultsid = results_1.resultid ) inner join results as results_2 inner join qualifying as qualifying_1 on (results_2.resultid = qualifying_1.qualifyid ) on (results_1.resultid = results_2.resultid ) where constructor_results_2.date > qualifying_1.date limit 20);",NO,"ERREUR:  la colonne « constructor_results_2.constructorresultsid » doit apparaître dans la clause GROUP BY ou doit être utilisé dans une fonction d'agrégat LIGNE 19 : constructor_results_2.constructorresultsid,            ^"
973,"-- meta {""num_joins"":0,""num_aggregates"":0,""has_union"":true,""has_intersect"":false,""has_negation"":false} (select races_1.year , provsql.sr_why(provsql.provenance(), 'provmap') from races as races_1 where races_1.date < races_1.date limit 39) UNION (select drivers_1.driverid , provsql.sr_why(provsql.provenance(), 'provmap') from drivers as drivers_1 where drivers_1.driverid is not NULL limit 5);",YES,""
974,"-- meta {""num_joins"":2,""num_aggregates"":1,""has_union"":false,""has_intersect"":false,""has_negation"":true} (select circuits_1.name, circuits_1.country, circuits_1.circuitid, min( circuits_1.lng) , provsql.sr_why(provsql.provenance(), 'provmap') from circuits as circuits_1 where circuits_1.lat is not NULL group by circuits_1.circuitid, circuits_1.country, circuits_1.name limit 25) EXCEPT (select circuits_2.circuitref, drivers_1.nationality, min( standings_1.points), avg( circuits_2.lat) , provsql.sr_why(provsql.provenance(), 'provmap') from drivers as drivers_1 inner join standings as standings_1 on (drivers_1.driverid = standings_1.driverstandingsid ) inner join circuits as circuits_2 on (standings_1.driverstandingsid = circuits_2.circuitid ) where drivers_1.driverref is not NULL limit 40);",NO,"ERREUR:  la colonne « circuits_2.circuitref » doit apparaître dans la clause GROUP BY ou doit être utilisé dans une fonction d'agrégat LIGNE 14 : circuits_2.circuitref,            ^"
975,"-- meta {""num_joins"":0,""num_aggregates"":0,""has_union"":true,""has_intersect"":false,""has_negation"":false} (select qualifying_1.raceid, qualifying_1.date , provsql.sr_why(provsql.provenance(), 'provmap') from qualifying as qualifying_1 where qualifying_1.position is not NULL limit 7) UNION (select qualifying_2.driverid, min( qualifying_2.date) , provsql.sr_why(provsql.provenance(), 'provmap') from qualifying as qualifying_2 where qualifying_2.driverid >= qualifying_2.qualifyid limit 11);",NO,"ERREUR:  la colonne « qualifying_2.driverid » doit apparaître dans la clause GROUP BY ou doit être utilisé dans une fonction d'agrégat LIGNE 10 : qualifying_2.driverid,            ^"
976,"-- meta {""num_joins"":0,""num_aggregates"":5,""has_union"":false,""has_intersect"":false,""has_negation"":true} (select results_1.laps, results_1.statusid, results_1.driverid, results_1.rank, results_1.date, results_1.points, max( results_1.date), avg( results_1.laps), results_1.raceid, results_1.fastestlap , provsql.sr_why(provsql.provenance(), 'provmap') from results as results_1 where results_1.milliseconds > results_1.rank group by results_1.date, results_1.driverid, results_1.fastestlap, results_1.laps, results_1.points, results_1.raceid, results_1.rank, results_1.statusid limit 39) EXCEPT (select standings_1.driverstandingsid, standings_1.position, standings_1.position, standings_1.points, max( standings_1.date), standings_1.points, min( standings_1.date), avg( standings_1.position), standings_1.wins, standings_1.points , provsql.sr_why(provsql.provenance(), 'provmap') from standings as standings_1 where standings_1.driverstandingsid is not NULL group by standings_1.date, standings_1.driverstandingsid, standings_1.raceid, standings_1.wins limit 9);",NO,"ERREUR:  provenance() called on a table without provenance"
977,"-- meta {""num_joins"":3,""num_aggregates"":0,""has_union"":true,""has_intersect"":false,""has_negation"":false} (select results_1.raceid, results_1.positionorder, standings_1.driverid , provsql.sr_why(provsql.provenance(), 'provmap') from results as results_1 inner join standings as standings_1 on (results_1.resultid = standings_1.driverstandingsid ) where standings_1.position is not NULL limit 38) UNION (select qualifying_1.number, avg( qualifying_2.qualifyid), count( qualifying_2.date) , provsql.sr_why(provsql.provenance(), 'provmap') from drivers as drivers_1 inner join qualifying as qualifying_1 on (drivers_1.driverid = qualifying_1.qualifyid ) inner join qualifying as qualifying_2 on (drivers_1.driverid = qualifying_2.qualifyid ) where qualifying_1.qualifyid is not NULL limit 27);",NO,"ERREUR:  la colonne « qualifying_1.number » doit apparaître dans la clause GROUP BY ou doit être utilisé dans une fonction d'agrégat LIGNE 13 : qualifying_1.number,            ^"
978,"-- meta {""num_joins"":0,""num_aggregates"":2,""has_union"":false,""has_intersect"":true,""has_negation"":false} (select constructor_results_1.constructorid, constructor_results_1.date, constructor_results_1.points, constructor_results_1.constructorresultsid , provsql.sr_why(provsql.provenance(), 'provmap') from constructor_results as constructor_results_1 where constructor_results_1.points <= constructor_results_1.points limit 16) INTERSECT (select constructor_standings_1.position, constructor_standings_1.date, constructor_standings_1.points, constructor_standings_1.raceid , provsql.sr_why(provsql.provenance(), 'provmap') from constructor_standings as constructor_standings_1 where constructor_standings_1.position is not NULL group by constructor_standings_1.constructorstandingsid, constructor_standings_1.date, constructor_standings_1.points limit 21);",NO,"ERREUR:  Set operations other than UNION and EXCEPT not supported by provsql"
979,"-- meta {""num_joins"":0,""num_aggregates"":10,""has_union"":true,""has_intersect"":false,""has_negation"":false} (select circuits_1.location, count( circuits_1.location), max( circuits_1.lng), sum( circuits_1.circuitid), circuits_1.lat, circuits_1.name, circuits_1.alt, circuits_1.country, circuits_1.circuitref , provsql.sr_why(provsql.provenance(), 'provmap') from circuits as circuits_1 where circuits_1.circuitref is not NULL group by circuits_1.alt, circuits_1.circuitref, circuits_1.country, circuits_1.lat, circuits_1.location, circuits_1.name limit 23) UNION (select min( constructor_standings_1.points), min( constructor_standings_1.constructorid), sum( constructor_standings_1.points), avg( constructor_standings_1.constructorid), constructor_standings_1.points, min( constructor_standings_1.date), constructor_standings_1.points, max( constructor_standings_1.date), min( constructor_standings_1.points) , provsql.sr_why(provsql.provenance(), 'provmap') from constructor_standings as constructor_standings_1 where constructor_standings_1.wins is not NULL group by constructor_standings_1.constructorid, constructor_standings_1.constructorstandingsid, constructor_standings_1.date, constructor_standings_1.points, constructor_standings_1.position, constructor_standings_1.raceid, constructor_standings_1.wins limit 23);",NO,"ERREUR:  les UNION types text et double precision ne peuvent pas correspondre LIGNE 21 : min(            ^"
980,"-- meta {""num_joins"":2,""num_aggregates"":2,""has_union"":true,""has_intersect"":false,""has_negation"":false} (select drivers_1.driverref, drivers_1.forename, drivers_1.driverid, avg( qualifying_1.driverid), standings_1.position, qualifying_1.position , provsql.sr_why(provsql.provenance(), 'provmap') from standings as standings_1 inner join qualifying as qualifying_1 inner join drivers as drivers_1 on (qualifying_1.qualifyid = drivers_1.driverid ) on (standings_1.driverstandingsid = qualifying_1.qualifyid ) where qualifying_1.date is not NULL group by drivers_1.driverid, drivers_1.driverref, drivers_1.forename, qualifying_1.position, standings_1.position limit 19) UNION (select circuits_1.country, circuits_1.location, circuits_1.circuitid, avg( circuits_1.circuitid), circuits_1.circuitid, circuits_1.circuitid , provsql.sr_why(provsql.provenance(), 'provmap') from circuits as circuits_1 where circuits_1.country is not NULL group by circuits_1.alt, circuits_1.circuitid, circuits_1.circuitref, circuits_1.lat, circuits_1.lng, circuits_1.location, circuits_1.name limit 15);",NO,"ERREUR:  UNION/INTERSECT/EXCEPT n'a pas pu convertir le type provsql.agg_token en numeric"
981,"-- meta {""num_joins"":3,""num_aggregates"":0,""has_union"":false,""has_intersect"":false,""has_negation"":false} select constructors_1.nationality, standings_1.raceid, standings_1.driverid, races_1.date , provsql.sr_why(provsql.provenance(), 'provmap') from constructors as constructors_1 inner join races as races_1 inner join circuits as circuits_1 inner join standings as standings_1 on (circuits_1.circuitid = standings_1.driverstandingsid ) on (races_1.raceid = standings_1.driverstandingsid ) on (constructors_1.constructorid = races_1.raceid ) where constructors_1.name is not NULL limit 1;",YES,""
982,"-- meta {""num_joins"":1,""num_aggregates"":0,""has_union"":false,""has_intersect"":false,""has_negation"":true} (select drivers_1.nationality , provsql.sr_why(provsql.provenance(), 'provmap') from drivers as drivers_1 inner join drivers as drivers_2 on (drivers_1.driverid = drivers_2.driverid ) where drivers_2.code is not NULL limit 9) EXCEPT (select drivers_3.surname , provsql.sr_why(provsql.provenance(), 'provmap') from drivers as drivers_3 where drivers_3.driverref is not NULL limit 32);",YES,""
983,"-- meta {""num_joins"":2,""num_aggregates"":0,""has_union"":false,""has_intersect"":true,""has_negation"":false} (select standings_1.position, standings_1.driverid , provsql.sr_why(provsql.provenance(), 'provmap') from standings as standings_1 where standings_1.points is not NULL limit 18) INTERSECT (select max( circuits_1.lat), standings_2.wins , provsql.sr_why(provsql.provenance(), 'provmap') from standings as standings_2 inner join circuits as circuits_1 inner join constructor_results as constructor_results_1 on (circuits_1.circuitid = constructor_results_1.constructorresultsid ) on (standings_2.driverstandingsid = constructor_results_1.constructorresultsid ) where constructor_results_1.points is not NULL limit 14);",NO,"ERREUR:  la colonne « standings_2.wins » doit apparaître dans la clause GROUP BY ou doit être utilisé dans une fonction d'agrégat LIGNE 12 : standings_2.wins            ^"
984,"-- meta {""num_joins"":0,""num_aggregates"":1,""has_union"":false,""has_intersect"":false,""has_negation"":true} (select results_1.date, max( results_1.date), results_1.number, results_1.laps, results_1.raceid , provsql.sr_why(provsql.provenance(), 'provmap') from results as results_1 where results_1.date is not NULL group by results_1.date, results_1.laps, results_1.number, results_1.raceid limit 26) EXCEPT (select max( drivers_1.dob), min( drivers_1.dob), min( drivers_1.dob), drivers_1.driverid, drivers_1.driverid , provsql.sr_why(provsql.provenance(), 'provmap') from drivers as drivers_1 where drivers_1.driverref is not NULL limit 8);",NO,"ERREUR:  la colonne « drivers_1.driverid » doit apparaître dans la clause GROUP BY ou doit être utilisé dans une fonction d'agrégat LIGNE 21 : drivers_1.driverid,            ^"
985,"-- meta {""num_joins"":0,""num_aggregates"":7,""has_union"":false,""has_intersect"":false,""has_negation"":true} (select circuits_1.lng, circuits_1.country, count(*) , provsql.sr_why(provsql.provenance(), 'provmap') from circuits as circuits_1 where circuits_1.lat is not NULL group by circuits_1.country, circuits_1.lng limit 34) EXCEPT (select count(*), min( qualifying_1.number), count( qualifying_1.position) , provsql.sr_why(provsql.provenance(), 'provmap') from qualifying as qualifying_1 where qualifying_1.raceid is not NULL group by qualifying_1.date, qualifying_1.number, qualifying_1.position, qualifying_1.qualifyid, qualifying_1.raceid limit 1);",NO,"ERREUR:  les EXCEPT types text et bigint ne peuvent pas correspondre LIGNE 13 : min(            ^"
986,"-- meta {""num_joins"":0,""num_aggregates"":3,""has_union"":false,""has_intersect"":true,""has_negation"":false} (select qualifying_1.driverid , provsql.sr_why(provsql.provenance(), 'provmap') from qualifying as qualifying_1 where qualifying_1.constructorid is not NULL limit 32) INTERSECT (select constructors_1.constructorid , provsql.sr_why(provsql.provenance(), 'provmap') from constructors as constructors_1 where constructors_1.constructorref >= constructors_1.name group by constructors_1.constructorid, constructors_1.constructorref, constructors_1.name, constructors_1.nationality limit 10);",NO,"ERREUR:  Set operations other than UNION and EXCEPT not supported by provsql"
987,"-- meta {""num_joins"":1,""num_aggregates"":5,""has_union"":true,""has_intersect"":false,""has_negation"":false} (select standings_1.wins, max( standings_1.date), avg( standings_1.points), min( standings_1.points), count( standings_1.raceid), standings_1.points, standings_1.driverstandingsid , provsql.sr_why(provsql.provenance(), 'provmap') from standings as standings_1 where standings_1.date is not NULL group by standings_1.driverstandingsid, standings_1.points, standings_1.wins limit 42) UNION (select standings_2.raceid, max( standings_2.date), sum( standings_2.points), max( standings_2.points), min( standings_2.driverid), standings_2.points, standings_2.raceid , provsql.sr_why(provsql.provenance(), 'provmap') from constructors as constructors_1 inner join standings as standings_2 on (constructors_1.constructorid = standings_2.driverstandingsid ) where standings_2.points = standings_2.points group by constructors_1.constructorid, constructors_1.name, constructors_1.nationality, standings_2.driverid, standings_2.driverstandingsid, standings_2.raceid, standings_2.wins limit 14);",NO,"ERREUR:  UNION/INTERSECT/EXCEPT n'a pas pu convertir le type provsql.agg_token en timestamp without time zone"
988,"-- meta {""num_joins"":2,""num_aggregates"":1,""has_union"":false,""has_intersect"":false,""has_negation"":false} select min( qualifying_1.date), constructors_2.constructorref, constructors_2.constructorid, constructors_2.name, constructors_2.nationality, qualifying_1.driverid, qualifying_1.position, qualifying_1.qualifyid , provsql.sr_why(provsql.provenance(), 'provmap') from constructors as constructors_1 inner join qualifying as qualifying_1 on (constructors_1.constructorid = qualifying_1.qualifyid ) inner join constructors as constructors_2 on (qualifying_1.qualifyid = constructors_2.constructorid ) where constructors_1.nationality is not NULL group by constructors_2.constructorid, constructors_2.constructorref, constructors_2.name, constructors_2.nationality, qualifying_1.driverid, qualifying_1.position, qualifying_1.qualifyid limit 27;",YES,""
989,"-- meta {""num_joins"":2,""num_aggregates"":4,""has_union"":true,""has_intersect"":false,""has_negation"":false} (select constructor_standings_1.date, constructor_standings_1.points, avg( constructor_standings_1.raceid), constructor_standings_1.position, constructor_standings_1.raceid , provsql.sr_why(provsql.provenance(), 'provmap') from constructor_standings as constructor_standings_1 where constructor_standings_1.position is not NULL group by constructor_standings_1.date, constructor_standings_1.points, constructor_standings_1.position, constructor_standings_1.raceid limit 39) UNION (select constructor_standings_2.date, sum( constructor_standings_2.constructorid), avg( results_1.constructorid), results_1.laps, min( circuits_1.lng) , provsql.sr_why(provsql.provenance(), 'provmap') from constructor_standings as constructor_standings_2 inner join circuits as circuits_1 on (constructor_standings_2.constructorstandingsid = circuits_1.circuitid ) inner join results as results_1 on (circuits_1.circuitid = results_1.resultid ) where circuits_1.lat is not NULL group by constructor_standings_2.constructorid, constructor_standings_2.constructorstandingsid, constructor_standings_2.raceid, results_1.grid limit 15);",NO,"ERREUR:  la colonne « results_1.laps » doit apparaître dans la clause GROUP BY ou doit être utilisé dans une fonction d'agrégat LIGNE 20 : results_1.laps,            ^"
990,"-- meta {""num_joins"":2,""num_aggregates"":1,""has_union"":false,""has_intersect"":true,""has_negation"":false} (select constructor_standings_1.wins, standings_1.driverid, constructor_standings_1.date, constructor_standings_1.raceid, constructor_standings_1.constructorid , provsql.sr_why(provsql.provenance(), 'provmap') from constructor_standings as constructor_standings_1 inner join standings as standings_1 on (constructor_standings_1.constructorstandingsid = standings_1.driverstandingsid ) where constructor_standings_1.date is not NULL limit 10) INTERSECT (select constructor_standings_2.wins, standings_2.raceid, constructor_standings_2.date, standings_2.position, constructor_standings_2.position , provsql.sr_why(provsql.provenance(), 'provmap') from constructor_standings as constructor_standings_2 inner join standings as standings_2 on (constructor_standings_2.constructorstandingsid = standings_2.driverstandingsid ) where constructor_standings_2.constructorid is not NULL group by constructor_standings_2.wins, standings_2.points, standings_2.raceid, standings_2.wins limit 1);",NO,"ERREUR:  la colonne « constructor_standings_2.date » doit apparaître dans la clause GROUP BY ou doit être utilisé dans une fonction d'agrégat LIGNE 17 : constructor_standings_2.date,            ^"
991,"-- meta {""num_joins"":0,""num_aggregates"":0,""has_union"":false,""has_intersect"":false,""has_negation"":false} select races_1.circuitid , provsql.sr_why(provsql.provenance(), 'provmap') from races as races_1 where races_1.raceid <= races_1.year limit 27;",YES,""
992,"-- meta {""num_joins"":0,""num_aggregates"":8,""has_union"":false,""has_intersect"":false,""has_negation"":true} (select avg( results_1.rank), results_1.constructorid, results_1.driverid, avg( results_1.raceid), sum( results_1.grid), max( results_1.date), count(*), results_1.position, avg( results_1.points), results_1.statusid, results_1.milliseconds, results_1.rank , provsql.sr_why(provsql.provenance(), 'provmap') from results as results_1 where results_1.laps > results_1.statusid group by results_1.constructorid, results_1.driverid, results_1.milliseconds, results_1.position, results_1.rank, results_1.statusid limit 4) EXCEPT (select max( standings_1.points), standings_1.driverstandingsid, standings_1.position, sum( standings_1.driverstandingsid), avg( standings_1.driverid), max( standings_1.date), min( standings_1.wins), standings_1.points, min( standings_1.points), max( standings_1.driverstandingsid), min( standings_1.date), standings_1.points , provsql.sr_why(provsql.provenance(), 'provmap') from standings as standings_1 where standings_1.date is not NULL group by standings_1.date, standings_1.raceid limit 36);",NO,"ERREUR:  la colonne « standings_1.driverstandingsid » doit apparaître dans la clause GROUP BY ou doit être utilisé dans une fonction d'agrégat LIGNE 28 : standings_1.driverstandingsid,            ^"
993,"-- meta {""num_joins"":2,""num_aggregates"":2,""has_union"":false,""has_intersect"":false,""has_negation"":true} (select max( standings_1.driverid), constructor_results_1.constructorresultsid, standings_1.driverid, constructor_results_1.raceid, qualifying_1.position , provsql.sr_why(provsql.provenance(), 'provmap') from qualifying as qualifying_1 inner join constructor_results as constructor_results_1 inner join standings as standings_1 on (constructor_results_1.constructorresultsid = standings_1.driverstandingsid ) on (qualifying_1.qualifyid = constructor_results_1.constructorresultsid ) where standings_1.points is not NULL group by constructor_results_1.constructorresultsid, constructor_results_1.raceid, qualifying_1.position, standings_1.driverid limit 17) EXCEPT (select max( standings_2.driverid), standings_2.wins, standings_2.raceid, standings_2.raceid, standings_2.position , provsql.sr_why(provsql.provenance(), 'provmap') from standings as standings_2 where standings_2.date < standings_2.date group by standings_2.driverid, standings_2.points, standings_2.position, standings_2.raceid limit 2);",NO,"ERREUR:  la colonne « standings_2.wins » doit apparaître dans la clause GROUP BY ou doit être utilisé dans une fonction d'agrégat LIGNE 21 : standings_2.wins,            ^"
994,"-- meta {""num_joins"":3,""num_aggregates"":2,""has_union"":true,""has_intersect"":false,""has_negation"":false} (select drivers_1.nationality, drivers_1.forename, drivers_1.code, drivers_1.driverref, drivers_1.driverid, drivers_1.surname , provsql.sr_why(provsql.provenance(), 'provmap') from drivers as drivers_1 where drivers_1.code is not NULL limit 5) UNION (select circuits_1.circuitref, circuits_1.circuitref, circuits_1.circuitref, count( constructor_standings_1.constructorid), circuits_1.circuitid, min( constructor_standings_1.wins) , provsql.sr_why(provsql.provenance(), 'provmap') from constructor_standings as constructor_standings_1 inner join standings as standings_1 on (constructor_standings_1.constructorstandingsid = standings_1.driverstandingsid ) inner join circuits as circuits_1 on (constructor_standings_1.constructorstandingsid = circuits_1.circuitid ) inner join constructor_standings as constructor_standings_2 on (standings_1.driverstandingsid = constructor_standings_2.constructorstandingsid ) where circuits_1.lng <= constructor_standings_2.points group by circuits_1.circuitid, circuits_1.lat, circuits_1.lng, constructor_standings_1.points, constructor_standings_1.position, constructor_standings_2.constructorstandingsid, constructor_standings_2.date, constructor_standings_2.raceid, standings_1.driverid limit 33);",NO,"ERREUR:  les UNION types text et bigint ne peuvent pas correspondre LIGNE 17 : count(            ^"
995,"-- meta {""num_joins"":0,""num_aggregates"":0,""has_union"":false,""has_intersect"":false,""has_negation"":true} (select results_1.date, results_1.positionorder, results_1.laps, results_1.rank , provsql.sr_why(provsql.provenance(), 'provmap') from results as results_1 where results_1.number is not NULL limit 33) EXCEPT (select count(*), results_2.constructorid, results_2.grid, results_2.milliseconds , provsql.sr_why(provsql.provenance(), 'provmap') from results as results_2 where results_2.fastestlap is not NULL limit 17);",NO,"ERREUR:  la colonne « results_2.constructorid » doit apparaître dans la clause GROUP BY ou doit être utilisé dans une fonction d'agrégat LIGNE 13 : results_2.constructorid,            ^"
996,"-- meta {""num_joins"":1,""num_aggregates"":2,""has_union"":false,""has_intersect"":false,""has_negation"":false} select avg( results_1.position), results_1.constructorid, races_1.date, results_1.rank, min( results_1.date), races_1.year , provsql.sr_why(provsql.provenance(), 'provmap') from races as races_1 inner join results as results_1 on (races_1.raceid = results_1.resultid ) where races_1.time is not NULL group by races_1.date, races_1.year, results_1.constructorid, results_1.rank limit 4;",YES,""
997,"-- meta {""num_joins"":1,""num_aggregates"":0,""has_union"":false,""has_intersect"":false,""has_negation"":false} select constructor_standings_1.date, standings_1.points, standings_1.driverstandingsid, standings_1.raceid, constructor_standings_1.constructorstandingsid, standings_1.driverid , provsql.sr_why(provsql.provenance(), 'provmap') from constructor_standings as constructor_standings_1 inner join standings as standings_1 on (constructor_standings_1.constructorstandingsid = standings_1.driverstandingsid ) where standings_1.driverstandingsid is not NULL limit 36;",YES,""
998,"-- meta {""num_joins"":1,""num_aggregates"":3,""has_union"":false,""has_intersect"":false,""has_negation"":false} select drivers_1.driverref, drivers_1.driverid, races_1.date, avg( races_1.year), min( races_1.year), races_1.year, max( races_1.date) , provsql.sr_why(provsql.provenance(), 'provmap') from races as races_1 inner join drivers as drivers_1 on (races_1.raceid = drivers_1.driverid ) where races_1.time is not NULL group by drivers_1.driverid, drivers_1.driverref, races_1.date, races_1.year limit 24;",YES,""
999,"-- meta {""num_joins"":1,""num_aggregates"":0,""has_union"":true,""has_intersect"":false,""has_negation"":false} (select results_1.constructorid, results_1.position , provsql.sr_why(provsql.provenance(), 'provmap') from results as results_1 where results_1.resultid is not NULL limit 17) UNION (select standings_1.driverstandingsid, circuits_1.lat , provsql.sr_why(provsql.provenance(), 'provmap') from standings as standings_1 inner join circuits as circuits_1 on (standings_1.driverstandingsid = circuits_1.circuitid ) where circuits_1.country is not NULL limit 32);",YES,""
1000,"-- meta {""num_joins"":1,""num_aggregates"":0,""has_union"":false,""has_intersect"":false,""has_negation"":true} (select circuits_1.name, circuits_1.lng, circuits_1.circuitref, circuits_1.location, circuits_1.lat , provsql.sr_why(provsql.provenance(), 'provmap') from circuits as circuits_1 where circuits_1.circuitid is not NULL limit 42) EXCEPT (select min( drivers_1.dob), count(*), drivers_1.forename, drivers_1.driverref, circuits_2.lat , provsql.sr_why(provsql.provenance(), 'provmap') from drivers as drivers_1 inner join circuits as circuits_2 on (drivers_1.driverid = circuits_2.circuitid ) where circuits_2.lng > circuits_2.lat limit 26);",NO,"ERREUR:  la colonne « drivers_1.forename » doit apparaître dans la clause GROUP BY ou doit être utilisé dans une fonction d'agrégat LIGNE 16 : drivers_1.forename,            ^"
