backbone,model,category,count,f1_result,f1_provenance,f1_both,model_label,family
gemma-7b_nl,base/nl,1_easy_no_join,13.0,0.23684210526315788,0.9610389610389611,0.2077922077922078,Base (NL),Base
gemma-7b_nl,base/nl,2_medium_join,6.0,0.0,0.0,0.0,Base (NL),Base
gemma-7b_nl,base/nl,3_has_aggr,23.0,0.0,0.6666666666666667,0.0,Base (NL),Base
gemma-7b_nl,base/nl,4_has_union,125.0,0.07628524046434494,0.6721311475409836,0.07201309328968904,Base (NL),Base
gemma-7b_nl,base/nl,5_has_all,74.0,0.10256410256410256,0.6739130434782609,0.07220216606498195,Base (NL),Base
gemma-7b_nl,base/sql,1_easy_no_join,,,,,base/sql,Base
gemma-7b_nl,base/sql,2_medium_join,,,,,base/sql,Base
gemma-7b_nl,base/sql,3_has_aggr,,,,,base/sql,Base
gemma-7b_nl,base/sql,4_has_union,,,,,base/sql,Base
gemma-7b_nl,base/sql,5_has_all,,,,,base/sql,Base
gemma-7b_nl,ft/def/new_negatives/nl/gemma7b_dpo_after_sft_ep1_nl_ep1_withbadformat_bcoloss,1_easy_no_join,13.0,0.23684210526315788,0.9610389610389611,0.2077922077922078,DPO (NL) ep1 SFT ep1,DPO
gemma-7b_nl,ft/def/new_negatives/nl/gemma7b_dpo_after_sft_ep1_nl_ep1_withbadformat_bcoloss,2_medium_join,6.0,0.0,0.0,0.0,DPO (NL) ep1 SFT ep1,DPO
gemma-7b_nl,ft/def/new_negatives/nl/gemma7b_dpo_after_sft_ep1_nl_ep1_withbadformat_bcoloss,3_has_aggr,23.0,0.0,0.6823529411764706,0.0,DPO (NL) ep1 SFT ep1,DPO
gemma-7b_nl,ft/def/new_negatives/nl/gemma7b_dpo_after_sft_ep1_nl_ep1_withbadformat_bcoloss,4_has_union,125.0,0.07017543859649121,0.6613924050632911,0.06635071090047394,DPO (NL) ep1 SFT ep1,DPO
gemma-7b_nl,ft/def/new_negatives/nl/gemma7b_dpo_after_sft_ep1_nl_ep1_withbadformat_bcoloss,5_has_all,74.0,0.0979020979020979,0.736111111111111,0.06944444444444443,DPO (NL) ep1 SFT ep1,DPO
gemma-7b_nl,ft/def/new_negatives/nl/gemma7b_dpo_after_sft_ep1_nl_ep2_withbadformat_bcoloss,1_easy_no_join,13.0,0.23684210526315788,0.9610389610389611,0.2077922077922078,DPO (NL) ep1 SFT ep2,DPO
gemma-7b_nl,ft/def/new_negatives/nl/gemma7b_dpo_after_sft_ep1_nl_ep2_withbadformat_bcoloss,2_medium_join,6.0,0.0,0.06666666666666667,0.0,DPO (NL) ep1 SFT ep2,DPO
gemma-7b_nl,ft/def/new_negatives/nl/gemma7b_dpo_after_sft_ep1_nl_ep2_withbadformat_bcoloss,3_has_aggr,23.0,0.0,0.6904761904761905,0.0,DPO (NL) ep1 SFT ep2,DPO
gemma-7b_nl,ft/def/new_negatives/nl/gemma7b_dpo_after_sft_ep1_nl_ep2_withbadformat_bcoloss,4_has_union,125.0,0.06758832565284179,0.6930091185410334,0.06382978723404256,DPO (NL) ep1 SFT ep2,DPO
gemma-7b_nl,ft/def/new_negatives/nl/gemma7b_dpo_after_sft_ep1_nl_ep2_withbadformat_bcoloss,5_has_all,74.0,0.10294117647058824,0.7472527472527473,0.07326007326007326,DPO (NL) ep1 SFT ep2,DPO
gemma-7b_nl,ft/def/new_negatives/nl/gemma7b_dpo_after_sft_ep2_nl_ep1_withbadformat_bcoloss,1_easy_no_join,13.0,0.23684210526315788,0.9610389610389611,0.2077922077922078,DPO (NL) ep2 SFT ep1,DPO
gemma-7b_nl,ft/def/new_negatives/nl/gemma7b_dpo_after_sft_ep2_nl_ep1_withbadformat_bcoloss,2_medium_join,6.0,0.0,0.0,0.0,DPO (NL) ep2 SFT ep1,DPO
gemma-7b_nl,ft/def/new_negatives/nl/gemma7b_dpo_after_sft_ep2_nl_ep1_withbadformat_bcoloss,3_has_aggr,23.0,0.0,0.7469879518072289,0.0,DPO (NL) ep2 SFT ep1,DPO
gemma-7b_nl,ft/def/new_negatives/nl/gemma7b_dpo_after_sft_ep2_nl_ep1_withbadformat_bcoloss,4_has_union,125.0,0.05873261205564142,0.6564417177914111,0.055130168453292494,DPO (NL) ep2 SFT ep1,DPO
gemma-7b_nl,ft/def/new_negatives/nl/gemma7b_dpo_after_sft_ep2_nl_ep1_withbadformat_bcoloss,5_has_all,74.0,0.1056338028169014,0.7482517482517483,0.07665505226480837,DPO (NL) ep2 SFT ep1,DPO
gemma-7b_nl,ft/def/new_negatives/nl/gemma7b_dpo_after_sft_ep2_nl_ep2_withbadformat_bcoloss,1_easy_no_join,13.0,0.23684210526315788,0.9610389610389611,0.2077922077922078,DPO (NL) ep2 SFT ep2,DPO
gemma-7b_nl,ft/def/new_negatives/nl/gemma7b_dpo_after_sft_ep2_nl_ep2_withbadformat_bcoloss,2_medium_join,6.0,0.0,0.0,0.0,DPO (NL) ep2 SFT ep2,DPO
gemma-7b_nl,ft/def/new_negatives/nl/gemma7b_dpo_after_sft_ep2_nl_ep2_withbadformat_bcoloss,3_has_aggr,23.0,0.0,0.7727272727272727,0.0,DPO (NL) ep2 SFT ep2,DPO
gemma-7b_nl,ft/def/new_negatives/nl/gemma7b_dpo_after_sft_ep2_nl_ep2_withbadformat_bcoloss,4_has_union,125.0,0.05538461538461538,0.6443768996960486,0.05167173252279635,DPO (NL) ep2 SFT ep2,DPO
gemma-7b_nl,ft/def/new_negatives/nl/gemma7b_dpo_after_sft_ep2_nl_ep2_withbadformat_bcoloss,5_has_all,74.0,0.09859154929577464,0.736842105263158,0.06968641114982578,DPO (NL) ep2 SFT ep2,DPO
gemma-7b_nl,ft/def/new_negatives/nl/gemma7b_sft_lora_chat_template_nl_ep1,1_easy_no_join,13.0,0.11538461538461539,1.0,0.11538461538461539,SFT (NL) ep1,SFT
gemma-7b_nl,ft/def/new_negatives/nl/gemma7b_sft_lora_chat_template_nl_ep1,2_medium_join,6.0,0.0,0.0,0.0,SFT (NL) ep1,SFT
gemma-7b_nl,ft/def/new_negatives/nl/gemma7b_sft_lora_chat_template_nl_ep1,3_has_aggr,23.0,0.0,0.8,0.0,SFT (NL) ep1,SFT
gemma-7b_nl,ft/def/new_negatives/nl/gemma7b_sft_lora_chat_template_nl_ep1,4_has_union,125.0,0.12151898734177215,0.7281795511221945,0.11940298507462686,SFT (NL) ep1,SFT
gemma-7b_nl,ft/def/new_negatives/nl/gemma7b_sft_lora_chat_template_nl_ep1,5_has_all,74.0,0.05847953216374269,0.7810650887573964,0.05813953488372093,SFT (NL) ep1,SFT
gemma-7b_nl,ft/def/new_negatives/nl/gemma7b_sft_lora_chat_template_nl_ep2,1_easy_no_join,13.0,0.38961038961038963,0.8974358974358975,0.38461538461538464,SFT (NL) ep2,SFT
gemma-7b_nl,ft/def/new_negatives/nl/gemma7b_sft_lora_chat_template_nl_ep2,2_medium_join,6.0,0.0,0.14285714285714285,0.0,SFT (NL) ep2,SFT
gemma-7b_nl,ft/def/new_negatives/nl/gemma7b_sft_lora_chat_template_nl_ep2,3_has_aggr,23.0,0.0,0.9354838709677419,0.0,SFT (NL) ep2,SFT
gemma-7b_nl,ft/def/new_negatives/nl/gemma7b_sft_lora_chat_template_nl_ep2,4_has_union,125.0,0.096514745308311,0.8225806451612903,0.09018567639257294,SFT (NL) ep2,SFT
gemma-7b_nl,ft/def/new_negatives/nl/gemma7b_sft_lora_chat_template_nl_ep2,5_has_all,74.0,0.16853932584269662,0.770949720670391,0.12222222222222222,SFT (NL) ep2,SFT
gemma-7b_nl,ft/def/new_negatives/nl/qwen2.5_dpo_after_sft_ep1_nl_ep1_withbadformat_bcoloss,1_easy_no_join,,,,,ft/def/new_negatives/nl/qwen2.5_dpo_after_sft_ep1_nl_ep1_withbadformat_bcoloss,Other
gemma-7b_nl,ft/def/new_negatives/nl/qwen2.5_dpo_after_sft_ep1_nl_ep1_withbadformat_bcoloss,2_medium_join,,,,,ft/def/new_negatives/nl/qwen2.5_dpo_after_sft_ep1_nl_ep1_withbadformat_bcoloss,Other
gemma-7b_nl,ft/def/new_negatives/nl/qwen2.5_dpo_after_sft_ep1_nl_ep1_withbadformat_bcoloss,3_has_aggr,,,,,ft/def/new_negatives/nl/qwen2.5_dpo_after_sft_ep1_nl_ep1_withbadformat_bcoloss,Other
gemma-7b_nl,ft/def/new_negatives/nl/qwen2.5_dpo_after_sft_ep1_nl_ep1_withbadformat_bcoloss,4_has_union,,,,,ft/def/new_negatives/nl/qwen2.5_dpo_after_sft_ep1_nl_ep1_withbadformat_bcoloss,Other
gemma-7b_nl,ft/def/new_negatives/nl/qwen2.5_dpo_after_sft_ep1_nl_ep1_withbadformat_bcoloss,5_has_all,,,,,ft/def/new_negatives/nl/qwen2.5_dpo_after_sft_ep1_nl_ep1_withbadformat_bcoloss,Other
gemma-7b_nl,ft/def/new_negatives/nl/qwen2.5_dpo_after_sft_ep1_nl_ep2_withbadformat_bcoloss,1_easy_no_join,,,,,ft/def/new_negatives/nl/qwen2.5_dpo_after_sft_ep1_nl_ep2_withbadformat_bcoloss,Other
gemma-7b_nl,ft/def/new_negatives/nl/qwen2.5_dpo_after_sft_ep1_nl_ep2_withbadformat_bcoloss,2_medium_join,,,,,ft/def/new_negatives/nl/qwen2.5_dpo_after_sft_ep1_nl_ep2_withbadformat_bcoloss,Other
gemma-7b_nl,ft/def/new_negatives/nl/qwen2.5_dpo_after_sft_ep1_nl_ep2_withbadformat_bcoloss,3_has_aggr,,,,,ft/def/new_negatives/nl/qwen2.5_dpo_after_sft_ep1_nl_ep2_withbadformat_bcoloss,Other
gemma-7b_nl,ft/def/new_negatives/nl/qwen2.5_dpo_after_sft_ep1_nl_ep2_withbadformat_bcoloss,4_has_union,,,,,ft/def/new_negatives/nl/qwen2.5_dpo_after_sft_ep1_nl_ep2_withbadformat_bcoloss,Other
gemma-7b_nl,ft/def/new_negatives/nl/qwen2.5_dpo_after_sft_ep1_nl_ep2_withbadformat_bcoloss,5_has_all,,,,,ft/def/new_negatives/nl/qwen2.5_dpo_after_sft_ep1_nl_ep2_withbadformat_bcoloss,Other
gemma-7b_nl,ft/def/new_negatives/nl/qwen2.5_dpo_after_sft_ep2_nl_ep1_withbadformat_bcoloss,1_easy_no_join,,,,,ft/def/new_negatives/nl/qwen2.5_dpo_after_sft_ep2_nl_ep1_withbadformat_bcoloss,Other
gemma-7b_nl,ft/def/new_negatives/nl/qwen2.5_dpo_after_sft_ep2_nl_ep1_withbadformat_bcoloss,2_medium_join,,,,,ft/def/new_negatives/nl/qwen2.5_dpo_after_sft_ep2_nl_ep1_withbadformat_bcoloss,Other
gemma-7b_nl,ft/def/new_negatives/nl/qwen2.5_dpo_after_sft_ep2_nl_ep1_withbadformat_bcoloss,3_has_aggr,,,,,ft/def/new_negatives/nl/qwen2.5_dpo_after_sft_ep2_nl_ep1_withbadformat_bcoloss,Other
gemma-7b_nl,ft/def/new_negatives/nl/qwen2.5_dpo_after_sft_ep2_nl_ep1_withbadformat_bcoloss,4_has_union,,,,,ft/def/new_negatives/nl/qwen2.5_dpo_after_sft_ep2_nl_ep1_withbadformat_bcoloss,Other
gemma-7b_nl,ft/def/new_negatives/nl/qwen2.5_dpo_after_sft_ep2_nl_ep1_withbadformat_bcoloss,5_has_all,,,,,ft/def/new_negatives/nl/qwen2.5_dpo_after_sft_ep2_nl_ep1_withbadformat_bcoloss,Other
gemma-7b_nl,ft/def/new_negatives/nl/qwen2.5_dpo_after_sft_ep2_nl_ep2_withbadformat_bcoloss,1_easy_no_join,,,,,ft/def/new_negatives/nl/qwen2.5_dpo_after_sft_ep2_nl_ep2_withbadformat_bcoloss,Other
gemma-7b_nl,ft/def/new_negatives/nl/qwen2.5_dpo_after_sft_ep2_nl_ep2_withbadformat_bcoloss,2_medium_join,,,,,ft/def/new_negatives/nl/qwen2.5_dpo_after_sft_ep2_nl_ep2_withbadformat_bcoloss,Other
gemma-7b_nl,ft/def/new_negatives/nl/qwen2.5_dpo_after_sft_ep2_nl_ep2_withbadformat_bcoloss,3_has_aggr,,,,,ft/def/new_negatives/nl/qwen2.5_dpo_after_sft_ep2_nl_ep2_withbadformat_bcoloss,Other
gemma-7b_nl,ft/def/new_negatives/nl/qwen2.5_dpo_after_sft_ep2_nl_ep2_withbadformat_bcoloss,4_has_union,,,,,ft/def/new_negatives/nl/qwen2.5_dpo_after_sft_ep2_nl_ep2_withbadformat_bcoloss,Other
gemma-7b_nl,ft/def/new_negatives/nl/qwen2.5_dpo_after_sft_ep2_nl_ep2_withbadformat_bcoloss,5_has_all,,,,,ft/def/new_negatives/nl/qwen2.5_dpo_after_sft_ep2_nl_ep2_withbadformat_bcoloss,Other
gemma-7b_nl,ft/def/new_negatives/nl/qwen2.5_sft_lora_chat_template_nl_ep1,1_easy_no_join,,,,,ft/def/new_negatives/nl/qwen2.5_sft_lora_chat_template_nl_ep1,Other
gemma-7b_nl,ft/def/new_negatives/nl/qwen2.5_sft_lora_chat_template_nl_ep1,2_medium_join,,,,,ft/def/new_negatives/nl/qwen2.5_sft_lora_chat_template_nl_ep1,Other
gemma-7b_nl,ft/def/new_negatives/nl/qwen2.5_sft_lora_chat_template_nl_ep1,3_has_aggr,,,,,ft/def/new_negatives/nl/qwen2.5_sft_lora_chat_template_nl_ep1,Other
gemma-7b_nl,ft/def/new_negatives/nl/qwen2.5_sft_lora_chat_template_nl_ep1,4_has_union,,,,,ft/def/new_negatives/nl/qwen2.5_sft_lora_chat_template_nl_ep1,Other
gemma-7b_nl,ft/def/new_negatives/nl/qwen2.5_sft_lora_chat_template_nl_ep1,5_has_all,,,,,ft/def/new_negatives/nl/qwen2.5_sft_lora_chat_template_nl_ep1,Other
gemma-7b_nl,ft/def/new_negatives/nl/qwen2.5_sft_lora_chat_template_nl_ep2,1_easy_no_join,,,,,ft/def/new_negatives/nl/qwen2.5_sft_lora_chat_template_nl_ep2,Other
gemma-7b_nl,ft/def/new_negatives/nl/qwen2.5_sft_lora_chat_template_nl_ep2,2_medium_join,,,,,ft/def/new_negatives/nl/qwen2.5_sft_lora_chat_template_nl_ep2,Other
gemma-7b_nl,ft/def/new_negatives/nl/qwen2.5_sft_lora_chat_template_nl_ep2,3_has_aggr,,,,,ft/def/new_negatives/nl/qwen2.5_sft_lora_chat_template_nl_ep2,Other
gemma-7b_nl,ft/def/new_negatives/nl/qwen2.5_sft_lora_chat_template_nl_ep2,4_has_union,,,,,ft/def/new_negatives/nl/qwen2.5_sft_lora_chat_template_nl_ep2,Other
gemma-7b_nl,ft/def/new_negatives/nl/qwen2.5_sft_lora_chat_template_nl_ep2,5_has_all,,,,,ft/def/new_negatives/nl/qwen2.5_sft_lora_chat_template_nl_ep2,Other
gemma-7b_nl,ft/def/new_negatives/sql/gemma7b_dpo_after_sft_ep1_sql_ep1_withbadformat_bcoloss,1_easy_no_join,,,,,ft/def/new_negatives/sql/gemma7b_dpo_after_sft_ep1_sql_ep1_withbadformat_bcoloss,Other
gemma-7b_nl,ft/def/new_negatives/sql/gemma7b_dpo_after_sft_ep1_sql_ep1_withbadformat_bcoloss,2_medium_join,,,,,ft/def/new_negatives/sql/gemma7b_dpo_after_sft_ep1_sql_ep1_withbadformat_bcoloss,Other
gemma-7b_nl,ft/def/new_negatives/sql/gemma7b_dpo_after_sft_ep1_sql_ep1_withbadformat_bcoloss,3_has_aggr,,,,,ft/def/new_negatives/sql/gemma7b_dpo_after_sft_ep1_sql_ep1_withbadformat_bcoloss,Other
gemma-7b_nl,ft/def/new_negatives/sql/gemma7b_dpo_after_sft_ep1_sql_ep1_withbadformat_bcoloss,4_has_union,,,,,ft/def/new_negatives/sql/gemma7b_dpo_after_sft_ep1_sql_ep1_withbadformat_bcoloss,Other
gemma-7b_nl,ft/def/new_negatives/sql/gemma7b_dpo_after_sft_ep1_sql_ep1_withbadformat_bcoloss,5_has_all,,,,,ft/def/new_negatives/sql/gemma7b_dpo_after_sft_ep1_sql_ep1_withbadformat_bcoloss,Other
gemma-7b_nl,ft/def/new_negatives/sql/gemma7b_dpo_after_sft_ep1_sql_ep2_withbadformat_bcoloss,1_easy_no_join,,,,,ft/def/new_negatives/sql/gemma7b_dpo_after_sft_ep1_sql_ep2_withbadformat_bcoloss,Other
gemma-7b_nl,ft/def/new_negatives/sql/gemma7b_dpo_after_sft_ep1_sql_ep2_withbadformat_bcoloss,2_medium_join,,,,,ft/def/new_negatives/sql/gemma7b_dpo_after_sft_ep1_sql_ep2_withbadformat_bcoloss,Other
gemma-7b_nl,ft/def/new_negatives/sql/gemma7b_dpo_after_sft_ep1_sql_ep2_withbadformat_bcoloss,3_has_aggr,,,,,ft/def/new_negatives/sql/gemma7b_dpo_after_sft_ep1_sql_ep2_withbadformat_bcoloss,Other
gemma-7b_nl,ft/def/new_negatives/sql/gemma7b_dpo_after_sft_ep1_sql_ep2_withbadformat_bcoloss,4_has_union,,,,,ft/def/new_negatives/sql/gemma7b_dpo_after_sft_ep1_sql_ep2_withbadformat_bcoloss,Other
gemma-7b_nl,ft/def/new_negatives/sql/gemma7b_dpo_after_sft_ep1_sql_ep2_withbadformat_bcoloss,5_has_all,,,,,ft/def/new_negatives/sql/gemma7b_dpo_after_sft_ep1_sql_ep2_withbadformat_bcoloss,Other
gemma-7b_nl,ft/def/new_negatives/sql/gemma7b_dpo_after_sft_ep2_sql_ep1_withbadformat_bcoloss,1_easy_no_join,,,,,ft/def/new_negatives/sql/gemma7b_dpo_after_sft_ep2_sql_ep1_withbadformat_bcoloss,Other
gemma-7b_nl,ft/def/new_negatives/sql/gemma7b_dpo_after_sft_ep2_sql_ep1_withbadformat_bcoloss,2_medium_join,,,,,ft/def/new_negatives/sql/gemma7b_dpo_after_sft_ep2_sql_ep1_withbadformat_bcoloss,Other
gemma-7b_nl,ft/def/new_negatives/sql/gemma7b_dpo_after_sft_ep2_sql_ep1_withbadformat_bcoloss,3_has_aggr,,,,,ft/def/new_negatives/sql/gemma7b_dpo_after_sft_ep2_sql_ep1_withbadformat_bcoloss,Other
gemma-7b_nl,ft/def/new_negatives/sql/gemma7b_dpo_after_sft_ep2_sql_ep1_withbadformat_bcoloss,4_has_union,,,,,ft/def/new_negatives/sql/gemma7b_dpo_after_sft_ep2_sql_ep1_withbadformat_bcoloss,Other
gemma-7b_nl,ft/def/new_negatives/sql/gemma7b_dpo_after_sft_ep2_sql_ep1_withbadformat_bcoloss,5_has_all,,,,,ft/def/new_negatives/sql/gemma7b_dpo_after_sft_ep2_sql_ep1_withbadformat_bcoloss,Other
gemma-7b_nl,ft/def/new_negatives/sql/gemma7b_dpo_after_sft_ep2_sql_ep2_withbadformat_bcoloss,1_easy_no_join,,,,,ft/def/new_negatives/sql/gemma7b_dpo_after_sft_ep2_sql_ep2_withbadformat_bcoloss,Other
gemma-7b_nl,ft/def/new_negatives/sql/gemma7b_dpo_after_sft_ep2_sql_ep2_withbadformat_bcoloss,2_medium_join,,,,,ft/def/new_negatives/sql/gemma7b_dpo_after_sft_ep2_sql_ep2_withbadformat_bcoloss,Other
gemma-7b_nl,ft/def/new_negatives/sql/gemma7b_dpo_after_sft_ep2_sql_ep2_withbadformat_bcoloss,3_has_aggr,,,,,ft/def/new_negatives/sql/gemma7b_dpo_after_sft_ep2_sql_ep2_withbadformat_bcoloss,Other
gemma-7b_nl,ft/def/new_negatives/sql/gemma7b_dpo_after_sft_ep2_sql_ep2_withbadformat_bcoloss,4_has_union,,,,,ft/def/new_negatives/sql/gemma7b_dpo_after_sft_ep2_sql_ep2_withbadformat_bcoloss,Other
gemma-7b_nl,ft/def/new_negatives/sql/gemma7b_dpo_after_sft_ep2_sql_ep2_withbadformat_bcoloss,5_has_all,,,,,ft/def/new_negatives/sql/gemma7b_dpo_after_sft_ep2_sql_ep2_withbadformat_bcoloss,Other
gemma-7b_nl,ft/def/new_negatives/sql/gemma7b_sft_lora_chat_template_sql_ep1,1_easy_no_join,,,,,ft/def/new_negatives/sql/gemma7b_sft_lora_chat_template_sql_ep1,Other
gemma-7b_nl,ft/def/new_negatives/sql/gemma7b_sft_lora_chat_template_sql_ep1,2_medium_join,,,,,ft/def/new_negatives/sql/gemma7b_sft_lora_chat_template_sql_ep1,Other
gemma-7b_nl,ft/def/new_negatives/sql/gemma7b_sft_lora_chat_template_sql_ep1,3_has_aggr,,,,,ft/def/new_negatives/sql/gemma7b_sft_lora_chat_template_sql_ep1,Other
gemma-7b_nl,ft/def/new_negatives/sql/gemma7b_sft_lora_chat_template_sql_ep1,4_has_union,,,,,ft/def/new_negatives/sql/gemma7b_sft_lora_chat_template_sql_ep1,Other
gemma-7b_nl,ft/def/new_negatives/sql/gemma7b_sft_lora_chat_template_sql_ep1,5_has_all,,,,,ft/def/new_negatives/sql/gemma7b_sft_lora_chat_template_sql_ep1,Other
gemma-7b_nl,ft/def/new_negatives/sql/gemma7b_sft_lora_chat_template_sql_ep2,1_easy_no_join,,,,,ft/def/new_negatives/sql/gemma7b_sft_lora_chat_template_sql_ep2,Other
gemma-7b_nl,ft/def/new_negatives/sql/gemma7b_sft_lora_chat_template_sql_ep2,2_medium_join,,,,,ft/def/new_negatives/sql/gemma7b_sft_lora_chat_template_sql_ep2,Other
gemma-7b_nl,ft/def/new_negatives/sql/gemma7b_sft_lora_chat_template_sql_ep2,3_has_aggr,,,,,ft/def/new_negatives/sql/gemma7b_sft_lora_chat_template_sql_ep2,Other
gemma-7b_nl,ft/def/new_negatives/sql/gemma7b_sft_lora_chat_template_sql_ep2,4_has_union,,,,,ft/def/new_negatives/sql/gemma7b_sft_lora_chat_template_sql_ep2,Other
gemma-7b_nl,ft/def/new_negatives/sql/gemma7b_sft_lora_chat_template_sql_ep2,5_has_all,,,,,ft/def/new_negatives/sql/gemma7b_sft_lora_chat_template_sql_ep2,Other
gemma-7b_nl,ft/def/new_negatives/sql/qwen2.5_dpo_after_sft_ep1_sql_ep1_withbadformat_bcoloss,1_easy_no_join,,,,,ft/def/new_negatives/sql/qwen2.5_dpo_after_sft_ep1_sql_ep1_withbadformat_bcoloss,Other
gemma-7b_nl,ft/def/new_negatives/sql/qwen2.5_dpo_after_sft_ep1_sql_ep1_withbadformat_bcoloss,2_medium_join,,,,,ft/def/new_negatives/sql/qwen2.5_dpo_after_sft_ep1_sql_ep1_withbadformat_bcoloss,Other
gemma-7b_nl,ft/def/new_negatives/sql/qwen2.5_dpo_after_sft_ep1_sql_ep1_withbadformat_bcoloss,3_has_aggr,,,,,ft/def/new_negatives/sql/qwen2.5_dpo_after_sft_ep1_sql_ep1_withbadformat_bcoloss,Other
gemma-7b_nl,ft/def/new_negatives/sql/qwen2.5_dpo_after_sft_ep1_sql_ep1_withbadformat_bcoloss,4_has_union,,,,,ft/def/new_negatives/sql/qwen2.5_dpo_after_sft_ep1_sql_ep1_withbadformat_bcoloss,Other
gemma-7b_nl,ft/def/new_negatives/sql/qwen2.5_dpo_after_sft_ep1_sql_ep1_withbadformat_bcoloss,5_has_all,,,,,ft/def/new_negatives/sql/qwen2.5_dpo_after_sft_ep1_sql_ep1_withbadformat_bcoloss,Other
gemma-7b_nl,ft/def/new_negatives/sql/qwen2.5_dpo_after_sft_ep1_sql_ep2_withbadformat_bcoloss,1_easy_no_join,,,,,ft/def/new_negatives/sql/qwen2.5_dpo_after_sft_ep1_sql_ep2_withbadformat_bcoloss,Other
gemma-7b_nl,ft/def/new_negatives/sql/qwen2.5_dpo_after_sft_ep1_sql_ep2_withbadformat_bcoloss,2_medium_join,,,,,ft/def/new_negatives/sql/qwen2.5_dpo_after_sft_ep1_sql_ep2_withbadformat_bcoloss,Other
gemma-7b_nl,ft/def/new_negatives/sql/qwen2.5_dpo_after_sft_ep1_sql_ep2_withbadformat_bcoloss,3_has_aggr,,,,,ft/def/new_negatives/sql/qwen2.5_dpo_after_sft_ep1_sql_ep2_withbadformat_bcoloss,Other
gemma-7b_nl,ft/def/new_negatives/sql/qwen2.5_dpo_after_sft_ep1_sql_ep2_withbadformat_bcoloss,4_has_union,,,,,ft/def/new_negatives/sql/qwen2.5_dpo_after_sft_ep1_sql_ep2_withbadformat_bcoloss,Other
gemma-7b_nl,ft/def/new_negatives/sql/qwen2.5_dpo_after_sft_ep1_sql_ep2_withbadformat_bcoloss,5_has_all,,,,,ft/def/new_negatives/sql/qwen2.5_dpo_after_sft_ep1_sql_ep2_withbadformat_bcoloss,Other
gemma-7b_nl,ft/def/new_negatives/sql/qwen2.5_dpo_after_sft_ep2_sql_ep1_withbadformat_bcoloss,1_easy_no_join,,,,,ft/def/new_negatives/sql/qwen2.5_dpo_after_sft_ep2_sql_ep1_withbadformat_bcoloss,Other
gemma-7b_nl,ft/def/new_negatives/sql/qwen2.5_dpo_after_sft_ep2_sql_ep1_withbadformat_bcoloss,2_medium_join,,,,,ft/def/new_negatives/sql/qwen2.5_dpo_after_sft_ep2_sql_ep1_withbadformat_bcoloss,Other
gemma-7b_nl,ft/def/new_negatives/sql/qwen2.5_dpo_after_sft_ep2_sql_ep1_withbadformat_bcoloss,3_has_aggr,,,,,ft/def/new_negatives/sql/qwen2.5_dpo_after_sft_ep2_sql_ep1_withbadformat_bcoloss,Other
gemma-7b_nl,ft/def/new_negatives/sql/qwen2.5_dpo_after_sft_ep2_sql_ep1_withbadformat_bcoloss,4_has_union,,,,,ft/def/new_negatives/sql/qwen2.5_dpo_after_sft_ep2_sql_ep1_withbadformat_bcoloss,Other
gemma-7b_nl,ft/def/new_negatives/sql/qwen2.5_dpo_after_sft_ep2_sql_ep1_withbadformat_bcoloss,5_has_all,,,,,ft/def/new_negatives/sql/qwen2.5_dpo_after_sft_ep2_sql_ep1_withbadformat_bcoloss,Other
gemma-7b_nl,ft/def/new_negatives/sql/qwen2.5_dpo_after_sft_ep2_sql_ep2_withbadformat_bcoloss,1_easy_no_join,,,,,ft/def/new_negatives/sql/qwen2.5_dpo_after_sft_ep2_sql_ep2_withbadformat_bcoloss,Other
gemma-7b_nl,ft/def/new_negatives/sql/qwen2.5_dpo_after_sft_ep2_sql_ep2_withbadformat_bcoloss,2_medium_join,,,,,ft/def/new_negatives/sql/qwen2.5_dpo_after_sft_ep2_sql_ep2_withbadformat_bcoloss,Other
gemma-7b_nl,ft/def/new_negatives/sql/qwen2.5_dpo_after_sft_ep2_sql_ep2_withbadformat_bcoloss,3_has_aggr,,,,,ft/def/new_negatives/sql/qwen2.5_dpo_after_sft_ep2_sql_ep2_withbadformat_bcoloss,Other
gemma-7b_nl,ft/def/new_negatives/sql/qwen2.5_dpo_after_sft_ep2_sql_ep2_withbadformat_bcoloss,4_has_union,,,,,ft/def/new_negatives/sql/qwen2.5_dpo_after_sft_ep2_sql_ep2_withbadformat_bcoloss,Other
gemma-7b_nl,ft/def/new_negatives/sql/qwen2.5_dpo_after_sft_ep2_sql_ep2_withbadformat_bcoloss,5_has_all,,,,,ft/def/new_negatives/sql/qwen2.5_dpo_after_sft_ep2_sql_ep2_withbadformat_bcoloss,Other
gemma-7b_nl,ft/def/new_negatives/sql/qwen2.5_sft_lora_chat_template_sql_ep1,1_easy_no_join,,,,,ft/def/new_negatives/sql/qwen2.5_sft_lora_chat_template_sql_ep1,Other
gemma-7b_nl,ft/def/new_negatives/sql/qwen2.5_sft_lora_chat_template_sql_ep1,2_medium_join,,,,,ft/def/new_negatives/sql/qwen2.5_sft_lora_chat_template_sql_ep1,Other
gemma-7b_nl,ft/def/new_negatives/sql/qwen2.5_sft_lora_chat_template_sql_ep1,3_has_aggr,,,,,ft/def/new_negatives/sql/qwen2.5_sft_lora_chat_template_sql_ep1,Other
gemma-7b_nl,ft/def/new_negatives/sql/qwen2.5_sft_lora_chat_template_sql_ep1,4_has_union,,,,,ft/def/new_negatives/sql/qwen2.5_sft_lora_chat_template_sql_ep1,Other
gemma-7b_nl,ft/def/new_negatives/sql/qwen2.5_sft_lora_chat_template_sql_ep1,5_has_all,,,,,ft/def/new_negatives/sql/qwen2.5_sft_lora_chat_template_sql_ep1,Other
gemma-7b_nl,ft/def/new_negatives/sql/qwen2.5_sft_lora_chat_template_sql_ep2,1_easy_no_join,,,,,ft/def/new_negatives/sql/qwen2.5_sft_lora_chat_template_sql_ep2,Other
gemma-7b_nl,ft/def/new_negatives/sql/qwen2.5_sft_lora_chat_template_sql_ep2,2_medium_join,,,,,ft/def/new_negatives/sql/qwen2.5_sft_lora_chat_template_sql_ep2,Other
gemma-7b_nl,ft/def/new_negatives/sql/qwen2.5_sft_lora_chat_template_sql_ep2,3_has_aggr,,,,,ft/def/new_negatives/sql/qwen2.5_sft_lora_chat_template_sql_ep2,Other
gemma-7b_nl,ft/def/new_negatives/sql/qwen2.5_sft_lora_chat_template_sql_ep2,4_has_union,,,,,ft/def/new_negatives/sql/qwen2.5_sft_lora_chat_template_sql_ep2,Other
gemma-7b_nl,ft/def/new_negatives/sql/qwen2.5_sft_lora_chat_template_sql_ep2,5_has_all,,,,,ft/def/new_negatives/sql/qwen2.5_sft_lora_chat_template_sql_ep2,Other
gemma-7b_nl,ft/new_negatives/nl/llama3_8b_dpo_after_sft_ep1_nl_ep1_withbadformat_bcoloss,1_easy_no_join,,,,,ft/new_negatives/nl/llama3_8b_dpo_after_sft_ep1_nl_ep1_withbadformat_bcoloss,Other
gemma-7b_nl,ft/new_negatives/nl/llama3_8b_dpo_after_sft_ep1_nl_ep1_withbadformat_bcoloss,2_medium_join,,,,,ft/new_negatives/nl/llama3_8b_dpo_after_sft_ep1_nl_ep1_withbadformat_bcoloss,Other
gemma-7b_nl,ft/new_negatives/nl/llama3_8b_dpo_after_sft_ep1_nl_ep1_withbadformat_bcoloss,3_has_aggr,,,,,ft/new_negatives/nl/llama3_8b_dpo_after_sft_ep1_nl_ep1_withbadformat_bcoloss,Other
gemma-7b_nl,ft/new_negatives/nl/llama3_8b_dpo_after_sft_ep1_nl_ep1_withbadformat_bcoloss,4_has_union,,,,,ft/new_negatives/nl/llama3_8b_dpo_after_sft_ep1_nl_ep1_withbadformat_bcoloss,Other
gemma-7b_nl,ft/new_negatives/nl/llama3_8b_dpo_after_sft_ep1_nl_ep1_withbadformat_bcoloss,5_has_all,,,,,ft/new_negatives/nl/llama3_8b_dpo_after_sft_ep1_nl_ep1_withbadformat_bcoloss,Other
gemma-7b_nl,ft/new_negatives/nl/llama3_8b_dpo_after_sft_ep1_nl_ep2_withbadformat_bcoloss,1_easy_no_join,,,,,ft/new_negatives/nl/llama3_8b_dpo_after_sft_ep1_nl_ep2_withbadformat_bcoloss,Other
gemma-7b_nl,ft/new_negatives/nl/llama3_8b_dpo_after_sft_ep1_nl_ep2_withbadformat_bcoloss,2_medium_join,,,,,ft/new_negatives/nl/llama3_8b_dpo_after_sft_ep1_nl_ep2_withbadformat_bcoloss,Other
gemma-7b_nl,ft/new_negatives/nl/llama3_8b_dpo_after_sft_ep1_nl_ep2_withbadformat_bcoloss,3_has_aggr,,,,,ft/new_negatives/nl/llama3_8b_dpo_after_sft_ep1_nl_ep2_withbadformat_bcoloss,Other
gemma-7b_nl,ft/new_negatives/nl/llama3_8b_dpo_after_sft_ep1_nl_ep2_withbadformat_bcoloss,4_has_union,,,,,ft/new_negatives/nl/llama3_8b_dpo_after_sft_ep1_nl_ep2_withbadformat_bcoloss,Other
gemma-7b_nl,ft/new_negatives/nl/llama3_8b_dpo_after_sft_ep1_nl_ep2_withbadformat_bcoloss,5_has_all,,,,,ft/new_negatives/nl/llama3_8b_dpo_after_sft_ep1_nl_ep2_withbadformat_bcoloss,Other
gemma-7b_nl,ft/new_negatives/nl/llama3_8b_dpo_after_sft_ep2_nl_ep1_withbadformat_bcoloss,1_easy_no_join,,,,,ft/new_negatives/nl/llama3_8b_dpo_after_sft_ep2_nl_ep1_withbadformat_bcoloss,Other
gemma-7b_nl,ft/new_negatives/nl/llama3_8b_dpo_after_sft_ep2_nl_ep1_withbadformat_bcoloss,2_medium_join,,,,,ft/new_negatives/nl/llama3_8b_dpo_after_sft_ep2_nl_ep1_withbadformat_bcoloss,Other
gemma-7b_nl,ft/new_negatives/nl/llama3_8b_dpo_after_sft_ep2_nl_ep1_withbadformat_bcoloss,3_has_aggr,,,,,ft/new_negatives/nl/llama3_8b_dpo_after_sft_ep2_nl_ep1_withbadformat_bcoloss,Other
gemma-7b_nl,ft/new_negatives/nl/llama3_8b_dpo_after_sft_ep2_nl_ep1_withbadformat_bcoloss,4_has_union,,,,,ft/new_negatives/nl/llama3_8b_dpo_after_sft_ep2_nl_ep1_withbadformat_bcoloss,Other
gemma-7b_nl,ft/new_negatives/nl/llama3_8b_dpo_after_sft_ep2_nl_ep1_withbadformat_bcoloss,5_has_all,,,,,ft/new_negatives/nl/llama3_8b_dpo_after_sft_ep2_nl_ep1_withbadformat_bcoloss,Other
gemma-7b_nl,ft/new_negatives/nl/llama3_8b_dpo_after_sft_ep2_nl_ep2_withbadformat_bcoloss,1_easy_no_join,,,,,ft/new_negatives/nl/llama3_8b_dpo_after_sft_ep2_nl_ep2_withbadformat_bcoloss,Other
gemma-7b_nl,ft/new_negatives/nl/llama3_8b_dpo_after_sft_ep2_nl_ep2_withbadformat_bcoloss,2_medium_join,,,,,ft/new_negatives/nl/llama3_8b_dpo_after_sft_ep2_nl_ep2_withbadformat_bcoloss,Other
gemma-7b_nl,ft/new_negatives/nl/llama3_8b_dpo_after_sft_ep2_nl_ep2_withbadformat_bcoloss,3_has_aggr,,,,,ft/new_negatives/nl/llama3_8b_dpo_after_sft_ep2_nl_ep2_withbadformat_bcoloss,Other
gemma-7b_nl,ft/new_negatives/nl/llama3_8b_dpo_after_sft_ep2_nl_ep2_withbadformat_bcoloss,4_has_union,,,,,ft/new_negatives/nl/llama3_8b_dpo_after_sft_ep2_nl_ep2_withbadformat_bcoloss,Other
gemma-7b_nl,ft/new_negatives/nl/llama3_8b_dpo_after_sft_ep2_nl_ep2_withbadformat_bcoloss,5_has_all,,,,,ft/new_negatives/nl/llama3_8b_dpo_after_sft_ep2_nl_ep2_withbadformat_bcoloss,Other
gemma-7b_nl,ft/new_negatives/nl/llama3_8b_sft_lora_chat_template_nl_ep1,1_easy_no_join,,,,,ft/new_negatives/nl/llama3_8b_sft_lora_chat_template_nl_ep1,Other
gemma-7b_nl,ft/new_negatives/nl/llama3_8b_sft_lora_chat_template_nl_ep1,2_medium_join,,,,,ft/new_negatives/nl/llama3_8b_sft_lora_chat_template_nl_ep1,Other
gemma-7b_nl,ft/new_negatives/nl/llama3_8b_sft_lora_chat_template_nl_ep1,3_has_aggr,,,,,ft/new_negatives/nl/llama3_8b_sft_lora_chat_template_nl_ep1,Other
gemma-7b_nl,ft/new_negatives/nl/llama3_8b_sft_lora_chat_template_nl_ep1,4_has_union,,,,,ft/new_negatives/nl/llama3_8b_sft_lora_chat_template_nl_ep1,Other
gemma-7b_nl,ft/new_negatives/nl/llama3_8b_sft_lora_chat_template_nl_ep1,5_has_all,,,,,ft/new_negatives/nl/llama3_8b_sft_lora_chat_template_nl_ep1,Other
gemma-7b_nl,ft/new_negatives/nl/llama3_8b_sft_lora_chat_template_nl_ep2,1_easy_no_join,,,,,ft/new_negatives/nl/llama3_8b_sft_lora_chat_template_nl_ep2,Other
gemma-7b_nl,ft/new_negatives/nl/llama3_8b_sft_lora_chat_template_nl_ep2,2_medium_join,,,,,ft/new_negatives/nl/llama3_8b_sft_lora_chat_template_nl_ep2,Other
gemma-7b_nl,ft/new_negatives/nl/llama3_8b_sft_lora_chat_template_nl_ep2,3_has_aggr,,,,,ft/new_negatives/nl/llama3_8b_sft_lora_chat_template_nl_ep2,Other
gemma-7b_nl,ft/new_negatives/nl/llama3_8b_sft_lora_chat_template_nl_ep2,4_has_union,,,,,ft/new_negatives/nl/llama3_8b_sft_lora_chat_template_nl_ep2,Other
gemma-7b_nl,ft/new_negatives/nl/llama3_8b_sft_lora_chat_template_nl_ep2,5_has_all,,,,,ft/new_negatives/nl/llama3_8b_sft_lora_chat_template_nl_ep2,Other
gemma-7b_nl,ft/new_negatives/sql/llama3_8b_dpo_after_sft_ep1_sql_ep1_withbadformat_bcoloss,1_easy_no_join,,,,,ft/new_negatives/sql/llama3_8b_dpo_after_sft_ep1_sql_ep1_withbadformat_bcoloss,Other
gemma-7b_nl,ft/new_negatives/sql/llama3_8b_dpo_after_sft_ep1_sql_ep1_withbadformat_bcoloss,2_medium_join,,,,,ft/new_negatives/sql/llama3_8b_dpo_after_sft_ep1_sql_ep1_withbadformat_bcoloss,Other
gemma-7b_nl,ft/new_negatives/sql/llama3_8b_dpo_after_sft_ep1_sql_ep1_withbadformat_bcoloss,3_has_aggr,,,,,ft/new_negatives/sql/llama3_8b_dpo_after_sft_ep1_sql_ep1_withbadformat_bcoloss,Other
gemma-7b_nl,ft/new_negatives/sql/llama3_8b_dpo_after_sft_ep1_sql_ep1_withbadformat_bcoloss,4_has_union,,,,,ft/new_negatives/sql/llama3_8b_dpo_after_sft_ep1_sql_ep1_withbadformat_bcoloss,Other
gemma-7b_nl,ft/new_negatives/sql/llama3_8b_dpo_after_sft_ep1_sql_ep1_withbadformat_bcoloss,5_has_all,,,,,ft/new_negatives/sql/llama3_8b_dpo_after_sft_ep1_sql_ep1_withbadformat_bcoloss,Other
gemma-7b_nl,ft/new_negatives/sql/llama3_8b_dpo_after_sft_ep1_sql_ep2_withbadformat_bcoloss,1_easy_no_join,,,,,ft/new_negatives/sql/llama3_8b_dpo_after_sft_ep1_sql_ep2_withbadformat_bcoloss,Other
gemma-7b_nl,ft/new_negatives/sql/llama3_8b_dpo_after_sft_ep1_sql_ep2_withbadformat_bcoloss,2_medium_join,,,,,ft/new_negatives/sql/llama3_8b_dpo_after_sft_ep1_sql_ep2_withbadformat_bcoloss,Other
gemma-7b_nl,ft/new_negatives/sql/llama3_8b_dpo_after_sft_ep1_sql_ep2_withbadformat_bcoloss,3_has_aggr,,,,,ft/new_negatives/sql/llama3_8b_dpo_after_sft_ep1_sql_ep2_withbadformat_bcoloss,Other
gemma-7b_nl,ft/new_negatives/sql/llama3_8b_dpo_after_sft_ep1_sql_ep2_withbadformat_bcoloss,4_has_union,,,,,ft/new_negatives/sql/llama3_8b_dpo_after_sft_ep1_sql_ep2_withbadformat_bcoloss,Other
gemma-7b_nl,ft/new_negatives/sql/llama3_8b_dpo_after_sft_ep1_sql_ep2_withbadformat_bcoloss,5_has_all,,,,,ft/new_negatives/sql/llama3_8b_dpo_after_sft_ep1_sql_ep2_withbadformat_bcoloss,Other
gemma-7b_nl,ft/new_negatives/sql/llama3_8b_dpo_after_sft_ep2_sql_ep1_withbadformat_bcoloss,1_easy_no_join,,,,,ft/new_negatives/sql/llama3_8b_dpo_after_sft_ep2_sql_ep1_withbadformat_bcoloss,Other
gemma-7b_nl,ft/new_negatives/sql/llama3_8b_dpo_after_sft_ep2_sql_ep1_withbadformat_bcoloss,2_medium_join,,,,,ft/new_negatives/sql/llama3_8b_dpo_after_sft_ep2_sql_ep1_withbadformat_bcoloss,Other
gemma-7b_nl,ft/new_negatives/sql/llama3_8b_dpo_after_sft_ep2_sql_ep1_withbadformat_bcoloss,3_has_aggr,,,,,ft/new_negatives/sql/llama3_8b_dpo_after_sft_ep2_sql_ep1_withbadformat_bcoloss,Other
gemma-7b_nl,ft/new_negatives/sql/llama3_8b_dpo_after_sft_ep2_sql_ep1_withbadformat_bcoloss,4_has_union,,,,,ft/new_negatives/sql/llama3_8b_dpo_after_sft_ep2_sql_ep1_withbadformat_bcoloss,Other
gemma-7b_nl,ft/new_negatives/sql/llama3_8b_dpo_after_sft_ep2_sql_ep1_withbadformat_bcoloss,5_has_all,,,,,ft/new_negatives/sql/llama3_8b_dpo_after_sft_ep2_sql_ep1_withbadformat_bcoloss,Other
gemma-7b_nl,ft/new_negatives/sql/llama3_8b_dpo_after_sft_ep2_sql_ep2_withbadformat_bcoloss,1_easy_no_join,,,,,ft/new_negatives/sql/llama3_8b_dpo_after_sft_ep2_sql_ep2_withbadformat_bcoloss,Other
gemma-7b_nl,ft/new_negatives/sql/llama3_8b_dpo_after_sft_ep2_sql_ep2_withbadformat_bcoloss,2_medium_join,,,,,ft/new_negatives/sql/llama3_8b_dpo_after_sft_ep2_sql_ep2_withbadformat_bcoloss,Other
gemma-7b_nl,ft/new_negatives/sql/llama3_8b_dpo_after_sft_ep2_sql_ep2_withbadformat_bcoloss,3_has_aggr,,,,,ft/new_negatives/sql/llama3_8b_dpo_after_sft_ep2_sql_ep2_withbadformat_bcoloss,Other
gemma-7b_nl,ft/new_negatives/sql/llama3_8b_dpo_after_sft_ep2_sql_ep2_withbadformat_bcoloss,4_has_union,,,,,ft/new_negatives/sql/llama3_8b_dpo_after_sft_ep2_sql_ep2_withbadformat_bcoloss,Other
gemma-7b_nl,ft/new_negatives/sql/llama3_8b_dpo_after_sft_ep2_sql_ep2_withbadformat_bcoloss,5_has_all,,,,,ft/new_negatives/sql/llama3_8b_dpo_after_sft_ep2_sql_ep2_withbadformat_bcoloss,Other
gemma-7b_nl,ft/new_negatives/sql/llama3_8b_sft_lora_chat_template_sql_ep1,1_easy_no_join,,,,,ft/new_negatives/sql/llama3_8b_sft_lora_chat_template_sql_ep1,Other
gemma-7b_nl,ft/new_negatives/sql/llama3_8b_sft_lora_chat_template_sql_ep1,2_medium_join,,,,,ft/new_negatives/sql/llama3_8b_sft_lora_chat_template_sql_ep1,Other
gemma-7b_nl,ft/new_negatives/sql/llama3_8b_sft_lora_chat_template_sql_ep1,3_has_aggr,,,,,ft/new_negatives/sql/llama3_8b_sft_lora_chat_template_sql_ep1,Other
gemma-7b_nl,ft/new_negatives/sql/llama3_8b_sft_lora_chat_template_sql_ep1,4_has_union,,,,,ft/new_negatives/sql/llama3_8b_sft_lora_chat_template_sql_ep1,Other
gemma-7b_nl,ft/new_negatives/sql/llama3_8b_sft_lora_chat_template_sql_ep1,5_has_all,,,,,ft/new_negatives/sql/llama3_8b_sft_lora_chat_template_sql_ep1,Other
gemma-7b_nl,ft/new_negatives/sql/llama3_8b_sft_lora_chat_template_sql_ep2,1_easy_no_join,,,,,ft/new_negatives/sql/llama3_8b_sft_lora_chat_template_sql_ep2,Other
gemma-7b_nl,ft/new_negatives/sql/llama3_8b_sft_lora_chat_template_sql_ep2,2_medium_join,,,,,ft/new_negatives/sql/llama3_8b_sft_lora_chat_template_sql_ep2,Other
gemma-7b_nl,ft/new_negatives/sql/llama3_8b_sft_lora_chat_template_sql_ep2,3_has_aggr,,,,,ft/new_negatives/sql/llama3_8b_sft_lora_chat_template_sql_ep2,Other
gemma-7b_nl,ft/new_negatives/sql/llama3_8b_sft_lora_chat_template_sql_ep2,4_has_union,,,,,ft/new_negatives/sql/llama3_8b_sft_lora_chat_template_sql_ep2,Other
gemma-7b_nl,ft/new_negatives/sql/llama3_8b_sft_lora_chat_template_sql_ep2,5_has_all,,,,,ft/new_negatives/sql/llama3_8b_sft_lora_chat_template_sql_ep2,Other
gemma-7b_sql,base/nl,1_easy_no_join,,,,,base/nl,Base
gemma-7b_sql,base/nl,2_medium_join,,,,,base/nl,Base
gemma-7b_sql,base/nl,3_has_aggr,,,,,base/nl,Base
gemma-7b_sql,base/nl,4_has_union,,,,,base/nl,Base
gemma-7b_sql,base/nl,5_has_all,,,,,base/nl,Base
gemma-7b_sql,base/sql,1_easy_no_join,13.0,0.7368421052631579,0.9610389610389611,0.7012987012987013,Base (SQL),Base
gemma-7b_sql,base/sql,2_medium_join,6.0,0.0909090909090909,0.0,0.0,Base (SQL),Base
gemma-7b_sql,base/sql,3_has_aggr,23.0,0.0,0.7647058823529412,0.0,Base (SQL),Base
gemma-7b_sql,base/sql,4_has_union,125.0,0.6766917293233082,0.7429643527204504,0.57196261682243,Base (SQL),Base
gemma-7b_sql,base/sql,5_has_all,74.0,0.5925925925925926,0.7132352941176471,0.43956043956043955,Base (SQL),Base
gemma-7b_sql,ft/def/new_negatives/nl/gemma7b_dpo_after_sft_ep1_nl_ep1_withbadformat_bcoloss,1_easy_no_join,,,,,ft/def/new_negatives/nl/gemma7b_dpo_after_sft_ep1_nl_ep1_withbadformat_bcoloss,Other
gemma-7b_sql,ft/def/new_negatives/nl/gemma7b_dpo_after_sft_ep1_nl_ep1_withbadformat_bcoloss,2_medium_join,,,,,ft/def/new_negatives/nl/gemma7b_dpo_after_sft_ep1_nl_ep1_withbadformat_bcoloss,Other
gemma-7b_sql,ft/def/new_negatives/nl/gemma7b_dpo_after_sft_ep1_nl_ep1_withbadformat_bcoloss,3_has_aggr,,,,,ft/def/new_negatives/nl/gemma7b_dpo_after_sft_ep1_nl_ep1_withbadformat_bcoloss,Other
gemma-7b_sql,ft/def/new_negatives/nl/gemma7b_dpo_after_sft_ep1_nl_ep1_withbadformat_bcoloss,4_has_union,,,,,ft/def/new_negatives/nl/gemma7b_dpo_after_sft_ep1_nl_ep1_withbadformat_bcoloss,Other
gemma-7b_sql,ft/def/new_negatives/nl/gemma7b_dpo_after_sft_ep1_nl_ep1_withbadformat_bcoloss,5_has_all,,,,,ft/def/new_negatives/nl/gemma7b_dpo_after_sft_ep1_nl_ep1_withbadformat_bcoloss,Other
gemma-7b_sql,ft/def/new_negatives/nl/gemma7b_dpo_after_sft_ep1_nl_ep2_withbadformat_bcoloss,1_easy_no_join,,,,,ft/def/new_negatives/nl/gemma7b_dpo_after_sft_ep1_nl_ep2_withbadformat_bcoloss,Other
gemma-7b_sql,ft/def/new_negatives/nl/gemma7b_dpo_after_sft_ep1_nl_ep2_withbadformat_bcoloss,2_medium_join,,,,,ft/def/new_negatives/nl/gemma7b_dpo_after_sft_ep1_nl_ep2_withbadformat_bcoloss,Other
gemma-7b_sql,ft/def/new_negatives/nl/gemma7b_dpo_after_sft_ep1_nl_ep2_withbadformat_bcoloss,3_has_aggr,,,,,ft/def/new_negatives/nl/gemma7b_dpo_after_sft_ep1_nl_ep2_withbadformat_bcoloss,Other
gemma-7b_sql,ft/def/new_negatives/nl/gemma7b_dpo_after_sft_ep1_nl_ep2_withbadformat_bcoloss,4_has_union,,,,,ft/def/new_negatives/nl/gemma7b_dpo_after_sft_ep1_nl_ep2_withbadformat_bcoloss,Other
gemma-7b_sql,ft/def/new_negatives/nl/gemma7b_dpo_after_sft_ep1_nl_ep2_withbadformat_bcoloss,5_has_all,,,,,ft/def/new_negatives/nl/gemma7b_dpo_after_sft_ep1_nl_ep2_withbadformat_bcoloss,Other
gemma-7b_sql,ft/def/new_negatives/nl/gemma7b_dpo_after_sft_ep2_nl_ep1_withbadformat_bcoloss,1_easy_no_join,,,,,ft/def/new_negatives/nl/gemma7b_dpo_after_sft_ep2_nl_ep1_withbadformat_bcoloss,Other
gemma-7b_sql,ft/def/new_negatives/nl/gemma7b_dpo_after_sft_ep2_nl_ep1_withbadformat_bcoloss,2_medium_join,,,,,ft/def/new_negatives/nl/gemma7b_dpo_after_sft_ep2_nl_ep1_withbadformat_bcoloss,Other
gemma-7b_sql,ft/def/new_negatives/nl/gemma7b_dpo_after_sft_ep2_nl_ep1_withbadformat_bcoloss,3_has_aggr,,,,,ft/def/new_negatives/nl/gemma7b_dpo_after_sft_ep2_nl_ep1_withbadformat_bcoloss,Other
gemma-7b_sql,ft/def/new_negatives/nl/gemma7b_dpo_after_sft_ep2_nl_ep1_withbadformat_bcoloss,4_has_union,,,,,ft/def/new_negatives/nl/gemma7b_dpo_after_sft_ep2_nl_ep1_withbadformat_bcoloss,Other
gemma-7b_sql,ft/def/new_negatives/nl/gemma7b_dpo_after_sft_ep2_nl_ep1_withbadformat_bcoloss,5_has_all,,,,,ft/def/new_negatives/nl/gemma7b_dpo_after_sft_ep2_nl_ep1_withbadformat_bcoloss,Other
gemma-7b_sql,ft/def/new_negatives/nl/gemma7b_dpo_after_sft_ep2_nl_ep2_withbadformat_bcoloss,1_easy_no_join,,,,,ft/def/new_negatives/nl/gemma7b_dpo_after_sft_ep2_nl_ep2_withbadformat_bcoloss,Other
gemma-7b_sql,ft/def/new_negatives/nl/gemma7b_dpo_after_sft_ep2_nl_ep2_withbadformat_bcoloss,2_medium_join,,,,,ft/def/new_negatives/nl/gemma7b_dpo_after_sft_ep2_nl_ep2_withbadformat_bcoloss,Other
gemma-7b_sql,ft/def/new_negatives/nl/gemma7b_dpo_after_sft_ep2_nl_ep2_withbadformat_bcoloss,3_has_aggr,,,,,ft/def/new_negatives/nl/gemma7b_dpo_after_sft_ep2_nl_ep2_withbadformat_bcoloss,Other
gemma-7b_sql,ft/def/new_negatives/nl/gemma7b_dpo_after_sft_ep2_nl_ep2_withbadformat_bcoloss,4_has_union,,,,,ft/def/new_negatives/nl/gemma7b_dpo_after_sft_ep2_nl_ep2_withbadformat_bcoloss,Other
gemma-7b_sql,ft/def/new_negatives/nl/gemma7b_dpo_after_sft_ep2_nl_ep2_withbadformat_bcoloss,5_has_all,,,,,ft/def/new_negatives/nl/gemma7b_dpo_after_sft_ep2_nl_ep2_withbadformat_bcoloss,Other
gemma-7b_sql,ft/def/new_negatives/nl/gemma7b_sft_lora_chat_template_nl_ep1,1_easy_no_join,,,,,ft/def/new_negatives/nl/gemma7b_sft_lora_chat_template_nl_ep1,Other
gemma-7b_sql,ft/def/new_negatives/nl/gemma7b_sft_lora_chat_template_nl_ep1,2_medium_join,,,,,ft/def/new_negatives/nl/gemma7b_sft_lora_chat_template_nl_ep1,Other
gemma-7b_sql,ft/def/new_negatives/nl/gemma7b_sft_lora_chat_template_nl_ep1,3_has_aggr,,,,,ft/def/new_negatives/nl/gemma7b_sft_lora_chat_template_nl_ep1,Other
gemma-7b_sql,ft/def/new_negatives/nl/gemma7b_sft_lora_chat_template_nl_ep1,4_has_union,,,,,ft/def/new_negatives/nl/gemma7b_sft_lora_chat_template_nl_ep1,Other
gemma-7b_sql,ft/def/new_negatives/nl/gemma7b_sft_lora_chat_template_nl_ep1,5_has_all,,,,,ft/def/new_negatives/nl/gemma7b_sft_lora_chat_template_nl_ep1,Other
gemma-7b_sql,ft/def/new_negatives/nl/gemma7b_sft_lora_chat_template_nl_ep2,1_easy_no_join,,,,,ft/def/new_negatives/nl/gemma7b_sft_lora_chat_template_nl_ep2,Other
gemma-7b_sql,ft/def/new_negatives/nl/gemma7b_sft_lora_chat_template_nl_ep2,2_medium_join,,,,,ft/def/new_negatives/nl/gemma7b_sft_lora_chat_template_nl_ep2,Other
gemma-7b_sql,ft/def/new_negatives/nl/gemma7b_sft_lora_chat_template_nl_ep2,3_has_aggr,,,,,ft/def/new_negatives/nl/gemma7b_sft_lora_chat_template_nl_ep2,Other
gemma-7b_sql,ft/def/new_negatives/nl/gemma7b_sft_lora_chat_template_nl_ep2,4_has_union,,,,,ft/def/new_negatives/nl/gemma7b_sft_lora_chat_template_nl_ep2,Other
gemma-7b_sql,ft/def/new_negatives/nl/gemma7b_sft_lora_chat_template_nl_ep2,5_has_all,,,,,ft/def/new_negatives/nl/gemma7b_sft_lora_chat_template_nl_ep2,Other
gemma-7b_sql,ft/def/new_negatives/nl/qwen2.5_dpo_after_sft_ep1_nl_ep1_withbadformat_bcoloss,1_easy_no_join,,,,,ft/def/new_negatives/nl/qwen2.5_dpo_after_sft_ep1_nl_ep1_withbadformat_bcoloss,Other
gemma-7b_sql,ft/def/new_negatives/nl/qwen2.5_dpo_after_sft_ep1_nl_ep1_withbadformat_bcoloss,2_medium_join,,,,,ft/def/new_negatives/nl/qwen2.5_dpo_after_sft_ep1_nl_ep1_withbadformat_bcoloss,Other
gemma-7b_sql,ft/def/new_negatives/nl/qwen2.5_dpo_after_sft_ep1_nl_ep1_withbadformat_bcoloss,3_has_aggr,,,,,ft/def/new_negatives/nl/qwen2.5_dpo_after_sft_ep1_nl_ep1_withbadformat_bcoloss,Other
gemma-7b_sql,ft/def/new_negatives/nl/qwen2.5_dpo_after_sft_ep1_nl_ep1_withbadformat_bcoloss,4_has_union,,,,,ft/def/new_negatives/nl/qwen2.5_dpo_after_sft_ep1_nl_ep1_withbadformat_bcoloss,Other
gemma-7b_sql,ft/def/new_negatives/nl/qwen2.5_dpo_after_sft_ep1_nl_ep1_withbadformat_bcoloss,5_has_all,,,,,ft/def/new_negatives/nl/qwen2.5_dpo_after_sft_ep1_nl_ep1_withbadformat_bcoloss,Other
gemma-7b_sql,ft/def/new_negatives/nl/qwen2.5_dpo_after_sft_ep1_nl_ep2_withbadformat_bcoloss,1_easy_no_join,,,,,ft/def/new_negatives/nl/qwen2.5_dpo_after_sft_ep1_nl_ep2_withbadformat_bcoloss,Other
gemma-7b_sql,ft/def/new_negatives/nl/qwen2.5_dpo_after_sft_ep1_nl_ep2_withbadformat_bcoloss,2_medium_join,,,,,ft/def/new_negatives/nl/qwen2.5_dpo_after_sft_ep1_nl_ep2_withbadformat_bcoloss,Other
gemma-7b_sql,ft/def/new_negatives/nl/qwen2.5_dpo_after_sft_ep1_nl_ep2_withbadformat_bcoloss,3_has_aggr,,,,,ft/def/new_negatives/nl/qwen2.5_dpo_after_sft_ep1_nl_ep2_withbadformat_bcoloss,Other
gemma-7b_sql,ft/def/new_negatives/nl/qwen2.5_dpo_after_sft_ep1_nl_ep2_withbadformat_bcoloss,4_has_union,,,,,ft/def/new_negatives/nl/qwen2.5_dpo_after_sft_ep1_nl_ep2_withbadformat_bcoloss,Other
gemma-7b_sql,ft/def/new_negatives/nl/qwen2.5_dpo_after_sft_ep1_nl_ep2_withbadformat_bcoloss,5_has_all,,,,,ft/def/new_negatives/nl/qwen2.5_dpo_after_sft_ep1_nl_ep2_withbadformat_bcoloss,Other
gemma-7b_sql,ft/def/new_negatives/nl/qwen2.5_dpo_after_sft_ep2_nl_ep1_withbadformat_bcoloss,1_easy_no_join,,,,,ft/def/new_negatives/nl/qwen2.5_dpo_after_sft_ep2_nl_ep1_withbadformat_bcoloss,Other
gemma-7b_sql,ft/def/new_negatives/nl/qwen2.5_dpo_after_sft_ep2_nl_ep1_withbadformat_bcoloss,2_medium_join,,,,,ft/def/new_negatives/nl/qwen2.5_dpo_after_sft_ep2_nl_ep1_withbadformat_bcoloss,Other
gemma-7b_sql,ft/def/new_negatives/nl/qwen2.5_dpo_after_sft_ep2_nl_ep1_withbadformat_bcoloss,3_has_aggr,,,,,ft/def/new_negatives/nl/qwen2.5_dpo_after_sft_ep2_nl_ep1_withbadformat_bcoloss,Other
gemma-7b_sql,ft/def/new_negatives/nl/qwen2.5_dpo_after_sft_ep2_nl_ep1_withbadformat_bcoloss,4_has_union,,,,,ft/def/new_negatives/nl/qwen2.5_dpo_after_sft_ep2_nl_ep1_withbadformat_bcoloss,Other
gemma-7b_sql,ft/def/new_negatives/nl/qwen2.5_dpo_after_sft_ep2_nl_ep1_withbadformat_bcoloss,5_has_all,,,,,ft/def/new_negatives/nl/qwen2.5_dpo_after_sft_ep2_nl_ep1_withbadformat_bcoloss,Other
gemma-7b_sql,ft/def/new_negatives/nl/qwen2.5_dpo_after_sft_ep2_nl_ep2_withbadformat_bcoloss,1_easy_no_join,,,,,ft/def/new_negatives/nl/qwen2.5_dpo_after_sft_ep2_nl_ep2_withbadformat_bcoloss,Other
gemma-7b_sql,ft/def/new_negatives/nl/qwen2.5_dpo_after_sft_ep2_nl_ep2_withbadformat_bcoloss,2_medium_join,,,,,ft/def/new_negatives/nl/qwen2.5_dpo_after_sft_ep2_nl_ep2_withbadformat_bcoloss,Other
gemma-7b_sql,ft/def/new_negatives/nl/qwen2.5_dpo_after_sft_ep2_nl_ep2_withbadformat_bcoloss,3_has_aggr,,,,,ft/def/new_negatives/nl/qwen2.5_dpo_after_sft_ep2_nl_ep2_withbadformat_bcoloss,Other
gemma-7b_sql,ft/def/new_negatives/nl/qwen2.5_dpo_after_sft_ep2_nl_ep2_withbadformat_bcoloss,4_has_union,,,,,ft/def/new_negatives/nl/qwen2.5_dpo_after_sft_ep2_nl_ep2_withbadformat_bcoloss,Other
gemma-7b_sql,ft/def/new_negatives/nl/qwen2.5_dpo_after_sft_ep2_nl_ep2_withbadformat_bcoloss,5_has_all,,,,,ft/def/new_negatives/nl/qwen2.5_dpo_after_sft_ep2_nl_ep2_withbadformat_bcoloss,Other
gemma-7b_sql,ft/def/new_negatives/nl/qwen2.5_sft_lora_chat_template_nl_ep1,1_easy_no_join,,,,,ft/def/new_negatives/nl/qwen2.5_sft_lora_chat_template_nl_ep1,Other
gemma-7b_sql,ft/def/new_negatives/nl/qwen2.5_sft_lora_chat_template_nl_ep1,2_medium_join,,,,,ft/def/new_negatives/nl/qwen2.5_sft_lora_chat_template_nl_ep1,Other
gemma-7b_sql,ft/def/new_negatives/nl/qwen2.5_sft_lora_chat_template_nl_ep1,3_has_aggr,,,,,ft/def/new_negatives/nl/qwen2.5_sft_lora_chat_template_nl_ep1,Other
gemma-7b_sql,ft/def/new_negatives/nl/qwen2.5_sft_lora_chat_template_nl_ep1,4_has_union,,,,,ft/def/new_negatives/nl/qwen2.5_sft_lora_chat_template_nl_ep1,Other
gemma-7b_sql,ft/def/new_negatives/nl/qwen2.5_sft_lora_chat_template_nl_ep1,5_has_all,,,,,ft/def/new_negatives/nl/qwen2.5_sft_lora_chat_template_nl_ep1,Other
gemma-7b_sql,ft/def/new_negatives/nl/qwen2.5_sft_lora_chat_template_nl_ep2,1_easy_no_join,,,,,ft/def/new_negatives/nl/qwen2.5_sft_lora_chat_template_nl_ep2,Other
gemma-7b_sql,ft/def/new_negatives/nl/qwen2.5_sft_lora_chat_template_nl_ep2,2_medium_join,,,,,ft/def/new_negatives/nl/qwen2.5_sft_lora_chat_template_nl_ep2,Other
gemma-7b_sql,ft/def/new_negatives/nl/qwen2.5_sft_lora_chat_template_nl_ep2,3_has_aggr,,,,,ft/def/new_negatives/nl/qwen2.5_sft_lora_chat_template_nl_ep2,Other
gemma-7b_sql,ft/def/new_negatives/nl/qwen2.5_sft_lora_chat_template_nl_ep2,4_has_union,,,,,ft/def/new_negatives/nl/qwen2.5_sft_lora_chat_template_nl_ep2,Other
gemma-7b_sql,ft/def/new_negatives/nl/qwen2.5_sft_lora_chat_template_nl_ep2,5_has_all,,,,,ft/def/new_negatives/nl/qwen2.5_sft_lora_chat_template_nl_ep2,Other
gemma-7b_sql,ft/def/new_negatives/sql/gemma7b_dpo_after_sft_ep1_sql_ep1_withbadformat_bcoloss,1_easy_no_join,13.0,0.7368421052631579,0.9610389610389611,0.7012987012987013,DPO (SQL) ep1 SFT ep1,DPO
gemma-7b_sql,ft/def/new_negatives/sql/gemma7b_dpo_after_sft_ep1_sql_ep1_withbadformat_bcoloss,2_medium_join,6.0,0.0909090909090909,0.0,0.0,DPO (SQL) ep1 SFT ep1,DPO
gemma-7b_sql,ft/def/new_negatives/sql/gemma7b_dpo_after_sft_ep1_sql_ep1_withbadformat_bcoloss,3_has_aggr,23.0,0.0,0.6976744186046512,0.0,DPO (SQL) ep1 SFT ep1,DPO
gemma-7b_sql,ft/def/new_negatives/sql/gemma7b_dpo_after_sft_ep1_sql_ep1_withbadformat_bcoloss,4_has_union,125.0,0.6205787781350481,0.7620578778135048,0.5599999999999999,DPO (SQL) ep1 SFT ep1,DPO
gemma-7b_sql,ft/def/new_negatives/sql/gemma7b_dpo_after_sft_ep1_sql_ep1_withbadformat_bcoloss,5_has_all,74.0,0.5797101449275364,0.7526881720430108,0.45878136200716846,DPO (SQL) ep1 SFT ep1,DPO
gemma-7b_sql,ft/def/new_negatives/sql/gemma7b_dpo_after_sft_ep1_sql_ep2_withbadformat_bcoloss,1_easy_no_join,13.0,0.6578947368421053,0.9610389610389611,0.6233766233766234,DPO (SQL) ep1 SFT ep2,DPO
gemma-7b_sql,ft/def/new_negatives/sql/gemma7b_dpo_after_sft_ep1_sql_ep2_withbadformat_bcoloss,2_medium_join,6.0,0.08333333333333334,0.0,0.0,DPO (SQL) ep1 SFT ep2,DPO
gemma-7b_sql,ft/def/new_negatives/sql/gemma7b_dpo_after_sft_ep1_sql_ep2_withbadformat_bcoloss,3_has_aggr,23.0,0.0,0.75,0.0,DPO (SQL) ep1 SFT ep2,DPO
gemma-7b_sql,ft/def/new_negatives/sql/gemma7b_dpo_after_sft_ep1_sql_ep2_withbadformat_bcoloss,4_has_union,125.0,0.5993690851735015,0.7733755942947702,0.5425867507886435,DPO (SQL) ep1 SFT ep2,DPO
gemma-7b_sql,ft/def/new_negatives/sql/gemma7b_dpo_after_sft_ep1_sql_ep2_withbadformat_bcoloss,5_has_all,74.0,0.5942028985507246,0.7536231884057971,0.4693140794223827,DPO (SQL) ep1 SFT ep2,DPO
gemma-7b_sql,ft/def/new_negatives/sql/gemma7b_dpo_after_sft_ep2_sql_ep1_withbadformat_bcoloss,1_easy_no_join,13.0,0.7368421052631579,0.9610389610389611,0.7012987012987013,DPO (SQL) ep2 SFT ep1,DPO
gemma-7b_sql,ft/def/new_negatives/sql/gemma7b_dpo_after_sft_ep2_sql_ep1_withbadformat_bcoloss,2_medium_join,6.0,0.0,0.0,0.0,DPO (SQL) ep2 SFT ep1,DPO
gemma-7b_sql,ft/def/new_negatives/sql/gemma7b_dpo_after_sft_ep2_sql_ep1_withbadformat_bcoloss,3_has_aggr,23.0,0.0,0.7555555555555555,0.0,DPO (SQL) ep2 SFT ep1,DPO
gemma-7b_sql,ft/def/new_negatives/sql/gemma7b_dpo_after_sft_ep2_sql_ep1_withbadformat_bcoloss,4_has_union,125.0,0.5738255033557047,0.7651006711409397,0.5141903171953255,DPO (SQL) ep2 SFT ep1,DPO
gemma-7b_sql,ft/def/new_negatives/sql/gemma7b_dpo_after_sft_ep2_sql_ep1_withbadformat_bcoloss,5_has_all,74.0,0.5652173913043478,0.7625899280575539,0.43884892086330934,DPO (SQL) ep2 SFT ep1,DPO
gemma-7b_sql,ft/def/new_negatives/sql/gemma7b_dpo_after_sft_ep2_sql_ep2_withbadformat_bcoloss,1_easy_no_join,13.0,0.6578947368421053,0.9610389610389611,0.6233766233766234,DPO (SQL) ep2 SFT ep2,DPO
gemma-7b_sql,ft/def/new_negatives/sql/gemma7b_dpo_after_sft_ep2_sql_ep2_withbadformat_bcoloss,2_medium_join,6.0,0.22222222222222224,0.0,0.0,DPO (SQL) ep2 SFT ep2,DPO
gemma-7b_sql,ft/def/new_negatives/sql/gemma7b_dpo_after_sft_ep2_sql_ep2_withbadformat_bcoloss,3_has_aggr,23.0,0.0,0.7659574468085105,0.0,DPO (SQL) ep2 SFT ep2,DPO
gemma-7b_sql,ft/def/new_negatives/sql/gemma7b_dpo_after_sft_ep2_sql_ep2_withbadformat_bcoloss,4_has_union,125.0,0.624793388429752,0.778877887788779,0.5634266886326195,DPO (SQL) ep2 SFT ep2,DPO
gemma-7b_sql,ft/def/new_negatives/sql/gemma7b_dpo_after_sft_ep2_sql_ep2_withbadformat_bcoloss,5_has_all,74.0,0.5454545454545454,0.7681159420289855,0.4115523465703972,DPO (SQL) ep2 SFT ep2,DPO
gemma-7b_sql,ft/def/new_negatives/sql/gemma7b_sft_lora_chat_template_sql_ep1,1_easy_no_join,13.0,0.8571428571428572,1.0,0.8399999999999999,SFT (SQL) ep1,SFT
gemma-7b_sql,ft/def/new_negatives/sql/gemma7b_sft_lora_chat_template_sql_ep1,2_medium_join,6.0,0.25,0.0,0.0,SFT (SQL) ep1,SFT
gemma-7b_sql,ft/def/new_negatives/sql/gemma7b_sft_lora_chat_template_sql_ep1,3_has_aggr,23.0,0.0,0.8333333333333334,0.0,SFT (SQL) ep1,SFT
gemma-7b_sql,ft/def/new_negatives/sql/gemma7b_sft_lora_chat_template_sql_ep1,4_has_union,125.0,0.5036496350364964,0.7765567765567766,0.4565217391304348,SFT (SQL) ep1,SFT
gemma-7b_sql,ft/def/new_negatives/sql/gemma7b_sft_lora_chat_template_sql_ep1,5_has_all,74.0,0.6909090909090909,0.8867924528301887,0.6306306306306306,SFT (SQL) ep1,SFT
gemma-7b_sql,ft/def/new_negatives/sql/gemma7b_sft_lora_chat_template_sql_ep2,1_easy_no_join,13.0,0.9333333333333333,0.9508196721311476,0.8852459016393444,SFT (SQL) ep2,SFT
gemma-7b_sql,ft/def/new_negatives/sql/gemma7b_sft_lora_chat_template_sql_ep2,2_medium_join,6.0,0.1111111111111111,0.0,0.0,SFT (SQL) ep2,SFT
gemma-7b_sql,ft/def/new_negatives/sql/gemma7b_sft_lora_chat_template_sql_ep2,3_has_aggr,23.0,0.0,0.5333333333333333,0.0,SFT (SQL) ep2,SFT
gemma-7b_sql,ft/def/new_negatives/sql/gemma7b_sft_lora_chat_template_sql_ep2,4_has_union,125.0,0.471976401179941,0.7705882352941178,0.4588235294117647,SFT (SQL) ep2,SFT
gemma-7b_sql,ft/def/new_negatives/sql/gemma7b_sft_lora_chat_template_sql_ep2,5_has_all,74.0,0.4666666666666667,0.8571428571428571,0.4333333333333333,SFT (SQL) ep2,SFT
gemma-7b_sql,ft/def/new_negatives/sql/qwen2.5_dpo_after_sft_ep1_sql_ep1_withbadformat_bcoloss,1_easy_no_join,,,,,ft/def/new_negatives/sql/qwen2.5_dpo_after_sft_ep1_sql_ep1_withbadformat_bcoloss,Other
gemma-7b_sql,ft/def/new_negatives/sql/qwen2.5_dpo_after_sft_ep1_sql_ep1_withbadformat_bcoloss,2_medium_join,,,,,ft/def/new_negatives/sql/qwen2.5_dpo_after_sft_ep1_sql_ep1_withbadformat_bcoloss,Other
gemma-7b_sql,ft/def/new_negatives/sql/qwen2.5_dpo_after_sft_ep1_sql_ep1_withbadformat_bcoloss,3_has_aggr,,,,,ft/def/new_negatives/sql/qwen2.5_dpo_after_sft_ep1_sql_ep1_withbadformat_bcoloss,Other
gemma-7b_sql,ft/def/new_negatives/sql/qwen2.5_dpo_after_sft_ep1_sql_ep1_withbadformat_bcoloss,4_has_union,,,,,ft/def/new_negatives/sql/qwen2.5_dpo_after_sft_ep1_sql_ep1_withbadformat_bcoloss,Other
gemma-7b_sql,ft/def/new_negatives/sql/qwen2.5_dpo_after_sft_ep1_sql_ep1_withbadformat_bcoloss,5_has_all,,,,,ft/def/new_negatives/sql/qwen2.5_dpo_after_sft_ep1_sql_ep1_withbadformat_bcoloss,Other
gemma-7b_sql,ft/def/new_negatives/sql/qwen2.5_dpo_after_sft_ep1_sql_ep2_withbadformat_bcoloss,1_easy_no_join,,,,,ft/def/new_negatives/sql/qwen2.5_dpo_after_sft_ep1_sql_ep2_withbadformat_bcoloss,Other
gemma-7b_sql,ft/def/new_negatives/sql/qwen2.5_dpo_after_sft_ep1_sql_ep2_withbadformat_bcoloss,2_medium_join,,,,,ft/def/new_negatives/sql/qwen2.5_dpo_after_sft_ep1_sql_ep2_withbadformat_bcoloss,Other
gemma-7b_sql,ft/def/new_negatives/sql/qwen2.5_dpo_after_sft_ep1_sql_ep2_withbadformat_bcoloss,3_has_aggr,,,,,ft/def/new_negatives/sql/qwen2.5_dpo_after_sft_ep1_sql_ep2_withbadformat_bcoloss,Other
gemma-7b_sql,ft/def/new_negatives/sql/qwen2.5_dpo_after_sft_ep1_sql_ep2_withbadformat_bcoloss,4_has_union,,,,,ft/def/new_negatives/sql/qwen2.5_dpo_after_sft_ep1_sql_ep2_withbadformat_bcoloss,Other
gemma-7b_sql,ft/def/new_negatives/sql/qwen2.5_dpo_after_sft_ep1_sql_ep2_withbadformat_bcoloss,5_has_all,,,,,ft/def/new_negatives/sql/qwen2.5_dpo_after_sft_ep1_sql_ep2_withbadformat_bcoloss,Other
gemma-7b_sql,ft/def/new_negatives/sql/qwen2.5_dpo_after_sft_ep2_sql_ep1_withbadformat_bcoloss,1_easy_no_join,,,,,ft/def/new_negatives/sql/qwen2.5_dpo_after_sft_ep2_sql_ep1_withbadformat_bcoloss,Other
gemma-7b_sql,ft/def/new_negatives/sql/qwen2.5_dpo_after_sft_ep2_sql_ep1_withbadformat_bcoloss,2_medium_join,,,,,ft/def/new_negatives/sql/qwen2.5_dpo_after_sft_ep2_sql_ep1_withbadformat_bcoloss,Other
gemma-7b_sql,ft/def/new_negatives/sql/qwen2.5_dpo_after_sft_ep2_sql_ep1_withbadformat_bcoloss,3_has_aggr,,,,,ft/def/new_negatives/sql/qwen2.5_dpo_after_sft_ep2_sql_ep1_withbadformat_bcoloss,Other
gemma-7b_sql,ft/def/new_negatives/sql/qwen2.5_dpo_after_sft_ep2_sql_ep1_withbadformat_bcoloss,4_has_union,,,,,ft/def/new_negatives/sql/qwen2.5_dpo_after_sft_ep2_sql_ep1_withbadformat_bcoloss,Other
gemma-7b_sql,ft/def/new_negatives/sql/qwen2.5_dpo_after_sft_ep2_sql_ep1_withbadformat_bcoloss,5_has_all,,,,,ft/def/new_negatives/sql/qwen2.5_dpo_after_sft_ep2_sql_ep1_withbadformat_bcoloss,Other
gemma-7b_sql,ft/def/new_negatives/sql/qwen2.5_dpo_after_sft_ep2_sql_ep2_withbadformat_bcoloss,1_easy_no_join,,,,,ft/def/new_negatives/sql/qwen2.5_dpo_after_sft_ep2_sql_ep2_withbadformat_bcoloss,Other
gemma-7b_sql,ft/def/new_negatives/sql/qwen2.5_dpo_after_sft_ep2_sql_ep2_withbadformat_bcoloss,2_medium_join,,,,,ft/def/new_negatives/sql/qwen2.5_dpo_after_sft_ep2_sql_ep2_withbadformat_bcoloss,Other
gemma-7b_sql,ft/def/new_negatives/sql/qwen2.5_dpo_after_sft_ep2_sql_ep2_withbadformat_bcoloss,3_has_aggr,,,,,ft/def/new_negatives/sql/qwen2.5_dpo_after_sft_ep2_sql_ep2_withbadformat_bcoloss,Other
gemma-7b_sql,ft/def/new_negatives/sql/qwen2.5_dpo_after_sft_ep2_sql_ep2_withbadformat_bcoloss,4_has_union,,,,,ft/def/new_negatives/sql/qwen2.5_dpo_after_sft_ep2_sql_ep2_withbadformat_bcoloss,Other
gemma-7b_sql,ft/def/new_negatives/sql/qwen2.5_dpo_after_sft_ep2_sql_ep2_withbadformat_bcoloss,5_has_all,,,,,ft/def/new_negatives/sql/qwen2.5_dpo_after_sft_ep2_sql_ep2_withbadformat_bcoloss,Other
gemma-7b_sql,ft/def/new_negatives/sql/qwen2.5_sft_lora_chat_template_sql_ep1,1_easy_no_join,,,,,ft/def/new_negatives/sql/qwen2.5_sft_lora_chat_template_sql_ep1,Other
gemma-7b_sql,ft/def/new_negatives/sql/qwen2.5_sft_lora_chat_template_sql_ep1,2_medium_join,,,,,ft/def/new_negatives/sql/qwen2.5_sft_lora_chat_template_sql_ep1,Other
gemma-7b_sql,ft/def/new_negatives/sql/qwen2.5_sft_lora_chat_template_sql_ep1,3_has_aggr,,,,,ft/def/new_negatives/sql/qwen2.5_sft_lora_chat_template_sql_ep1,Other
gemma-7b_sql,ft/def/new_negatives/sql/qwen2.5_sft_lora_chat_template_sql_ep1,4_has_union,,,,,ft/def/new_negatives/sql/qwen2.5_sft_lora_chat_template_sql_ep1,Other
gemma-7b_sql,ft/def/new_negatives/sql/qwen2.5_sft_lora_chat_template_sql_ep1,5_has_all,,,,,ft/def/new_negatives/sql/qwen2.5_sft_lora_chat_template_sql_ep1,Other
gemma-7b_sql,ft/def/new_negatives/sql/qwen2.5_sft_lora_chat_template_sql_ep2,1_easy_no_join,,,,,ft/def/new_negatives/sql/qwen2.5_sft_lora_chat_template_sql_ep2,Other
gemma-7b_sql,ft/def/new_negatives/sql/qwen2.5_sft_lora_chat_template_sql_ep2,2_medium_join,,,,,ft/def/new_negatives/sql/qwen2.5_sft_lora_chat_template_sql_ep2,Other
gemma-7b_sql,ft/def/new_negatives/sql/qwen2.5_sft_lora_chat_template_sql_ep2,3_has_aggr,,,,,ft/def/new_negatives/sql/qwen2.5_sft_lora_chat_template_sql_ep2,Other
gemma-7b_sql,ft/def/new_negatives/sql/qwen2.5_sft_lora_chat_template_sql_ep2,4_has_union,,,,,ft/def/new_negatives/sql/qwen2.5_sft_lora_chat_template_sql_ep2,Other
gemma-7b_sql,ft/def/new_negatives/sql/qwen2.5_sft_lora_chat_template_sql_ep2,5_has_all,,,,,ft/def/new_negatives/sql/qwen2.5_sft_lora_chat_template_sql_ep2,Other
gemma-7b_sql,ft/new_negatives/nl/llama3_8b_dpo_after_sft_ep1_nl_ep1_withbadformat_bcoloss,1_easy_no_join,,,,,ft/new_negatives/nl/llama3_8b_dpo_after_sft_ep1_nl_ep1_withbadformat_bcoloss,Other
gemma-7b_sql,ft/new_negatives/nl/llama3_8b_dpo_after_sft_ep1_nl_ep1_withbadformat_bcoloss,2_medium_join,,,,,ft/new_negatives/nl/llama3_8b_dpo_after_sft_ep1_nl_ep1_withbadformat_bcoloss,Other
gemma-7b_sql,ft/new_negatives/nl/llama3_8b_dpo_after_sft_ep1_nl_ep1_withbadformat_bcoloss,3_has_aggr,,,,,ft/new_negatives/nl/llama3_8b_dpo_after_sft_ep1_nl_ep1_withbadformat_bcoloss,Other
gemma-7b_sql,ft/new_negatives/nl/llama3_8b_dpo_after_sft_ep1_nl_ep1_withbadformat_bcoloss,4_has_union,,,,,ft/new_negatives/nl/llama3_8b_dpo_after_sft_ep1_nl_ep1_withbadformat_bcoloss,Other
gemma-7b_sql,ft/new_negatives/nl/llama3_8b_dpo_after_sft_ep1_nl_ep1_withbadformat_bcoloss,5_has_all,,,,,ft/new_negatives/nl/llama3_8b_dpo_after_sft_ep1_nl_ep1_withbadformat_bcoloss,Other
gemma-7b_sql,ft/new_negatives/nl/llama3_8b_dpo_after_sft_ep1_nl_ep2_withbadformat_bcoloss,1_easy_no_join,,,,,ft/new_negatives/nl/llama3_8b_dpo_after_sft_ep1_nl_ep2_withbadformat_bcoloss,Other
gemma-7b_sql,ft/new_negatives/nl/llama3_8b_dpo_after_sft_ep1_nl_ep2_withbadformat_bcoloss,2_medium_join,,,,,ft/new_negatives/nl/llama3_8b_dpo_after_sft_ep1_nl_ep2_withbadformat_bcoloss,Other
gemma-7b_sql,ft/new_negatives/nl/llama3_8b_dpo_after_sft_ep1_nl_ep2_withbadformat_bcoloss,3_has_aggr,,,,,ft/new_negatives/nl/llama3_8b_dpo_after_sft_ep1_nl_ep2_withbadformat_bcoloss,Other
gemma-7b_sql,ft/new_negatives/nl/llama3_8b_dpo_after_sft_ep1_nl_ep2_withbadformat_bcoloss,4_has_union,,,,,ft/new_negatives/nl/llama3_8b_dpo_after_sft_ep1_nl_ep2_withbadformat_bcoloss,Other
gemma-7b_sql,ft/new_negatives/nl/llama3_8b_dpo_after_sft_ep1_nl_ep2_withbadformat_bcoloss,5_has_all,,,,,ft/new_negatives/nl/llama3_8b_dpo_after_sft_ep1_nl_ep2_withbadformat_bcoloss,Other
gemma-7b_sql,ft/new_negatives/nl/llama3_8b_dpo_after_sft_ep2_nl_ep1_withbadformat_bcoloss,1_easy_no_join,,,,,ft/new_negatives/nl/llama3_8b_dpo_after_sft_ep2_nl_ep1_withbadformat_bcoloss,Other
gemma-7b_sql,ft/new_negatives/nl/llama3_8b_dpo_after_sft_ep2_nl_ep1_withbadformat_bcoloss,2_medium_join,,,,,ft/new_negatives/nl/llama3_8b_dpo_after_sft_ep2_nl_ep1_withbadformat_bcoloss,Other
gemma-7b_sql,ft/new_negatives/nl/llama3_8b_dpo_after_sft_ep2_nl_ep1_withbadformat_bcoloss,3_has_aggr,,,,,ft/new_negatives/nl/llama3_8b_dpo_after_sft_ep2_nl_ep1_withbadformat_bcoloss,Other
gemma-7b_sql,ft/new_negatives/nl/llama3_8b_dpo_after_sft_ep2_nl_ep1_withbadformat_bcoloss,4_has_union,,,,,ft/new_negatives/nl/llama3_8b_dpo_after_sft_ep2_nl_ep1_withbadformat_bcoloss,Other
gemma-7b_sql,ft/new_negatives/nl/llama3_8b_dpo_after_sft_ep2_nl_ep1_withbadformat_bcoloss,5_has_all,,,,,ft/new_negatives/nl/llama3_8b_dpo_after_sft_ep2_nl_ep1_withbadformat_bcoloss,Other
gemma-7b_sql,ft/new_negatives/nl/llama3_8b_dpo_after_sft_ep2_nl_ep2_withbadformat_bcoloss,1_easy_no_join,,,,,ft/new_negatives/nl/llama3_8b_dpo_after_sft_ep2_nl_ep2_withbadformat_bcoloss,Other
gemma-7b_sql,ft/new_negatives/nl/llama3_8b_dpo_after_sft_ep2_nl_ep2_withbadformat_bcoloss,2_medium_join,,,,,ft/new_negatives/nl/llama3_8b_dpo_after_sft_ep2_nl_ep2_withbadformat_bcoloss,Other
gemma-7b_sql,ft/new_negatives/nl/llama3_8b_dpo_after_sft_ep2_nl_ep2_withbadformat_bcoloss,3_has_aggr,,,,,ft/new_negatives/nl/llama3_8b_dpo_after_sft_ep2_nl_ep2_withbadformat_bcoloss,Other
gemma-7b_sql,ft/new_negatives/nl/llama3_8b_dpo_after_sft_ep2_nl_ep2_withbadformat_bcoloss,4_has_union,,,,,ft/new_negatives/nl/llama3_8b_dpo_after_sft_ep2_nl_ep2_withbadformat_bcoloss,Other
gemma-7b_sql,ft/new_negatives/nl/llama3_8b_dpo_after_sft_ep2_nl_ep2_withbadformat_bcoloss,5_has_all,,,,,ft/new_negatives/nl/llama3_8b_dpo_after_sft_ep2_nl_ep2_withbadformat_bcoloss,Other
gemma-7b_sql,ft/new_negatives/nl/llama3_8b_sft_lora_chat_template_nl_ep1,1_easy_no_join,,,,,ft/new_negatives/nl/llama3_8b_sft_lora_chat_template_nl_ep1,Other
gemma-7b_sql,ft/new_negatives/nl/llama3_8b_sft_lora_chat_template_nl_ep1,2_medium_join,,,,,ft/new_negatives/nl/llama3_8b_sft_lora_chat_template_nl_ep1,Other
gemma-7b_sql,ft/new_negatives/nl/llama3_8b_sft_lora_chat_template_nl_ep1,3_has_aggr,,,,,ft/new_negatives/nl/llama3_8b_sft_lora_chat_template_nl_ep1,Other
gemma-7b_sql,ft/new_negatives/nl/llama3_8b_sft_lora_chat_template_nl_ep1,4_has_union,,,,,ft/new_negatives/nl/llama3_8b_sft_lora_chat_template_nl_ep1,Other
gemma-7b_sql,ft/new_negatives/nl/llama3_8b_sft_lora_chat_template_nl_ep1,5_has_all,,,,,ft/new_negatives/nl/llama3_8b_sft_lora_chat_template_nl_ep1,Other
gemma-7b_sql,ft/new_negatives/nl/llama3_8b_sft_lora_chat_template_nl_ep2,1_easy_no_join,,,,,ft/new_negatives/nl/llama3_8b_sft_lora_chat_template_nl_ep2,Other
gemma-7b_sql,ft/new_negatives/nl/llama3_8b_sft_lora_chat_template_nl_ep2,2_medium_join,,,,,ft/new_negatives/nl/llama3_8b_sft_lora_chat_template_nl_ep2,Other
gemma-7b_sql,ft/new_negatives/nl/llama3_8b_sft_lora_chat_template_nl_ep2,3_has_aggr,,,,,ft/new_negatives/nl/llama3_8b_sft_lora_chat_template_nl_ep2,Other
gemma-7b_sql,ft/new_negatives/nl/llama3_8b_sft_lora_chat_template_nl_ep2,4_has_union,,,,,ft/new_negatives/nl/llama3_8b_sft_lora_chat_template_nl_ep2,Other
gemma-7b_sql,ft/new_negatives/nl/llama3_8b_sft_lora_chat_template_nl_ep2,5_has_all,,,,,ft/new_negatives/nl/llama3_8b_sft_lora_chat_template_nl_ep2,Other
gemma-7b_sql,ft/new_negatives/sql/llama3_8b_dpo_after_sft_ep1_sql_ep1_withbadformat_bcoloss,1_easy_no_join,,,,,ft/new_negatives/sql/llama3_8b_dpo_after_sft_ep1_sql_ep1_withbadformat_bcoloss,Other
gemma-7b_sql,ft/new_negatives/sql/llama3_8b_dpo_after_sft_ep1_sql_ep1_withbadformat_bcoloss,2_medium_join,,,,,ft/new_negatives/sql/llama3_8b_dpo_after_sft_ep1_sql_ep1_withbadformat_bcoloss,Other
gemma-7b_sql,ft/new_negatives/sql/llama3_8b_dpo_after_sft_ep1_sql_ep1_withbadformat_bcoloss,3_has_aggr,,,,,ft/new_negatives/sql/llama3_8b_dpo_after_sft_ep1_sql_ep1_withbadformat_bcoloss,Other
gemma-7b_sql,ft/new_negatives/sql/llama3_8b_dpo_after_sft_ep1_sql_ep1_withbadformat_bcoloss,4_has_union,,,,,ft/new_negatives/sql/llama3_8b_dpo_after_sft_ep1_sql_ep1_withbadformat_bcoloss,Other
gemma-7b_sql,ft/new_negatives/sql/llama3_8b_dpo_after_sft_ep1_sql_ep1_withbadformat_bcoloss,5_has_all,,,,,ft/new_negatives/sql/llama3_8b_dpo_after_sft_ep1_sql_ep1_withbadformat_bcoloss,Other
gemma-7b_sql,ft/new_negatives/sql/llama3_8b_dpo_after_sft_ep1_sql_ep2_withbadformat_bcoloss,1_easy_no_join,,,,,ft/new_negatives/sql/llama3_8b_dpo_after_sft_ep1_sql_ep2_withbadformat_bcoloss,Other
gemma-7b_sql,ft/new_negatives/sql/llama3_8b_dpo_after_sft_ep1_sql_ep2_withbadformat_bcoloss,2_medium_join,,,,,ft/new_negatives/sql/llama3_8b_dpo_after_sft_ep1_sql_ep2_withbadformat_bcoloss,Other
gemma-7b_sql,ft/new_negatives/sql/llama3_8b_dpo_after_sft_ep1_sql_ep2_withbadformat_bcoloss,3_has_aggr,,,,,ft/new_negatives/sql/llama3_8b_dpo_after_sft_ep1_sql_ep2_withbadformat_bcoloss,Other
gemma-7b_sql,ft/new_negatives/sql/llama3_8b_dpo_after_sft_ep1_sql_ep2_withbadformat_bcoloss,4_has_union,,,,,ft/new_negatives/sql/llama3_8b_dpo_after_sft_ep1_sql_ep2_withbadformat_bcoloss,Other
gemma-7b_sql,ft/new_negatives/sql/llama3_8b_dpo_after_sft_ep1_sql_ep2_withbadformat_bcoloss,5_has_all,,,,,ft/new_negatives/sql/llama3_8b_dpo_after_sft_ep1_sql_ep2_withbadformat_bcoloss,Other
gemma-7b_sql,ft/new_negatives/sql/llama3_8b_dpo_after_sft_ep2_sql_ep1_withbadformat_bcoloss,1_easy_no_join,,,,,ft/new_negatives/sql/llama3_8b_dpo_after_sft_ep2_sql_ep1_withbadformat_bcoloss,Other
gemma-7b_sql,ft/new_negatives/sql/llama3_8b_dpo_after_sft_ep2_sql_ep1_withbadformat_bcoloss,2_medium_join,,,,,ft/new_negatives/sql/llama3_8b_dpo_after_sft_ep2_sql_ep1_withbadformat_bcoloss,Other
gemma-7b_sql,ft/new_negatives/sql/llama3_8b_dpo_after_sft_ep2_sql_ep1_withbadformat_bcoloss,3_has_aggr,,,,,ft/new_negatives/sql/llama3_8b_dpo_after_sft_ep2_sql_ep1_withbadformat_bcoloss,Other
gemma-7b_sql,ft/new_negatives/sql/llama3_8b_dpo_after_sft_ep2_sql_ep1_withbadformat_bcoloss,4_has_union,,,,,ft/new_negatives/sql/llama3_8b_dpo_after_sft_ep2_sql_ep1_withbadformat_bcoloss,Other
gemma-7b_sql,ft/new_negatives/sql/llama3_8b_dpo_after_sft_ep2_sql_ep1_withbadformat_bcoloss,5_has_all,,,,,ft/new_negatives/sql/llama3_8b_dpo_after_sft_ep2_sql_ep1_withbadformat_bcoloss,Other
gemma-7b_sql,ft/new_negatives/sql/llama3_8b_dpo_after_sft_ep2_sql_ep2_withbadformat_bcoloss,1_easy_no_join,,,,,ft/new_negatives/sql/llama3_8b_dpo_after_sft_ep2_sql_ep2_withbadformat_bcoloss,Other
gemma-7b_sql,ft/new_negatives/sql/llama3_8b_dpo_after_sft_ep2_sql_ep2_withbadformat_bcoloss,2_medium_join,,,,,ft/new_negatives/sql/llama3_8b_dpo_after_sft_ep2_sql_ep2_withbadformat_bcoloss,Other
gemma-7b_sql,ft/new_negatives/sql/llama3_8b_dpo_after_sft_ep2_sql_ep2_withbadformat_bcoloss,3_has_aggr,,,,,ft/new_negatives/sql/llama3_8b_dpo_after_sft_ep2_sql_ep2_withbadformat_bcoloss,Other
gemma-7b_sql,ft/new_negatives/sql/llama3_8b_dpo_after_sft_ep2_sql_ep2_withbadformat_bcoloss,4_has_union,,,,,ft/new_negatives/sql/llama3_8b_dpo_after_sft_ep2_sql_ep2_withbadformat_bcoloss,Other
gemma-7b_sql,ft/new_negatives/sql/llama3_8b_dpo_after_sft_ep2_sql_ep2_withbadformat_bcoloss,5_has_all,,,,,ft/new_negatives/sql/llama3_8b_dpo_after_sft_ep2_sql_ep2_withbadformat_bcoloss,Other
gemma-7b_sql,ft/new_negatives/sql/llama3_8b_sft_lora_chat_template_sql_ep1,1_easy_no_join,,,,,ft/new_negatives/sql/llama3_8b_sft_lora_chat_template_sql_ep1,Other
gemma-7b_sql,ft/new_negatives/sql/llama3_8b_sft_lora_chat_template_sql_ep1,2_medium_join,,,,,ft/new_negatives/sql/llama3_8b_sft_lora_chat_template_sql_ep1,Other
gemma-7b_sql,ft/new_negatives/sql/llama3_8b_sft_lora_chat_template_sql_ep1,3_has_aggr,,,,,ft/new_negatives/sql/llama3_8b_sft_lora_chat_template_sql_ep1,Other
gemma-7b_sql,ft/new_negatives/sql/llama3_8b_sft_lora_chat_template_sql_ep1,4_has_union,,,,,ft/new_negatives/sql/llama3_8b_sft_lora_chat_template_sql_ep1,Other
gemma-7b_sql,ft/new_negatives/sql/llama3_8b_sft_lora_chat_template_sql_ep1,5_has_all,,,,,ft/new_negatives/sql/llama3_8b_sft_lora_chat_template_sql_ep1,Other
gemma-7b_sql,ft/new_negatives/sql/llama3_8b_sft_lora_chat_template_sql_ep2,1_easy_no_join,,,,,ft/new_negatives/sql/llama3_8b_sft_lora_chat_template_sql_ep2,Other
gemma-7b_sql,ft/new_negatives/sql/llama3_8b_sft_lora_chat_template_sql_ep2,2_medium_join,,,,,ft/new_negatives/sql/llama3_8b_sft_lora_chat_template_sql_ep2,Other
gemma-7b_sql,ft/new_negatives/sql/llama3_8b_sft_lora_chat_template_sql_ep2,3_has_aggr,,,,,ft/new_negatives/sql/llama3_8b_sft_lora_chat_template_sql_ep2,Other
gemma-7b_sql,ft/new_negatives/sql/llama3_8b_sft_lora_chat_template_sql_ep2,4_has_union,,,,,ft/new_negatives/sql/llama3_8b_sft_lora_chat_template_sql_ep2,Other
gemma-7b_sql,ft/new_negatives/sql/llama3_8b_sft_lora_chat_template_sql_ep2,5_has_all,,,,,ft/new_negatives/sql/llama3_8b_sft_lora_chat_template_sql_ep2,Other
llama3-8b_nl,base/nl,1_easy_no_join,13.0,0.3013698630136986,0.9189189189189189,0.27027027027027023,Base (NL),Base
llama3-8b_nl,base/nl,2_medium_join,6.0,0.0,0.3703703703703704,0.0,Base (NL),Base
llama3-8b_nl,base/nl,3_has_aggr,23.0,0.0,0.5454545454545454,0.0,Base (NL),Base
llama3-8b_nl,base/nl,4_has_union,125.0,0.17004048582995954,0.6118598382749326,0.1320754716981132,Base (NL),Base
llama3-8b_nl,base/nl,5_has_all,74.0,0.2204724409448819,0.5076923076923077,0.13076923076923078,Base (NL),Base
llama3-8b_nl,base/sql,1_easy_no_join,,,,,base/sql,Base
llama3-8b_nl,base/sql,2_medium_join,,,,,base/sql,Base
llama3-8b_nl,base/sql,3_has_aggr,,,,,base/sql,Base
llama3-8b_nl,base/sql,4_has_union,,,,,base/sql,Base
llama3-8b_nl,base/sql,5_has_all,,,,,base/sql,Base
llama3-8b_nl,ft/def/new_negatives/nl/gemma7b_dpo_after_sft_ep1_nl_ep1_withbadformat_bcoloss,1_easy_no_join,,,,,ft/def/new_negatives/nl/gemma7b_dpo_after_sft_ep1_nl_ep1_withbadformat_bcoloss,Other
llama3-8b_nl,ft/def/new_negatives/nl/gemma7b_dpo_after_sft_ep1_nl_ep1_withbadformat_bcoloss,2_medium_join,,,,,ft/def/new_negatives/nl/gemma7b_dpo_after_sft_ep1_nl_ep1_withbadformat_bcoloss,Other
llama3-8b_nl,ft/def/new_negatives/nl/gemma7b_dpo_after_sft_ep1_nl_ep1_withbadformat_bcoloss,3_has_aggr,,,,,ft/def/new_negatives/nl/gemma7b_dpo_after_sft_ep1_nl_ep1_withbadformat_bcoloss,Other
llama3-8b_nl,ft/def/new_negatives/nl/gemma7b_dpo_after_sft_ep1_nl_ep1_withbadformat_bcoloss,4_has_union,,,,,ft/def/new_negatives/nl/gemma7b_dpo_after_sft_ep1_nl_ep1_withbadformat_bcoloss,Other
llama3-8b_nl,ft/def/new_negatives/nl/gemma7b_dpo_after_sft_ep1_nl_ep1_withbadformat_bcoloss,5_has_all,,,,,ft/def/new_negatives/nl/gemma7b_dpo_after_sft_ep1_nl_ep1_withbadformat_bcoloss,Other
llama3-8b_nl,ft/def/new_negatives/nl/gemma7b_dpo_after_sft_ep1_nl_ep2_withbadformat_bcoloss,1_easy_no_join,,,,,ft/def/new_negatives/nl/gemma7b_dpo_after_sft_ep1_nl_ep2_withbadformat_bcoloss,Other
llama3-8b_nl,ft/def/new_negatives/nl/gemma7b_dpo_after_sft_ep1_nl_ep2_withbadformat_bcoloss,2_medium_join,,,,,ft/def/new_negatives/nl/gemma7b_dpo_after_sft_ep1_nl_ep2_withbadformat_bcoloss,Other
llama3-8b_nl,ft/def/new_negatives/nl/gemma7b_dpo_after_sft_ep1_nl_ep2_withbadformat_bcoloss,3_has_aggr,,,,,ft/def/new_negatives/nl/gemma7b_dpo_after_sft_ep1_nl_ep2_withbadformat_bcoloss,Other
llama3-8b_nl,ft/def/new_negatives/nl/gemma7b_dpo_after_sft_ep1_nl_ep2_withbadformat_bcoloss,4_has_union,,,,,ft/def/new_negatives/nl/gemma7b_dpo_after_sft_ep1_nl_ep2_withbadformat_bcoloss,Other
llama3-8b_nl,ft/def/new_negatives/nl/gemma7b_dpo_after_sft_ep1_nl_ep2_withbadformat_bcoloss,5_has_all,,,,,ft/def/new_negatives/nl/gemma7b_dpo_after_sft_ep1_nl_ep2_withbadformat_bcoloss,Other
llama3-8b_nl,ft/def/new_negatives/nl/gemma7b_dpo_after_sft_ep2_nl_ep1_withbadformat_bcoloss,1_easy_no_join,,,,,ft/def/new_negatives/nl/gemma7b_dpo_after_sft_ep2_nl_ep1_withbadformat_bcoloss,Other
llama3-8b_nl,ft/def/new_negatives/nl/gemma7b_dpo_after_sft_ep2_nl_ep1_withbadformat_bcoloss,2_medium_join,,,,,ft/def/new_negatives/nl/gemma7b_dpo_after_sft_ep2_nl_ep1_withbadformat_bcoloss,Other
llama3-8b_nl,ft/def/new_negatives/nl/gemma7b_dpo_after_sft_ep2_nl_ep1_withbadformat_bcoloss,3_has_aggr,,,,,ft/def/new_negatives/nl/gemma7b_dpo_after_sft_ep2_nl_ep1_withbadformat_bcoloss,Other
llama3-8b_nl,ft/def/new_negatives/nl/gemma7b_dpo_after_sft_ep2_nl_ep1_withbadformat_bcoloss,4_has_union,,,,,ft/def/new_negatives/nl/gemma7b_dpo_after_sft_ep2_nl_ep1_withbadformat_bcoloss,Other
llama3-8b_nl,ft/def/new_negatives/nl/gemma7b_dpo_after_sft_ep2_nl_ep1_withbadformat_bcoloss,5_has_all,,,,,ft/def/new_negatives/nl/gemma7b_dpo_after_sft_ep2_nl_ep1_withbadformat_bcoloss,Other
llama3-8b_nl,ft/def/new_negatives/nl/gemma7b_dpo_after_sft_ep2_nl_ep2_withbadformat_bcoloss,1_easy_no_join,,,,,ft/def/new_negatives/nl/gemma7b_dpo_after_sft_ep2_nl_ep2_withbadformat_bcoloss,Other
llama3-8b_nl,ft/def/new_negatives/nl/gemma7b_dpo_after_sft_ep2_nl_ep2_withbadformat_bcoloss,2_medium_join,,,,,ft/def/new_negatives/nl/gemma7b_dpo_after_sft_ep2_nl_ep2_withbadformat_bcoloss,Other
llama3-8b_nl,ft/def/new_negatives/nl/gemma7b_dpo_after_sft_ep2_nl_ep2_withbadformat_bcoloss,3_has_aggr,,,,,ft/def/new_negatives/nl/gemma7b_dpo_after_sft_ep2_nl_ep2_withbadformat_bcoloss,Other
llama3-8b_nl,ft/def/new_negatives/nl/gemma7b_dpo_after_sft_ep2_nl_ep2_withbadformat_bcoloss,4_has_union,,,,,ft/def/new_negatives/nl/gemma7b_dpo_after_sft_ep2_nl_ep2_withbadformat_bcoloss,Other
llama3-8b_nl,ft/def/new_negatives/nl/gemma7b_dpo_after_sft_ep2_nl_ep2_withbadformat_bcoloss,5_has_all,,,,,ft/def/new_negatives/nl/gemma7b_dpo_after_sft_ep2_nl_ep2_withbadformat_bcoloss,Other
llama3-8b_nl,ft/def/new_negatives/nl/gemma7b_sft_lora_chat_template_nl_ep1,1_easy_no_join,,,,,ft/def/new_negatives/nl/gemma7b_sft_lora_chat_template_nl_ep1,Other
llama3-8b_nl,ft/def/new_negatives/nl/gemma7b_sft_lora_chat_template_nl_ep1,2_medium_join,,,,,ft/def/new_negatives/nl/gemma7b_sft_lora_chat_template_nl_ep1,Other
llama3-8b_nl,ft/def/new_negatives/nl/gemma7b_sft_lora_chat_template_nl_ep1,3_has_aggr,,,,,ft/def/new_negatives/nl/gemma7b_sft_lora_chat_template_nl_ep1,Other
llama3-8b_nl,ft/def/new_negatives/nl/gemma7b_sft_lora_chat_template_nl_ep1,4_has_union,,,,,ft/def/new_negatives/nl/gemma7b_sft_lora_chat_template_nl_ep1,Other
llama3-8b_nl,ft/def/new_negatives/nl/gemma7b_sft_lora_chat_template_nl_ep1,5_has_all,,,,,ft/def/new_negatives/nl/gemma7b_sft_lora_chat_template_nl_ep1,Other
llama3-8b_nl,ft/def/new_negatives/nl/gemma7b_sft_lora_chat_template_nl_ep2,1_easy_no_join,,,,,ft/def/new_negatives/nl/gemma7b_sft_lora_chat_template_nl_ep2,Other
llama3-8b_nl,ft/def/new_negatives/nl/gemma7b_sft_lora_chat_template_nl_ep2,2_medium_join,,,,,ft/def/new_negatives/nl/gemma7b_sft_lora_chat_template_nl_ep2,Other
llama3-8b_nl,ft/def/new_negatives/nl/gemma7b_sft_lora_chat_template_nl_ep2,3_has_aggr,,,,,ft/def/new_negatives/nl/gemma7b_sft_lora_chat_template_nl_ep2,Other
llama3-8b_nl,ft/def/new_negatives/nl/gemma7b_sft_lora_chat_template_nl_ep2,4_has_union,,,,,ft/def/new_negatives/nl/gemma7b_sft_lora_chat_template_nl_ep2,Other
llama3-8b_nl,ft/def/new_negatives/nl/gemma7b_sft_lora_chat_template_nl_ep2,5_has_all,,,,,ft/def/new_negatives/nl/gemma7b_sft_lora_chat_template_nl_ep2,Other
llama3-8b_nl,ft/def/new_negatives/nl/qwen2.5_dpo_after_sft_ep1_nl_ep1_withbadformat_bcoloss,1_easy_no_join,,,,,ft/def/new_negatives/nl/qwen2.5_dpo_after_sft_ep1_nl_ep1_withbadformat_bcoloss,Other
llama3-8b_nl,ft/def/new_negatives/nl/qwen2.5_dpo_after_sft_ep1_nl_ep1_withbadformat_bcoloss,2_medium_join,,,,,ft/def/new_negatives/nl/qwen2.5_dpo_after_sft_ep1_nl_ep1_withbadformat_bcoloss,Other
llama3-8b_nl,ft/def/new_negatives/nl/qwen2.5_dpo_after_sft_ep1_nl_ep1_withbadformat_bcoloss,3_has_aggr,,,,,ft/def/new_negatives/nl/qwen2.5_dpo_after_sft_ep1_nl_ep1_withbadformat_bcoloss,Other
llama3-8b_nl,ft/def/new_negatives/nl/qwen2.5_dpo_after_sft_ep1_nl_ep1_withbadformat_bcoloss,4_has_union,,,,,ft/def/new_negatives/nl/qwen2.5_dpo_after_sft_ep1_nl_ep1_withbadformat_bcoloss,Other
llama3-8b_nl,ft/def/new_negatives/nl/qwen2.5_dpo_after_sft_ep1_nl_ep1_withbadformat_bcoloss,5_has_all,,,,,ft/def/new_negatives/nl/qwen2.5_dpo_after_sft_ep1_nl_ep1_withbadformat_bcoloss,Other
llama3-8b_nl,ft/def/new_negatives/nl/qwen2.5_dpo_after_sft_ep1_nl_ep2_withbadformat_bcoloss,1_easy_no_join,,,,,ft/def/new_negatives/nl/qwen2.5_dpo_after_sft_ep1_nl_ep2_withbadformat_bcoloss,Other
llama3-8b_nl,ft/def/new_negatives/nl/qwen2.5_dpo_after_sft_ep1_nl_ep2_withbadformat_bcoloss,2_medium_join,,,,,ft/def/new_negatives/nl/qwen2.5_dpo_after_sft_ep1_nl_ep2_withbadformat_bcoloss,Other
llama3-8b_nl,ft/def/new_negatives/nl/qwen2.5_dpo_after_sft_ep1_nl_ep2_withbadformat_bcoloss,3_has_aggr,,,,,ft/def/new_negatives/nl/qwen2.5_dpo_after_sft_ep1_nl_ep2_withbadformat_bcoloss,Other
llama3-8b_nl,ft/def/new_negatives/nl/qwen2.5_dpo_after_sft_ep1_nl_ep2_withbadformat_bcoloss,4_has_union,,,,,ft/def/new_negatives/nl/qwen2.5_dpo_after_sft_ep1_nl_ep2_withbadformat_bcoloss,Other
llama3-8b_nl,ft/def/new_negatives/nl/qwen2.5_dpo_after_sft_ep1_nl_ep2_withbadformat_bcoloss,5_has_all,,,,,ft/def/new_negatives/nl/qwen2.5_dpo_after_sft_ep1_nl_ep2_withbadformat_bcoloss,Other
llama3-8b_nl,ft/def/new_negatives/nl/qwen2.5_dpo_after_sft_ep2_nl_ep1_withbadformat_bcoloss,1_easy_no_join,,,,,ft/def/new_negatives/nl/qwen2.5_dpo_after_sft_ep2_nl_ep1_withbadformat_bcoloss,Other
llama3-8b_nl,ft/def/new_negatives/nl/qwen2.5_dpo_after_sft_ep2_nl_ep1_withbadformat_bcoloss,2_medium_join,,,,,ft/def/new_negatives/nl/qwen2.5_dpo_after_sft_ep2_nl_ep1_withbadformat_bcoloss,Other
llama3-8b_nl,ft/def/new_negatives/nl/qwen2.5_dpo_after_sft_ep2_nl_ep1_withbadformat_bcoloss,3_has_aggr,,,,,ft/def/new_negatives/nl/qwen2.5_dpo_after_sft_ep2_nl_ep1_withbadformat_bcoloss,Other
llama3-8b_nl,ft/def/new_negatives/nl/qwen2.5_dpo_after_sft_ep2_nl_ep1_withbadformat_bcoloss,4_has_union,,,,,ft/def/new_negatives/nl/qwen2.5_dpo_after_sft_ep2_nl_ep1_withbadformat_bcoloss,Other
llama3-8b_nl,ft/def/new_negatives/nl/qwen2.5_dpo_after_sft_ep2_nl_ep1_withbadformat_bcoloss,5_has_all,,,,,ft/def/new_negatives/nl/qwen2.5_dpo_after_sft_ep2_nl_ep1_withbadformat_bcoloss,Other
llama3-8b_nl,ft/def/new_negatives/nl/qwen2.5_dpo_after_sft_ep2_nl_ep2_withbadformat_bcoloss,1_easy_no_join,,,,,ft/def/new_negatives/nl/qwen2.5_dpo_after_sft_ep2_nl_ep2_withbadformat_bcoloss,Other
llama3-8b_nl,ft/def/new_negatives/nl/qwen2.5_dpo_after_sft_ep2_nl_ep2_withbadformat_bcoloss,2_medium_join,,,,,ft/def/new_negatives/nl/qwen2.5_dpo_after_sft_ep2_nl_ep2_withbadformat_bcoloss,Other
llama3-8b_nl,ft/def/new_negatives/nl/qwen2.5_dpo_after_sft_ep2_nl_ep2_withbadformat_bcoloss,3_has_aggr,,,,,ft/def/new_negatives/nl/qwen2.5_dpo_after_sft_ep2_nl_ep2_withbadformat_bcoloss,Other
llama3-8b_nl,ft/def/new_negatives/nl/qwen2.5_dpo_after_sft_ep2_nl_ep2_withbadformat_bcoloss,4_has_union,,,,,ft/def/new_negatives/nl/qwen2.5_dpo_after_sft_ep2_nl_ep2_withbadformat_bcoloss,Other
llama3-8b_nl,ft/def/new_negatives/nl/qwen2.5_dpo_after_sft_ep2_nl_ep2_withbadformat_bcoloss,5_has_all,,,,,ft/def/new_negatives/nl/qwen2.5_dpo_after_sft_ep2_nl_ep2_withbadformat_bcoloss,Other
llama3-8b_nl,ft/def/new_negatives/nl/qwen2.5_sft_lora_chat_template_nl_ep1,1_easy_no_join,,,,,ft/def/new_negatives/nl/qwen2.5_sft_lora_chat_template_nl_ep1,Other
llama3-8b_nl,ft/def/new_negatives/nl/qwen2.5_sft_lora_chat_template_nl_ep1,2_medium_join,,,,,ft/def/new_negatives/nl/qwen2.5_sft_lora_chat_template_nl_ep1,Other
llama3-8b_nl,ft/def/new_negatives/nl/qwen2.5_sft_lora_chat_template_nl_ep1,3_has_aggr,,,,,ft/def/new_negatives/nl/qwen2.5_sft_lora_chat_template_nl_ep1,Other
llama3-8b_nl,ft/def/new_negatives/nl/qwen2.5_sft_lora_chat_template_nl_ep1,4_has_union,,,,,ft/def/new_negatives/nl/qwen2.5_sft_lora_chat_template_nl_ep1,Other
llama3-8b_nl,ft/def/new_negatives/nl/qwen2.5_sft_lora_chat_template_nl_ep1,5_has_all,,,,,ft/def/new_negatives/nl/qwen2.5_sft_lora_chat_template_nl_ep1,Other
llama3-8b_nl,ft/def/new_negatives/nl/qwen2.5_sft_lora_chat_template_nl_ep2,1_easy_no_join,,,,,ft/def/new_negatives/nl/qwen2.5_sft_lora_chat_template_nl_ep2,Other
llama3-8b_nl,ft/def/new_negatives/nl/qwen2.5_sft_lora_chat_template_nl_ep2,2_medium_join,,,,,ft/def/new_negatives/nl/qwen2.5_sft_lora_chat_template_nl_ep2,Other
llama3-8b_nl,ft/def/new_negatives/nl/qwen2.5_sft_lora_chat_template_nl_ep2,3_has_aggr,,,,,ft/def/new_negatives/nl/qwen2.5_sft_lora_chat_template_nl_ep2,Other
llama3-8b_nl,ft/def/new_negatives/nl/qwen2.5_sft_lora_chat_template_nl_ep2,4_has_union,,,,,ft/def/new_negatives/nl/qwen2.5_sft_lora_chat_template_nl_ep2,Other
llama3-8b_nl,ft/def/new_negatives/nl/qwen2.5_sft_lora_chat_template_nl_ep2,5_has_all,,,,,ft/def/new_negatives/nl/qwen2.5_sft_lora_chat_template_nl_ep2,Other
llama3-8b_nl,ft/def/new_negatives/sql/gemma7b_dpo_after_sft_ep1_sql_ep1_withbadformat_bcoloss,1_easy_no_join,,,,,ft/def/new_negatives/sql/gemma7b_dpo_after_sft_ep1_sql_ep1_withbadformat_bcoloss,Other
llama3-8b_nl,ft/def/new_negatives/sql/gemma7b_dpo_after_sft_ep1_sql_ep1_withbadformat_bcoloss,2_medium_join,,,,,ft/def/new_negatives/sql/gemma7b_dpo_after_sft_ep1_sql_ep1_withbadformat_bcoloss,Other
llama3-8b_nl,ft/def/new_negatives/sql/gemma7b_dpo_after_sft_ep1_sql_ep1_withbadformat_bcoloss,3_has_aggr,,,,,ft/def/new_negatives/sql/gemma7b_dpo_after_sft_ep1_sql_ep1_withbadformat_bcoloss,Other
llama3-8b_nl,ft/def/new_negatives/sql/gemma7b_dpo_after_sft_ep1_sql_ep1_withbadformat_bcoloss,4_has_union,,,,,ft/def/new_negatives/sql/gemma7b_dpo_after_sft_ep1_sql_ep1_withbadformat_bcoloss,Other
llama3-8b_nl,ft/def/new_negatives/sql/gemma7b_dpo_after_sft_ep1_sql_ep1_withbadformat_bcoloss,5_has_all,,,,,ft/def/new_negatives/sql/gemma7b_dpo_after_sft_ep1_sql_ep1_withbadformat_bcoloss,Other
llama3-8b_nl,ft/def/new_negatives/sql/gemma7b_dpo_after_sft_ep1_sql_ep2_withbadformat_bcoloss,1_easy_no_join,,,,,ft/def/new_negatives/sql/gemma7b_dpo_after_sft_ep1_sql_ep2_withbadformat_bcoloss,Other
llama3-8b_nl,ft/def/new_negatives/sql/gemma7b_dpo_after_sft_ep1_sql_ep2_withbadformat_bcoloss,2_medium_join,,,,,ft/def/new_negatives/sql/gemma7b_dpo_after_sft_ep1_sql_ep2_withbadformat_bcoloss,Other
llama3-8b_nl,ft/def/new_negatives/sql/gemma7b_dpo_after_sft_ep1_sql_ep2_withbadformat_bcoloss,3_has_aggr,,,,,ft/def/new_negatives/sql/gemma7b_dpo_after_sft_ep1_sql_ep2_withbadformat_bcoloss,Other
llama3-8b_nl,ft/def/new_negatives/sql/gemma7b_dpo_after_sft_ep1_sql_ep2_withbadformat_bcoloss,4_has_union,,,,,ft/def/new_negatives/sql/gemma7b_dpo_after_sft_ep1_sql_ep2_withbadformat_bcoloss,Other
llama3-8b_nl,ft/def/new_negatives/sql/gemma7b_dpo_after_sft_ep1_sql_ep2_withbadformat_bcoloss,5_has_all,,,,,ft/def/new_negatives/sql/gemma7b_dpo_after_sft_ep1_sql_ep2_withbadformat_bcoloss,Other
llama3-8b_nl,ft/def/new_negatives/sql/gemma7b_dpo_after_sft_ep2_sql_ep1_withbadformat_bcoloss,1_easy_no_join,,,,,ft/def/new_negatives/sql/gemma7b_dpo_after_sft_ep2_sql_ep1_withbadformat_bcoloss,Other
llama3-8b_nl,ft/def/new_negatives/sql/gemma7b_dpo_after_sft_ep2_sql_ep1_withbadformat_bcoloss,2_medium_join,,,,,ft/def/new_negatives/sql/gemma7b_dpo_after_sft_ep2_sql_ep1_withbadformat_bcoloss,Other
llama3-8b_nl,ft/def/new_negatives/sql/gemma7b_dpo_after_sft_ep2_sql_ep1_withbadformat_bcoloss,3_has_aggr,,,,,ft/def/new_negatives/sql/gemma7b_dpo_after_sft_ep2_sql_ep1_withbadformat_bcoloss,Other
llama3-8b_nl,ft/def/new_negatives/sql/gemma7b_dpo_after_sft_ep2_sql_ep1_withbadformat_bcoloss,4_has_union,,,,,ft/def/new_negatives/sql/gemma7b_dpo_after_sft_ep2_sql_ep1_withbadformat_bcoloss,Other
llama3-8b_nl,ft/def/new_negatives/sql/gemma7b_dpo_after_sft_ep2_sql_ep1_withbadformat_bcoloss,5_has_all,,,,,ft/def/new_negatives/sql/gemma7b_dpo_after_sft_ep2_sql_ep1_withbadformat_bcoloss,Other
llama3-8b_nl,ft/def/new_negatives/sql/gemma7b_dpo_after_sft_ep2_sql_ep2_withbadformat_bcoloss,1_easy_no_join,,,,,ft/def/new_negatives/sql/gemma7b_dpo_after_sft_ep2_sql_ep2_withbadformat_bcoloss,Other
llama3-8b_nl,ft/def/new_negatives/sql/gemma7b_dpo_after_sft_ep2_sql_ep2_withbadformat_bcoloss,2_medium_join,,,,,ft/def/new_negatives/sql/gemma7b_dpo_after_sft_ep2_sql_ep2_withbadformat_bcoloss,Other
llama3-8b_nl,ft/def/new_negatives/sql/gemma7b_dpo_after_sft_ep2_sql_ep2_withbadformat_bcoloss,3_has_aggr,,,,,ft/def/new_negatives/sql/gemma7b_dpo_after_sft_ep2_sql_ep2_withbadformat_bcoloss,Other
llama3-8b_nl,ft/def/new_negatives/sql/gemma7b_dpo_after_sft_ep2_sql_ep2_withbadformat_bcoloss,4_has_union,,,,,ft/def/new_negatives/sql/gemma7b_dpo_after_sft_ep2_sql_ep2_withbadformat_bcoloss,Other
llama3-8b_nl,ft/def/new_negatives/sql/gemma7b_dpo_after_sft_ep2_sql_ep2_withbadformat_bcoloss,5_has_all,,,,,ft/def/new_negatives/sql/gemma7b_dpo_after_sft_ep2_sql_ep2_withbadformat_bcoloss,Other
llama3-8b_nl,ft/def/new_negatives/sql/gemma7b_sft_lora_chat_template_sql_ep1,1_easy_no_join,,,,,ft/def/new_negatives/sql/gemma7b_sft_lora_chat_template_sql_ep1,Other
llama3-8b_nl,ft/def/new_negatives/sql/gemma7b_sft_lora_chat_template_sql_ep1,2_medium_join,,,,,ft/def/new_negatives/sql/gemma7b_sft_lora_chat_template_sql_ep1,Other
llama3-8b_nl,ft/def/new_negatives/sql/gemma7b_sft_lora_chat_template_sql_ep1,3_has_aggr,,,,,ft/def/new_negatives/sql/gemma7b_sft_lora_chat_template_sql_ep1,Other
llama3-8b_nl,ft/def/new_negatives/sql/gemma7b_sft_lora_chat_template_sql_ep1,4_has_union,,,,,ft/def/new_negatives/sql/gemma7b_sft_lora_chat_template_sql_ep1,Other
llama3-8b_nl,ft/def/new_negatives/sql/gemma7b_sft_lora_chat_template_sql_ep1,5_has_all,,,,,ft/def/new_negatives/sql/gemma7b_sft_lora_chat_template_sql_ep1,Other
llama3-8b_nl,ft/def/new_negatives/sql/gemma7b_sft_lora_chat_template_sql_ep2,1_easy_no_join,,,,,ft/def/new_negatives/sql/gemma7b_sft_lora_chat_template_sql_ep2,Other
llama3-8b_nl,ft/def/new_negatives/sql/gemma7b_sft_lora_chat_template_sql_ep2,2_medium_join,,,,,ft/def/new_negatives/sql/gemma7b_sft_lora_chat_template_sql_ep2,Other
llama3-8b_nl,ft/def/new_negatives/sql/gemma7b_sft_lora_chat_template_sql_ep2,3_has_aggr,,,,,ft/def/new_negatives/sql/gemma7b_sft_lora_chat_template_sql_ep2,Other
llama3-8b_nl,ft/def/new_negatives/sql/gemma7b_sft_lora_chat_template_sql_ep2,4_has_union,,,,,ft/def/new_negatives/sql/gemma7b_sft_lora_chat_template_sql_ep2,Other
llama3-8b_nl,ft/def/new_negatives/sql/gemma7b_sft_lora_chat_template_sql_ep2,5_has_all,,,,,ft/def/new_negatives/sql/gemma7b_sft_lora_chat_template_sql_ep2,Other
llama3-8b_nl,ft/def/new_negatives/sql/qwen2.5_dpo_after_sft_ep1_sql_ep1_withbadformat_bcoloss,1_easy_no_join,,,,,ft/def/new_negatives/sql/qwen2.5_dpo_after_sft_ep1_sql_ep1_withbadformat_bcoloss,Other
llama3-8b_nl,ft/def/new_negatives/sql/qwen2.5_dpo_after_sft_ep1_sql_ep1_withbadformat_bcoloss,2_medium_join,,,,,ft/def/new_negatives/sql/qwen2.5_dpo_after_sft_ep1_sql_ep1_withbadformat_bcoloss,Other
llama3-8b_nl,ft/def/new_negatives/sql/qwen2.5_dpo_after_sft_ep1_sql_ep1_withbadformat_bcoloss,3_has_aggr,,,,,ft/def/new_negatives/sql/qwen2.5_dpo_after_sft_ep1_sql_ep1_withbadformat_bcoloss,Other
llama3-8b_nl,ft/def/new_negatives/sql/qwen2.5_dpo_after_sft_ep1_sql_ep1_withbadformat_bcoloss,4_has_union,,,,,ft/def/new_negatives/sql/qwen2.5_dpo_after_sft_ep1_sql_ep1_withbadformat_bcoloss,Other
llama3-8b_nl,ft/def/new_negatives/sql/qwen2.5_dpo_after_sft_ep1_sql_ep1_withbadformat_bcoloss,5_has_all,,,,,ft/def/new_negatives/sql/qwen2.5_dpo_after_sft_ep1_sql_ep1_withbadformat_bcoloss,Other
llama3-8b_nl,ft/def/new_negatives/sql/qwen2.5_dpo_after_sft_ep1_sql_ep2_withbadformat_bcoloss,1_easy_no_join,,,,,ft/def/new_negatives/sql/qwen2.5_dpo_after_sft_ep1_sql_ep2_withbadformat_bcoloss,Other
llama3-8b_nl,ft/def/new_negatives/sql/qwen2.5_dpo_after_sft_ep1_sql_ep2_withbadformat_bcoloss,2_medium_join,,,,,ft/def/new_negatives/sql/qwen2.5_dpo_after_sft_ep1_sql_ep2_withbadformat_bcoloss,Other
llama3-8b_nl,ft/def/new_negatives/sql/qwen2.5_dpo_after_sft_ep1_sql_ep2_withbadformat_bcoloss,3_has_aggr,,,,,ft/def/new_negatives/sql/qwen2.5_dpo_after_sft_ep1_sql_ep2_withbadformat_bcoloss,Other
llama3-8b_nl,ft/def/new_negatives/sql/qwen2.5_dpo_after_sft_ep1_sql_ep2_withbadformat_bcoloss,4_has_union,,,,,ft/def/new_negatives/sql/qwen2.5_dpo_after_sft_ep1_sql_ep2_withbadformat_bcoloss,Other
llama3-8b_nl,ft/def/new_negatives/sql/qwen2.5_dpo_after_sft_ep1_sql_ep2_withbadformat_bcoloss,5_has_all,,,,,ft/def/new_negatives/sql/qwen2.5_dpo_after_sft_ep1_sql_ep2_withbadformat_bcoloss,Other
llama3-8b_nl,ft/def/new_negatives/sql/qwen2.5_dpo_after_sft_ep2_sql_ep1_withbadformat_bcoloss,1_easy_no_join,,,,,ft/def/new_negatives/sql/qwen2.5_dpo_after_sft_ep2_sql_ep1_withbadformat_bcoloss,Other
llama3-8b_nl,ft/def/new_negatives/sql/qwen2.5_dpo_after_sft_ep2_sql_ep1_withbadformat_bcoloss,2_medium_join,,,,,ft/def/new_negatives/sql/qwen2.5_dpo_after_sft_ep2_sql_ep1_withbadformat_bcoloss,Other
llama3-8b_nl,ft/def/new_negatives/sql/qwen2.5_dpo_after_sft_ep2_sql_ep1_withbadformat_bcoloss,3_has_aggr,,,,,ft/def/new_negatives/sql/qwen2.5_dpo_after_sft_ep2_sql_ep1_withbadformat_bcoloss,Other
llama3-8b_nl,ft/def/new_negatives/sql/qwen2.5_dpo_after_sft_ep2_sql_ep1_withbadformat_bcoloss,4_has_union,,,,,ft/def/new_negatives/sql/qwen2.5_dpo_after_sft_ep2_sql_ep1_withbadformat_bcoloss,Other
llama3-8b_nl,ft/def/new_negatives/sql/qwen2.5_dpo_after_sft_ep2_sql_ep1_withbadformat_bcoloss,5_has_all,,,,,ft/def/new_negatives/sql/qwen2.5_dpo_after_sft_ep2_sql_ep1_withbadformat_bcoloss,Other
llama3-8b_nl,ft/def/new_negatives/sql/qwen2.5_dpo_after_sft_ep2_sql_ep2_withbadformat_bcoloss,1_easy_no_join,,,,,ft/def/new_negatives/sql/qwen2.5_dpo_after_sft_ep2_sql_ep2_withbadformat_bcoloss,Other
llama3-8b_nl,ft/def/new_negatives/sql/qwen2.5_dpo_after_sft_ep2_sql_ep2_withbadformat_bcoloss,2_medium_join,,,,,ft/def/new_negatives/sql/qwen2.5_dpo_after_sft_ep2_sql_ep2_withbadformat_bcoloss,Other
llama3-8b_nl,ft/def/new_negatives/sql/qwen2.5_dpo_after_sft_ep2_sql_ep2_withbadformat_bcoloss,3_has_aggr,,,,,ft/def/new_negatives/sql/qwen2.5_dpo_after_sft_ep2_sql_ep2_withbadformat_bcoloss,Other
llama3-8b_nl,ft/def/new_negatives/sql/qwen2.5_dpo_after_sft_ep2_sql_ep2_withbadformat_bcoloss,4_has_union,,,,,ft/def/new_negatives/sql/qwen2.5_dpo_after_sft_ep2_sql_ep2_withbadformat_bcoloss,Other
llama3-8b_nl,ft/def/new_negatives/sql/qwen2.5_dpo_after_sft_ep2_sql_ep2_withbadformat_bcoloss,5_has_all,,,,,ft/def/new_negatives/sql/qwen2.5_dpo_after_sft_ep2_sql_ep2_withbadformat_bcoloss,Other
llama3-8b_nl,ft/def/new_negatives/sql/qwen2.5_sft_lora_chat_template_sql_ep1,1_easy_no_join,,,,,ft/def/new_negatives/sql/qwen2.5_sft_lora_chat_template_sql_ep1,Other
llama3-8b_nl,ft/def/new_negatives/sql/qwen2.5_sft_lora_chat_template_sql_ep1,2_medium_join,,,,,ft/def/new_negatives/sql/qwen2.5_sft_lora_chat_template_sql_ep1,Other
llama3-8b_nl,ft/def/new_negatives/sql/qwen2.5_sft_lora_chat_template_sql_ep1,3_has_aggr,,,,,ft/def/new_negatives/sql/qwen2.5_sft_lora_chat_template_sql_ep1,Other
llama3-8b_nl,ft/def/new_negatives/sql/qwen2.5_sft_lora_chat_template_sql_ep1,4_has_union,,,,,ft/def/new_negatives/sql/qwen2.5_sft_lora_chat_template_sql_ep1,Other
llama3-8b_nl,ft/def/new_negatives/sql/qwen2.5_sft_lora_chat_template_sql_ep1,5_has_all,,,,,ft/def/new_negatives/sql/qwen2.5_sft_lora_chat_template_sql_ep1,Other
llama3-8b_nl,ft/def/new_negatives/sql/qwen2.5_sft_lora_chat_template_sql_ep2,1_easy_no_join,,,,,ft/def/new_negatives/sql/qwen2.5_sft_lora_chat_template_sql_ep2,Other
llama3-8b_nl,ft/def/new_negatives/sql/qwen2.5_sft_lora_chat_template_sql_ep2,2_medium_join,,,,,ft/def/new_negatives/sql/qwen2.5_sft_lora_chat_template_sql_ep2,Other
llama3-8b_nl,ft/def/new_negatives/sql/qwen2.5_sft_lora_chat_template_sql_ep2,3_has_aggr,,,,,ft/def/new_negatives/sql/qwen2.5_sft_lora_chat_template_sql_ep2,Other
llama3-8b_nl,ft/def/new_negatives/sql/qwen2.5_sft_lora_chat_template_sql_ep2,4_has_union,,,,,ft/def/new_negatives/sql/qwen2.5_sft_lora_chat_template_sql_ep2,Other
llama3-8b_nl,ft/def/new_negatives/sql/qwen2.5_sft_lora_chat_template_sql_ep2,5_has_all,,,,,ft/def/new_negatives/sql/qwen2.5_sft_lora_chat_template_sql_ep2,Other
llama3-8b_nl,ft/new_negatives/nl/llama3_8b_dpo_after_sft_ep1_nl_ep1_withbadformat_bcoloss,1_easy_no_join,13.0,0.3684210526315789,0.9610389610389611,0.33766233766233766,DPO (NL) ep1 SFT ep1,DPO
llama3-8b_nl,ft/new_negatives/nl/llama3_8b_dpo_after_sft_ep1_nl_ep1_withbadformat_bcoloss,2_medium_join,6.0,0.08333333333333334,0.4615384615384615,0.0,DPO (NL) ep1 SFT ep1,DPO
llama3-8b_nl,ft/new_negatives/nl/llama3_8b_dpo_after_sft_ep1_nl_ep1_withbadformat_bcoloss,3_has_aggr,23.0,0.0,0.5142857142857143,0.0,DPO (NL) ep1 SFT ep1,DPO
llama3-8b_nl,ft/new_negatives/nl/llama3_8b_dpo_after_sft_ep1_nl_ep1_withbadformat_bcoloss,4_has_union,125.0,0.17483443708609273,0.6758241758241758,0.1631578947368421,DPO (NL) ep1 SFT ep1,DPO
llama3-8b_nl,ft/new_negatives/nl/llama3_8b_dpo_after_sft_ep1_nl_ep1_withbadformat_bcoloss,5_has_all,74.0,0.19117647058823528,0.6909090909090909,0.12186379928315412,DPO (NL) ep1 SFT ep1,DPO
llama3-8b_nl,ft/new_negatives/nl/llama3_8b_dpo_after_sft_ep1_nl_ep2_withbadformat_bcoloss,1_easy_no_join,13.0,0.40540540540540543,0.9333333333333333,0.4,DPO (NL) ep1 SFT ep2,DPO
llama3-8b_nl,ft/new_negatives/nl/llama3_8b_dpo_after_sft_ep1_nl_ep2_withbadformat_bcoloss,2_medium_join,6.0,0.1,0.7499999999999999,0.25,DPO (NL) ep1 SFT ep2,DPO
llama3-8b_nl,ft/new_negatives/nl/llama3_8b_dpo_after_sft_ep1_nl_ep2_withbadformat_bcoloss,3_has_aggr,23.0,0.0,0.6,0.0,DPO (NL) ep1 SFT ep2,DPO
llama3-8b_nl,ft/new_negatives/nl/llama3_8b_dpo_after_sft_ep1_nl_ep2_withbadformat_bcoloss,4_has_union,125.0,0.16366158113730928,0.7436619718309859,0.15405777166437415,DPO (NL) ep1 SFT ep2,DPO
llama3-8b_nl,ft/new_negatives/nl/llama3_8b_dpo_after_sft_ep1_nl_ep2_withbadformat_bcoloss,5_has_all,74.0,0.19696969696969696,0.6946564885496184,0.16666666666666666,DPO (NL) ep1 SFT ep2,DPO
llama3-8b_nl,ft/new_negatives/nl/llama3_8b_dpo_after_sft_ep2_nl_ep1_withbadformat_bcoloss,1_easy_no_join,13.0,0.40540540540540543,0.9333333333333333,0.4,DPO (NL) ep2 SFT ep1,DPO
llama3-8b_nl,ft/new_negatives/nl/llama3_8b_dpo_after_sft_ep2_nl_ep1_withbadformat_bcoloss,2_medium_join,6.0,0.08333333333333334,0.5714285714285715,0.21428571428571427,DPO (NL) ep2 SFT ep1,DPO
llama3-8b_nl,ft/new_negatives/nl/llama3_8b_dpo_after_sft_ep2_nl_ep1_withbadformat_bcoloss,3_has_aggr,23.0,0.0,0.631578947368421,0.0,DPO (NL) ep2 SFT ep1,DPO
llama3-8b_nl,ft/new_negatives/nl/llama3_8b_dpo_after_sft_ep2_nl_ep1_withbadformat_bcoloss,4_has_union,125.0,0.2085048010973937,0.7619047619047619,0.19918144611186905,DPO (NL) ep2 SFT ep1,DPO
llama3-8b_nl,ft/new_negatives/nl/llama3_8b_dpo_after_sft_ep2_nl_ep1_withbadformat_bcoloss,5_has_all,74.0,0.20377358490566036,0.7224334600760457,0.1811320754716981,DPO (NL) ep2 SFT ep1,DPO
llama3-8b_nl,ft/new_negatives/nl/llama3_8b_dpo_after_sft_ep2_nl_ep2_withbadformat_bcoloss,1_easy_no_join,13.0,0.4,0.8918918918918919,0.39473684210526316,DPO (NL) ep2 SFT ep2,DPO
llama3-8b_nl,ft/new_negatives/nl/llama3_8b_dpo_after_sft_ep2_nl_ep2_withbadformat_bcoloss,2_medium_join,6.0,0.1,0.6666666666666667,0.25,DPO (NL) ep2 SFT ep2,DPO
llama3-8b_nl,ft/new_negatives/nl/llama3_8b_dpo_after_sft_ep2_nl_ep2_withbadformat_bcoloss,3_has_aggr,23.0,0.0,0.631578947368421,0.0,DPO (NL) ep2 SFT ep2,DPO
llama3-8b_nl,ft/new_negatives/nl/llama3_8b_dpo_after_sft_ep2_nl_ep2_withbadformat_bcoloss,4_has_union,125.0,0.2076502732240437,0.7302904564315352,0.19163292847503374,DPO (NL) ep2 SFT ep2,DPO
llama3-8b_nl,ft/new_negatives/nl/llama3_8b_dpo_after_sft_ep2_nl_ep2_withbadformat_bcoloss,5_has_all,74.0,0.2047244094488189,0.7142857142857144,0.1811023622047244,DPO (NL) ep2 SFT ep2,DPO
llama3-8b_nl,ft/new_negatives/nl/llama3_8b_sft_lora_chat_template_nl_ep1,1_easy_no_join,13.0,0.32,0.9473684210526315,0.2894736842105264,SFT (NL) ep1,SFT
llama3-8b_nl,ft/new_negatives/nl/llama3_8b_sft_lora_chat_template_nl_ep1,2_medium_join,6.0,0.08333333333333334,0.30769230769230765,0.0,SFT (NL) ep1,SFT
llama3-8b_nl,ft/new_negatives/nl/llama3_8b_sft_lora_chat_template_nl_ep1,3_has_aggr,23.0,0.0,0.6930693069306931,0.0,SFT (NL) ep1,SFT
llama3-8b_nl,ft/new_negatives/nl/llama3_8b_sft_lora_chat_template_nl_ep1,4_has_union,125.0,0.18057455540355677,0.6370757180156658,0.1504539559014267,SFT (NL) ep1,SFT
llama3-8b_nl,ft/new_negatives/nl/llama3_8b_sft_lora_chat_template_nl_ep1,5_has_all,74.0,0.22142857142857142,0.6308243727598566,0.12056737588652482,SFT (NL) ep1,SFT
llama3-8b_nl,ft/new_negatives/nl/llama3_8b_sft_lora_chat_template_nl_ep2,1_easy_no_join,13.0,0.3013698630136986,0.945945945945946,0.29729729729729726,SFT (NL) ep2,SFT
llama3-8b_nl,ft/new_negatives/nl/llama3_8b_sft_lora_chat_template_nl_ep2,2_medium_join,6.0,0.08,0.5,0.0,SFT (NL) ep2,SFT
llama3-8b_nl,ft/new_negatives/nl/llama3_8b_sft_lora_chat_template_nl_ep2,3_has_aggr,23.0,0.0,0.6808510638297872,0.0,SFT (NL) ep2,SFT
llama3-8b_nl,ft/new_negatives/nl/llama3_8b_sft_lora_chat_template_nl_ep2,4_has_union,125.0,0.16621983914209115,0.6559571619812584,0.1499330655957162,SFT (NL) ep2,SFT
llama3-8b_nl,ft/new_negatives/nl/llama3_8b_sft_lora_chat_template_nl_ep2,5_has_all,74.0,0.19424460431654675,0.7028985507246377,0.1366906474820144,SFT (NL) ep2,SFT
llama3-8b_nl,ft/new_negatives/sql/llama3_8b_dpo_after_sft_ep1_sql_ep1_withbadformat_bcoloss,1_easy_no_join,,,,,ft/new_negatives/sql/llama3_8b_dpo_after_sft_ep1_sql_ep1_withbadformat_bcoloss,Other
llama3-8b_nl,ft/new_negatives/sql/llama3_8b_dpo_after_sft_ep1_sql_ep1_withbadformat_bcoloss,2_medium_join,,,,,ft/new_negatives/sql/llama3_8b_dpo_after_sft_ep1_sql_ep1_withbadformat_bcoloss,Other
llama3-8b_nl,ft/new_negatives/sql/llama3_8b_dpo_after_sft_ep1_sql_ep1_withbadformat_bcoloss,3_has_aggr,,,,,ft/new_negatives/sql/llama3_8b_dpo_after_sft_ep1_sql_ep1_withbadformat_bcoloss,Other
llama3-8b_nl,ft/new_negatives/sql/llama3_8b_dpo_after_sft_ep1_sql_ep1_withbadformat_bcoloss,4_has_union,,,,,ft/new_negatives/sql/llama3_8b_dpo_after_sft_ep1_sql_ep1_withbadformat_bcoloss,Other
llama3-8b_nl,ft/new_negatives/sql/llama3_8b_dpo_after_sft_ep1_sql_ep1_withbadformat_bcoloss,5_has_all,,,,,ft/new_negatives/sql/llama3_8b_dpo_after_sft_ep1_sql_ep1_withbadformat_bcoloss,Other
llama3-8b_nl,ft/new_negatives/sql/llama3_8b_dpo_after_sft_ep1_sql_ep2_withbadformat_bcoloss,1_easy_no_join,,,,,ft/new_negatives/sql/llama3_8b_dpo_after_sft_ep1_sql_ep2_withbadformat_bcoloss,Other
llama3-8b_nl,ft/new_negatives/sql/llama3_8b_dpo_after_sft_ep1_sql_ep2_withbadformat_bcoloss,2_medium_join,,,,,ft/new_negatives/sql/llama3_8b_dpo_after_sft_ep1_sql_ep2_withbadformat_bcoloss,Other
llama3-8b_nl,ft/new_negatives/sql/llama3_8b_dpo_after_sft_ep1_sql_ep2_withbadformat_bcoloss,3_has_aggr,,,,,ft/new_negatives/sql/llama3_8b_dpo_after_sft_ep1_sql_ep2_withbadformat_bcoloss,Other
llama3-8b_nl,ft/new_negatives/sql/llama3_8b_dpo_after_sft_ep1_sql_ep2_withbadformat_bcoloss,4_has_union,,,,,ft/new_negatives/sql/llama3_8b_dpo_after_sft_ep1_sql_ep2_withbadformat_bcoloss,Other
llama3-8b_nl,ft/new_negatives/sql/llama3_8b_dpo_after_sft_ep1_sql_ep2_withbadformat_bcoloss,5_has_all,,,,,ft/new_negatives/sql/llama3_8b_dpo_after_sft_ep1_sql_ep2_withbadformat_bcoloss,Other
llama3-8b_nl,ft/new_negatives/sql/llama3_8b_dpo_after_sft_ep2_sql_ep1_withbadformat_bcoloss,1_easy_no_join,,,,,ft/new_negatives/sql/llama3_8b_dpo_after_sft_ep2_sql_ep1_withbadformat_bcoloss,Other
llama3-8b_nl,ft/new_negatives/sql/llama3_8b_dpo_after_sft_ep2_sql_ep1_withbadformat_bcoloss,2_medium_join,,,,,ft/new_negatives/sql/llama3_8b_dpo_after_sft_ep2_sql_ep1_withbadformat_bcoloss,Other
llama3-8b_nl,ft/new_negatives/sql/llama3_8b_dpo_after_sft_ep2_sql_ep1_withbadformat_bcoloss,3_has_aggr,,,,,ft/new_negatives/sql/llama3_8b_dpo_after_sft_ep2_sql_ep1_withbadformat_bcoloss,Other
llama3-8b_nl,ft/new_negatives/sql/llama3_8b_dpo_after_sft_ep2_sql_ep1_withbadformat_bcoloss,4_has_union,,,,,ft/new_negatives/sql/llama3_8b_dpo_after_sft_ep2_sql_ep1_withbadformat_bcoloss,Other
llama3-8b_nl,ft/new_negatives/sql/llama3_8b_dpo_after_sft_ep2_sql_ep1_withbadformat_bcoloss,5_has_all,,,,,ft/new_negatives/sql/llama3_8b_dpo_after_sft_ep2_sql_ep1_withbadformat_bcoloss,Other
llama3-8b_nl,ft/new_negatives/sql/llama3_8b_dpo_after_sft_ep2_sql_ep2_withbadformat_bcoloss,1_easy_no_join,,,,,ft/new_negatives/sql/llama3_8b_dpo_after_sft_ep2_sql_ep2_withbadformat_bcoloss,Other
llama3-8b_nl,ft/new_negatives/sql/llama3_8b_dpo_after_sft_ep2_sql_ep2_withbadformat_bcoloss,2_medium_join,,,,,ft/new_negatives/sql/llama3_8b_dpo_after_sft_ep2_sql_ep2_withbadformat_bcoloss,Other
llama3-8b_nl,ft/new_negatives/sql/llama3_8b_dpo_after_sft_ep2_sql_ep2_withbadformat_bcoloss,3_has_aggr,,,,,ft/new_negatives/sql/llama3_8b_dpo_after_sft_ep2_sql_ep2_withbadformat_bcoloss,Other
llama3-8b_nl,ft/new_negatives/sql/llama3_8b_dpo_after_sft_ep2_sql_ep2_withbadformat_bcoloss,4_has_union,,,,,ft/new_negatives/sql/llama3_8b_dpo_after_sft_ep2_sql_ep2_withbadformat_bcoloss,Other
llama3-8b_nl,ft/new_negatives/sql/llama3_8b_dpo_after_sft_ep2_sql_ep2_withbadformat_bcoloss,5_has_all,,,,,ft/new_negatives/sql/llama3_8b_dpo_after_sft_ep2_sql_ep2_withbadformat_bcoloss,Other
llama3-8b_nl,ft/new_negatives/sql/llama3_8b_sft_lora_chat_template_sql_ep1,1_easy_no_join,,,,,ft/new_negatives/sql/llama3_8b_sft_lora_chat_template_sql_ep1,Other
llama3-8b_nl,ft/new_negatives/sql/llama3_8b_sft_lora_chat_template_sql_ep1,2_medium_join,,,,,ft/new_negatives/sql/llama3_8b_sft_lora_chat_template_sql_ep1,Other
llama3-8b_nl,ft/new_negatives/sql/llama3_8b_sft_lora_chat_template_sql_ep1,3_has_aggr,,,,,ft/new_negatives/sql/llama3_8b_sft_lora_chat_template_sql_ep1,Other
llama3-8b_nl,ft/new_negatives/sql/llama3_8b_sft_lora_chat_template_sql_ep1,4_has_union,,,,,ft/new_negatives/sql/llama3_8b_sft_lora_chat_template_sql_ep1,Other
llama3-8b_nl,ft/new_negatives/sql/llama3_8b_sft_lora_chat_template_sql_ep1,5_has_all,,,,,ft/new_negatives/sql/llama3_8b_sft_lora_chat_template_sql_ep1,Other
llama3-8b_nl,ft/new_negatives/sql/llama3_8b_sft_lora_chat_template_sql_ep2,1_easy_no_join,,,,,ft/new_negatives/sql/llama3_8b_sft_lora_chat_template_sql_ep2,Other
llama3-8b_nl,ft/new_negatives/sql/llama3_8b_sft_lora_chat_template_sql_ep2,2_medium_join,,,,,ft/new_negatives/sql/llama3_8b_sft_lora_chat_template_sql_ep2,Other
llama3-8b_nl,ft/new_negatives/sql/llama3_8b_sft_lora_chat_template_sql_ep2,3_has_aggr,,,,,ft/new_negatives/sql/llama3_8b_sft_lora_chat_template_sql_ep2,Other
llama3-8b_nl,ft/new_negatives/sql/llama3_8b_sft_lora_chat_template_sql_ep2,4_has_union,,,,,ft/new_negatives/sql/llama3_8b_sft_lora_chat_template_sql_ep2,Other
llama3-8b_nl,ft/new_negatives/sql/llama3_8b_sft_lora_chat_template_sql_ep2,5_has_all,,,,,ft/new_negatives/sql/llama3_8b_sft_lora_chat_template_sql_ep2,Other
llama3-8b_sql,base/nl,1_easy_no_join,,,,,base/nl,Base
llama3-8b_sql,base/nl,2_medium_join,,,,,base/nl,Base
llama3-8b_sql,base/nl,3_has_aggr,,,,,base/nl,Base
llama3-8b_sql,base/nl,4_has_union,,,,,base/nl,Base
llama3-8b_sql,base/nl,5_has_all,,,,,base/nl,Base
llama3-8b_sql,base/sql,1_easy_no_join,13.0,0.9444444444444444,0.6756756756756757,0.6756756756756757,Base (SQL),Base
llama3-8b_sql,base/sql,2_medium_join,6.0,0.7692307692307693,0.3571428571428571,0.14285714285714288,Base (SQL),Base
llama3-8b_sql,base/sql,3_has_aggr,23.0,0.0,0.6,0.0,Base (SQL),Base
llama3-8b_sql,base/sql,4_has_union,125.0,0.7552631578947367,0.6509186351706037,0.5785340314136125,Base (SQL),Base
llama3-8b_sql,base/sql,5_has_all,74.0,0.6613545816733067,0.546875,0.443579766536965,Base (SQL),Base
llama3-8b_sql,ft/def/new_negatives/nl/gemma7b_dpo_after_sft_ep1_nl_ep1_withbadformat_bcoloss,1_easy_no_join,,,,,ft/def/new_negatives/nl/gemma7b_dpo_after_sft_ep1_nl_ep1_withbadformat_bcoloss,Other
llama3-8b_sql,ft/def/new_negatives/nl/gemma7b_dpo_after_sft_ep1_nl_ep1_withbadformat_bcoloss,2_medium_join,,,,,ft/def/new_negatives/nl/gemma7b_dpo_after_sft_ep1_nl_ep1_withbadformat_bcoloss,Other
llama3-8b_sql,ft/def/new_negatives/nl/gemma7b_dpo_after_sft_ep1_nl_ep1_withbadformat_bcoloss,3_has_aggr,,,,,ft/def/new_negatives/nl/gemma7b_dpo_after_sft_ep1_nl_ep1_withbadformat_bcoloss,Other
llama3-8b_sql,ft/def/new_negatives/nl/gemma7b_dpo_after_sft_ep1_nl_ep1_withbadformat_bcoloss,4_has_union,,,,,ft/def/new_negatives/nl/gemma7b_dpo_after_sft_ep1_nl_ep1_withbadformat_bcoloss,Other
llama3-8b_sql,ft/def/new_negatives/nl/gemma7b_dpo_after_sft_ep1_nl_ep1_withbadformat_bcoloss,5_has_all,,,,,ft/def/new_negatives/nl/gemma7b_dpo_after_sft_ep1_nl_ep1_withbadformat_bcoloss,Other
llama3-8b_sql,ft/def/new_negatives/nl/gemma7b_dpo_after_sft_ep1_nl_ep2_withbadformat_bcoloss,1_easy_no_join,,,,,ft/def/new_negatives/nl/gemma7b_dpo_after_sft_ep1_nl_ep2_withbadformat_bcoloss,Other
llama3-8b_sql,ft/def/new_negatives/nl/gemma7b_dpo_after_sft_ep1_nl_ep2_withbadformat_bcoloss,2_medium_join,,,,,ft/def/new_negatives/nl/gemma7b_dpo_after_sft_ep1_nl_ep2_withbadformat_bcoloss,Other
llama3-8b_sql,ft/def/new_negatives/nl/gemma7b_dpo_after_sft_ep1_nl_ep2_withbadformat_bcoloss,3_has_aggr,,,,,ft/def/new_negatives/nl/gemma7b_dpo_after_sft_ep1_nl_ep2_withbadformat_bcoloss,Other
llama3-8b_sql,ft/def/new_negatives/nl/gemma7b_dpo_after_sft_ep1_nl_ep2_withbadformat_bcoloss,4_has_union,,,,,ft/def/new_negatives/nl/gemma7b_dpo_after_sft_ep1_nl_ep2_withbadformat_bcoloss,Other
llama3-8b_sql,ft/def/new_negatives/nl/gemma7b_dpo_after_sft_ep1_nl_ep2_withbadformat_bcoloss,5_has_all,,,,,ft/def/new_negatives/nl/gemma7b_dpo_after_sft_ep1_nl_ep2_withbadformat_bcoloss,Other
llama3-8b_sql,ft/def/new_negatives/nl/gemma7b_dpo_after_sft_ep2_nl_ep1_withbadformat_bcoloss,1_easy_no_join,,,,,ft/def/new_negatives/nl/gemma7b_dpo_after_sft_ep2_nl_ep1_withbadformat_bcoloss,Other
llama3-8b_sql,ft/def/new_negatives/nl/gemma7b_dpo_after_sft_ep2_nl_ep1_withbadformat_bcoloss,2_medium_join,,,,,ft/def/new_negatives/nl/gemma7b_dpo_after_sft_ep2_nl_ep1_withbadformat_bcoloss,Other
llama3-8b_sql,ft/def/new_negatives/nl/gemma7b_dpo_after_sft_ep2_nl_ep1_withbadformat_bcoloss,3_has_aggr,,,,,ft/def/new_negatives/nl/gemma7b_dpo_after_sft_ep2_nl_ep1_withbadformat_bcoloss,Other
llama3-8b_sql,ft/def/new_negatives/nl/gemma7b_dpo_after_sft_ep2_nl_ep1_withbadformat_bcoloss,4_has_union,,,,,ft/def/new_negatives/nl/gemma7b_dpo_after_sft_ep2_nl_ep1_withbadformat_bcoloss,Other
llama3-8b_sql,ft/def/new_negatives/nl/gemma7b_dpo_after_sft_ep2_nl_ep1_withbadformat_bcoloss,5_has_all,,,,,ft/def/new_negatives/nl/gemma7b_dpo_after_sft_ep2_nl_ep1_withbadformat_bcoloss,Other
llama3-8b_sql,ft/def/new_negatives/nl/gemma7b_dpo_after_sft_ep2_nl_ep2_withbadformat_bcoloss,1_easy_no_join,,,,,ft/def/new_negatives/nl/gemma7b_dpo_after_sft_ep2_nl_ep2_withbadformat_bcoloss,Other
llama3-8b_sql,ft/def/new_negatives/nl/gemma7b_dpo_after_sft_ep2_nl_ep2_withbadformat_bcoloss,2_medium_join,,,,,ft/def/new_negatives/nl/gemma7b_dpo_after_sft_ep2_nl_ep2_withbadformat_bcoloss,Other
llama3-8b_sql,ft/def/new_negatives/nl/gemma7b_dpo_after_sft_ep2_nl_ep2_withbadformat_bcoloss,3_has_aggr,,,,,ft/def/new_negatives/nl/gemma7b_dpo_after_sft_ep2_nl_ep2_withbadformat_bcoloss,Other
llama3-8b_sql,ft/def/new_negatives/nl/gemma7b_dpo_after_sft_ep2_nl_ep2_withbadformat_bcoloss,4_has_union,,,,,ft/def/new_negatives/nl/gemma7b_dpo_after_sft_ep2_nl_ep2_withbadformat_bcoloss,Other
llama3-8b_sql,ft/def/new_negatives/nl/gemma7b_dpo_after_sft_ep2_nl_ep2_withbadformat_bcoloss,5_has_all,,,,,ft/def/new_negatives/nl/gemma7b_dpo_after_sft_ep2_nl_ep2_withbadformat_bcoloss,Other
llama3-8b_sql,ft/def/new_negatives/nl/gemma7b_sft_lora_chat_template_nl_ep1,1_easy_no_join,,,,,ft/def/new_negatives/nl/gemma7b_sft_lora_chat_template_nl_ep1,Other
llama3-8b_sql,ft/def/new_negatives/nl/gemma7b_sft_lora_chat_template_nl_ep1,2_medium_join,,,,,ft/def/new_negatives/nl/gemma7b_sft_lora_chat_template_nl_ep1,Other
llama3-8b_sql,ft/def/new_negatives/nl/gemma7b_sft_lora_chat_template_nl_ep1,3_has_aggr,,,,,ft/def/new_negatives/nl/gemma7b_sft_lora_chat_template_nl_ep1,Other
llama3-8b_sql,ft/def/new_negatives/nl/gemma7b_sft_lora_chat_template_nl_ep1,4_has_union,,,,,ft/def/new_negatives/nl/gemma7b_sft_lora_chat_template_nl_ep1,Other
llama3-8b_sql,ft/def/new_negatives/nl/gemma7b_sft_lora_chat_template_nl_ep1,5_has_all,,,,,ft/def/new_negatives/nl/gemma7b_sft_lora_chat_template_nl_ep1,Other
llama3-8b_sql,ft/def/new_negatives/nl/gemma7b_sft_lora_chat_template_nl_ep2,1_easy_no_join,,,,,ft/def/new_negatives/nl/gemma7b_sft_lora_chat_template_nl_ep2,Other
llama3-8b_sql,ft/def/new_negatives/nl/gemma7b_sft_lora_chat_template_nl_ep2,2_medium_join,,,,,ft/def/new_negatives/nl/gemma7b_sft_lora_chat_template_nl_ep2,Other
llama3-8b_sql,ft/def/new_negatives/nl/gemma7b_sft_lora_chat_template_nl_ep2,3_has_aggr,,,,,ft/def/new_negatives/nl/gemma7b_sft_lora_chat_template_nl_ep2,Other
llama3-8b_sql,ft/def/new_negatives/nl/gemma7b_sft_lora_chat_template_nl_ep2,4_has_union,,,,,ft/def/new_negatives/nl/gemma7b_sft_lora_chat_template_nl_ep2,Other
llama3-8b_sql,ft/def/new_negatives/nl/gemma7b_sft_lora_chat_template_nl_ep2,5_has_all,,,,,ft/def/new_negatives/nl/gemma7b_sft_lora_chat_template_nl_ep2,Other
llama3-8b_sql,ft/def/new_negatives/nl/qwen2.5_dpo_after_sft_ep1_nl_ep1_withbadformat_bcoloss,1_easy_no_join,,,,,ft/def/new_negatives/nl/qwen2.5_dpo_after_sft_ep1_nl_ep1_withbadformat_bcoloss,Other
llama3-8b_sql,ft/def/new_negatives/nl/qwen2.5_dpo_after_sft_ep1_nl_ep1_withbadformat_bcoloss,2_medium_join,,,,,ft/def/new_negatives/nl/qwen2.5_dpo_after_sft_ep1_nl_ep1_withbadformat_bcoloss,Other
llama3-8b_sql,ft/def/new_negatives/nl/qwen2.5_dpo_after_sft_ep1_nl_ep1_withbadformat_bcoloss,3_has_aggr,,,,,ft/def/new_negatives/nl/qwen2.5_dpo_after_sft_ep1_nl_ep1_withbadformat_bcoloss,Other
llama3-8b_sql,ft/def/new_negatives/nl/qwen2.5_dpo_after_sft_ep1_nl_ep1_withbadformat_bcoloss,4_has_union,,,,,ft/def/new_negatives/nl/qwen2.5_dpo_after_sft_ep1_nl_ep1_withbadformat_bcoloss,Other
llama3-8b_sql,ft/def/new_negatives/nl/qwen2.5_dpo_after_sft_ep1_nl_ep1_withbadformat_bcoloss,5_has_all,,,,,ft/def/new_negatives/nl/qwen2.5_dpo_after_sft_ep1_nl_ep1_withbadformat_bcoloss,Other
llama3-8b_sql,ft/def/new_negatives/nl/qwen2.5_dpo_after_sft_ep1_nl_ep2_withbadformat_bcoloss,1_easy_no_join,,,,,ft/def/new_negatives/nl/qwen2.5_dpo_after_sft_ep1_nl_ep2_withbadformat_bcoloss,Other
llama3-8b_sql,ft/def/new_negatives/nl/qwen2.5_dpo_after_sft_ep1_nl_ep2_withbadformat_bcoloss,2_medium_join,,,,,ft/def/new_negatives/nl/qwen2.5_dpo_after_sft_ep1_nl_ep2_withbadformat_bcoloss,Other
llama3-8b_sql,ft/def/new_negatives/nl/qwen2.5_dpo_after_sft_ep1_nl_ep2_withbadformat_bcoloss,3_has_aggr,,,,,ft/def/new_negatives/nl/qwen2.5_dpo_after_sft_ep1_nl_ep2_withbadformat_bcoloss,Other
llama3-8b_sql,ft/def/new_negatives/nl/qwen2.5_dpo_after_sft_ep1_nl_ep2_withbadformat_bcoloss,4_has_union,,,,,ft/def/new_negatives/nl/qwen2.5_dpo_after_sft_ep1_nl_ep2_withbadformat_bcoloss,Other
llama3-8b_sql,ft/def/new_negatives/nl/qwen2.5_dpo_after_sft_ep1_nl_ep2_withbadformat_bcoloss,5_has_all,,,,,ft/def/new_negatives/nl/qwen2.5_dpo_after_sft_ep1_nl_ep2_withbadformat_bcoloss,Other
llama3-8b_sql,ft/def/new_negatives/nl/qwen2.5_dpo_after_sft_ep2_nl_ep1_withbadformat_bcoloss,1_easy_no_join,,,,,ft/def/new_negatives/nl/qwen2.5_dpo_after_sft_ep2_nl_ep1_withbadformat_bcoloss,Other
llama3-8b_sql,ft/def/new_negatives/nl/qwen2.5_dpo_after_sft_ep2_nl_ep1_withbadformat_bcoloss,2_medium_join,,,,,ft/def/new_negatives/nl/qwen2.5_dpo_after_sft_ep2_nl_ep1_withbadformat_bcoloss,Other
llama3-8b_sql,ft/def/new_negatives/nl/qwen2.5_dpo_after_sft_ep2_nl_ep1_withbadformat_bcoloss,3_has_aggr,,,,,ft/def/new_negatives/nl/qwen2.5_dpo_after_sft_ep2_nl_ep1_withbadformat_bcoloss,Other
llama3-8b_sql,ft/def/new_negatives/nl/qwen2.5_dpo_after_sft_ep2_nl_ep1_withbadformat_bcoloss,4_has_union,,,,,ft/def/new_negatives/nl/qwen2.5_dpo_after_sft_ep2_nl_ep1_withbadformat_bcoloss,Other
llama3-8b_sql,ft/def/new_negatives/nl/qwen2.5_dpo_after_sft_ep2_nl_ep1_withbadformat_bcoloss,5_has_all,,,,,ft/def/new_negatives/nl/qwen2.5_dpo_after_sft_ep2_nl_ep1_withbadformat_bcoloss,Other
llama3-8b_sql,ft/def/new_negatives/nl/qwen2.5_dpo_after_sft_ep2_nl_ep2_withbadformat_bcoloss,1_easy_no_join,,,,,ft/def/new_negatives/nl/qwen2.5_dpo_after_sft_ep2_nl_ep2_withbadformat_bcoloss,Other
llama3-8b_sql,ft/def/new_negatives/nl/qwen2.5_dpo_after_sft_ep2_nl_ep2_withbadformat_bcoloss,2_medium_join,,,,,ft/def/new_negatives/nl/qwen2.5_dpo_after_sft_ep2_nl_ep2_withbadformat_bcoloss,Other
llama3-8b_sql,ft/def/new_negatives/nl/qwen2.5_dpo_after_sft_ep2_nl_ep2_withbadformat_bcoloss,3_has_aggr,,,,,ft/def/new_negatives/nl/qwen2.5_dpo_after_sft_ep2_nl_ep2_withbadformat_bcoloss,Other
llama3-8b_sql,ft/def/new_negatives/nl/qwen2.5_dpo_after_sft_ep2_nl_ep2_withbadformat_bcoloss,4_has_union,,,,,ft/def/new_negatives/nl/qwen2.5_dpo_after_sft_ep2_nl_ep2_withbadformat_bcoloss,Other
llama3-8b_sql,ft/def/new_negatives/nl/qwen2.5_dpo_after_sft_ep2_nl_ep2_withbadformat_bcoloss,5_has_all,,,,,ft/def/new_negatives/nl/qwen2.5_dpo_after_sft_ep2_nl_ep2_withbadformat_bcoloss,Other
llama3-8b_sql,ft/def/new_negatives/nl/qwen2.5_sft_lora_chat_template_nl_ep1,1_easy_no_join,,,,,ft/def/new_negatives/nl/qwen2.5_sft_lora_chat_template_nl_ep1,Other
llama3-8b_sql,ft/def/new_negatives/nl/qwen2.5_sft_lora_chat_template_nl_ep1,2_medium_join,,,,,ft/def/new_negatives/nl/qwen2.5_sft_lora_chat_template_nl_ep1,Other
llama3-8b_sql,ft/def/new_negatives/nl/qwen2.5_sft_lora_chat_template_nl_ep1,3_has_aggr,,,,,ft/def/new_negatives/nl/qwen2.5_sft_lora_chat_template_nl_ep1,Other
llama3-8b_sql,ft/def/new_negatives/nl/qwen2.5_sft_lora_chat_template_nl_ep1,4_has_union,,,,,ft/def/new_negatives/nl/qwen2.5_sft_lora_chat_template_nl_ep1,Other
llama3-8b_sql,ft/def/new_negatives/nl/qwen2.5_sft_lora_chat_template_nl_ep1,5_has_all,,,,,ft/def/new_negatives/nl/qwen2.5_sft_lora_chat_template_nl_ep1,Other
llama3-8b_sql,ft/def/new_negatives/nl/qwen2.5_sft_lora_chat_template_nl_ep2,1_easy_no_join,,,,,ft/def/new_negatives/nl/qwen2.5_sft_lora_chat_template_nl_ep2,Other
llama3-8b_sql,ft/def/new_negatives/nl/qwen2.5_sft_lora_chat_template_nl_ep2,2_medium_join,,,,,ft/def/new_negatives/nl/qwen2.5_sft_lora_chat_template_nl_ep2,Other
llama3-8b_sql,ft/def/new_negatives/nl/qwen2.5_sft_lora_chat_template_nl_ep2,3_has_aggr,,,,,ft/def/new_negatives/nl/qwen2.5_sft_lora_chat_template_nl_ep2,Other
llama3-8b_sql,ft/def/new_negatives/nl/qwen2.5_sft_lora_chat_template_nl_ep2,4_has_union,,,,,ft/def/new_negatives/nl/qwen2.5_sft_lora_chat_template_nl_ep2,Other
llama3-8b_sql,ft/def/new_negatives/nl/qwen2.5_sft_lora_chat_template_nl_ep2,5_has_all,,,,,ft/def/new_negatives/nl/qwen2.5_sft_lora_chat_template_nl_ep2,Other
llama3-8b_sql,ft/def/new_negatives/sql/gemma7b_dpo_after_sft_ep1_sql_ep1_withbadformat_bcoloss,1_easy_no_join,,,,,ft/def/new_negatives/sql/gemma7b_dpo_after_sft_ep1_sql_ep1_withbadformat_bcoloss,Other
llama3-8b_sql,ft/def/new_negatives/sql/gemma7b_dpo_after_sft_ep1_sql_ep1_withbadformat_bcoloss,2_medium_join,,,,,ft/def/new_negatives/sql/gemma7b_dpo_after_sft_ep1_sql_ep1_withbadformat_bcoloss,Other
llama3-8b_sql,ft/def/new_negatives/sql/gemma7b_dpo_after_sft_ep1_sql_ep1_withbadformat_bcoloss,3_has_aggr,,,,,ft/def/new_negatives/sql/gemma7b_dpo_after_sft_ep1_sql_ep1_withbadformat_bcoloss,Other
llama3-8b_sql,ft/def/new_negatives/sql/gemma7b_dpo_after_sft_ep1_sql_ep1_withbadformat_bcoloss,4_has_union,,,,,ft/def/new_negatives/sql/gemma7b_dpo_after_sft_ep1_sql_ep1_withbadformat_bcoloss,Other
llama3-8b_sql,ft/def/new_negatives/sql/gemma7b_dpo_after_sft_ep1_sql_ep1_withbadformat_bcoloss,5_has_all,,,,,ft/def/new_negatives/sql/gemma7b_dpo_after_sft_ep1_sql_ep1_withbadformat_bcoloss,Other
llama3-8b_sql,ft/def/new_negatives/sql/gemma7b_dpo_after_sft_ep1_sql_ep2_withbadformat_bcoloss,1_easy_no_join,,,,,ft/def/new_negatives/sql/gemma7b_dpo_after_sft_ep1_sql_ep2_withbadformat_bcoloss,Other
llama3-8b_sql,ft/def/new_negatives/sql/gemma7b_dpo_after_sft_ep1_sql_ep2_withbadformat_bcoloss,2_medium_join,,,,,ft/def/new_negatives/sql/gemma7b_dpo_after_sft_ep1_sql_ep2_withbadformat_bcoloss,Other
llama3-8b_sql,ft/def/new_negatives/sql/gemma7b_dpo_after_sft_ep1_sql_ep2_withbadformat_bcoloss,3_has_aggr,,,,,ft/def/new_negatives/sql/gemma7b_dpo_after_sft_ep1_sql_ep2_withbadformat_bcoloss,Other
llama3-8b_sql,ft/def/new_negatives/sql/gemma7b_dpo_after_sft_ep1_sql_ep2_withbadformat_bcoloss,4_has_union,,,,,ft/def/new_negatives/sql/gemma7b_dpo_after_sft_ep1_sql_ep2_withbadformat_bcoloss,Other
llama3-8b_sql,ft/def/new_negatives/sql/gemma7b_dpo_after_sft_ep1_sql_ep2_withbadformat_bcoloss,5_has_all,,,,,ft/def/new_negatives/sql/gemma7b_dpo_after_sft_ep1_sql_ep2_withbadformat_bcoloss,Other
llama3-8b_sql,ft/def/new_negatives/sql/gemma7b_dpo_after_sft_ep2_sql_ep1_withbadformat_bcoloss,1_easy_no_join,,,,,ft/def/new_negatives/sql/gemma7b_dpo_after_sft_ep2_sql_ep1_withbadformat_bcoloss,Other
llama3-8b_sql,ft/def/new_negatives/sql/gemma7b_dpo_after_sft_ep2_sql_ep1_withbadformat_bcoloss,2_medium_join,,,,,ft/def/new_negatives/sql/gemma7b_dpo_after_sft_ep2_sql_ep1_withbadformat_bcoloss,Other
llama3-8b_sql,ft/def/new_negatives/sql/gemma7b_dpo_after_sft_ep2_sql_ep1_withbadformat_bcoloss,3_has_aggr,,,,,ft/def/new_negatives/sql/gemma7b_dpo_after_sft_ep2_sql_ep1_withbadformat_bcoloss,Other
llama3-8b_sql,ft/def/new_negatives/sql/gemma7b_dpo_after_sft_ep2_sql_ep1_withbadformat_bcoloss,4_has_union,,,,,ft/def/new_negatives/sql/gemma7b_dpo_after_sft_ep2_sql_ep1_withbadformat_bcoloss,Other
llama3-8b_sql,ft/def/new_negatives/sql/gemma7b_dpo_after_sft_ep2_sql_ep1_withbadformat_bcoloss,5_has_all,,,,,ft/def/new_negatives/sql/gemma7b_dpo_after_sft_ep2_sql_ep1_withbadformat_bcoloss,Other
llama3-8b_sql,ft/def/new_negatives/sql/gemma7b_dpo_after_sft_ep2_sql_ep2_withbadformat_bcoloss,1_easy_no_join,,,,,ft/def/new_negatives/sql/gemma7b_dpo_after_sft_ep2_sql_ep2_withbadformat_bcoloss,Other
llama3-8b_sql,ft/def/new_negatives/sql/gemma7b_dpo_after_sft_ep2_sql_ep2_withbadformat_bcoloss,2_medium_join,,,,,ft/def/new_negatives/sql/gemma7b_dpo_after_sft_ep2_sql_ep2_withbadformat_bcoloss,Other
llama3-8b_sql,ft/def/new_negatives/sql/gemma7b_dpo_after_sft_ep2_sql_ep2_withbadformat_bcoloss,3_has_aggr,,,,,ft/def/new_negatives/sql/gemma7b_dpo_after_sft_ep2_sql_ep2_withbadformat_bcoloss,Other
llama3-8b_sql,ft/def/new_negatives/sql/gemma7b_dpo_after_sft_ep2_sql_ep2_withbadformat_bcoloss,4_has_union,,,,,ft/def/new_negatives/sql/gemma7b_dpo_after_sft_ep2_sql_ep2_withbadformat_bcoloss,Other
llama3-8b_sql,ft/def/new_negatives/sql/gemma7b_dpo_after_sft_ep2_sql_ep2_withbadformat_bcoloss,5_has_all,,,,,ft/def/new_negatives/sql/gemma7b_dpo_after_sft_ep2_sql_ep2_withbadformat_bcoloss,Other
llama3-8b_sql,ft/def/new_negatives/sql/gemma7b_sft_lora_chat_template_sql_ep1,1_easy_no_join,,,,,ft/def/new_negatives/sql/gemma7b_sft_lora_chat_template_sql_ep1,Other
llama3-8b_sql,ft/def/new_negatives/sql/gemma7b_sft_lora_chat_template_sql_ep1,2_medium_join,,,,,ft/def/new_negatives/sql/gemma7b_sft_lora_chat_template_sql_ep1,Other
llama3-8b_sql,ft/def/new_negatives/sql/gemma7b_sft_lora_chat_template_sql_ep1,3_has_aggr,,,,,ft/def/new_negatives/sql/gemma7b_sft_lora_chat_template_sql_ep1,Other
llama3-8b_sql,ft/def/new_negatives/sql/gemma7b_sft_lora_chat_template_sql_ep1,4_has_union,,,,,ft/def/new_negatives/sql/gemma7b_sft_lora_chat_template_sql_ep1,Other
llama3-8b_sql,ft/def/new_negatives/sql/gemma7b_sft_lora_chat_template_sql_ep1,5_has_all,,,,,ft/def/new_negatives/sql/gemma7b_sft_lora_chat_template_sql_ep1,Other
llama3-8b_sql,ft/def/new_negatives/sql/gemma7b_sft_lora_chat_template_sql_ep2,1_easy_no_join,,,,,ft/def/new_negatives/sql/gemma7b_sft_lora_chat_template_sql_ep2,Other
llama3-8b_sql,ft/def/new_negatives/sql/gemma7b_sft_lora_chat_template_sql_ep2,2_medium_join,,,,,ft/def/new_negatives/sql/gemma7b_sft_lora_chat_template_sql_ep2,Other
llama3-8b_sql,ft/def/new_negatives/sql/gemma7b_sft_lora_chat_template_sql_ep2,3_has_aggr,,,,,ft/def/new_negatives/sql/gemma7b_sft_lora_chat_template_sql_ep2,Other
llama3-8b_sql,ft/def/new_negatives/sql/gemma7b_sft_lora_chat_template_sql_ep2,4_has_union,,,,,ft/def/new_negatives/sql/gemma7b_sft_lora_chat_template_sql_ep2,Other
llama3-8b_sql,ft/def/new_negatives/sql/gemma7b_sft_lora_chat_template_sql_ep2,5_has_all,,,,,ft/def/new_negatives/sql/gemma7b_sft_lora_chat_template_sql_ep2,Other
llama3-8b_sql,ft/def/new_negatives/sql/qwen2.5_dpo_after_sft_ep1_sql_ep1_withbadformat_bcoloss,1_easy_no_join,,,,,ft/def/new_negatives/sql/qwen2.5_dpo_after_sft_ep1_sql_ep1_withbadformat_bcoloss,Other
llama3-8b_sql,ft/def/new_negatives/sql/qwen2.5_dpo_after_sft_ep1_sql_ep1_withbadformat_bcoloss,2_medium_join,,,,,ft/def/new_negatives/sql/qwen2.5_dpo_after_sft_ep1_sql_ep1_withbadformat_bcoloss,Other
llama3-8b_sql,ft/def/new_negatives/sql/qwen2.5_dpo_after_sft_ep1_sql_ep1_withbadformat_bcoloss,3_has_aggr,,,,,ft/def/new_negatives/sql/qwen2.5_dpo_after_sft_ep1_sql_ep1_withbadformat_bcoloss,Other
llama3-8b_sql,ft/def/new_negatives/sql/qwen2.5_dpo_after_sft_ep1_sql_ep1_withbadformat_bcoloss,4_has_union,,,,,ft/def/new_negatives/sql/qwen2.5_dpo_after_sft_ep1_sql_ep1_withbadformat_bcoloss,Other
llama3-8b_sql,ft/def/new_negatives/sql/qwen2.5_dpo_after_sft_ep1_sql_ep1_withbadformat_bcoloss,5_has_all,,,,,ft/def/new_negatives/sql/qwen2.5_dpo_after_sft_ep1_sql_ep1_withbadformat_bcoloss,Other
llama3-8b_sql,ft/def/new_negatives/sql/qwen2.5_dpo_after_sft_ep1_sql_ep2_withbadformat_bcoloss,1_easy_no_join,,,,,ft/def/new_negatives/sql/qwen2.5_dpo_after_sft_ep1_sql_ep2_withbadformat_bcoloss,Other
llama3-8b_sql,ft/def/new_negatives/sql/qwen2.5_dpo_after_sft_ep1_sql_ep2_withbadformat_bcoloss,2_medium_join,,,,,ft/def/new_negatives/sql/qwen2.5_dpo_after_sft_ep1_sql_ep2_withbadformat_bcoloss,Other
llama3-8b_sql,ft/def/new_negatives/sql/qwen2.5_dpo_after_sft_ep1_sql_ep2_withbadformat_bcoloss,3_has_aggr,,,,,ft/def/new_negatives/sql/qwen2.5_dpo_after_sft_ep1_sql_ep2_withbadformat_bcoloss,Other
llama3-8b_sql,ft/def/new_negatives/sql/qwen2.5_dpo_after_sft_ep1_sql_ep2_withbadformat_bcoloss,4_has_union,,,,,ft/def/new_negatives/sql/qwen2.5_dpo_after_sft_ep1_sql_ep2_withbadformat_bcoloss,Other
llama3-8b_sql,ft/def/new_negatives/sql/qwen2.5_dpo_after_sft_ep1_sql_ep2_withbadformat_bcoloss,5_has_all,,,,,ft/def/new_negatives/sql/qwen2.5_dpo_after_sft_ep1_sql_ep2_withbadformat_bcoloss,Other
llama3-8b_sql,ft/def/new_negatives/sql/qwen2.5_dpo_after_sft_ep2_sql_ep1_withbadformat_bcoloss,1_easy_no_join,,,,,ft/def/new_negatives/sql/qwen2.5_dpo_after_sft_ep2_sql_ep1_withbadformat_bcoloss,Other
llama3-8b_sql,ft/def/new_negatives/sql/qwen2.5_dpo_after_sft_ep2_sql_ep1_withbadformat_bcoloss,2_medium_join,,,,,ft/def/new_negatives/sql/qwen2.5_dpo_after_sft_ep2_sql_ep1_withbadformat_bcoloss,Other
llama3-8b_sql,ft/def/new_negatives/sql/qwen2.5_dpo_after_sft_ep2_sql_ep1_withbadformat_bcoloss,3_has_aggr,,,,,ft/def/new_negatives/sql/qwen2.5_dpo_after_sft_ep2_sql_ep1_withbadformat_bcoloss,Other
llama3-8b_sql,ft/def/new_negatives/sql/qwen2.5_dpo_after_sft_ep2_sql_ep1_withbadformat_bcoloss,4_has_union,,,,,ft/def/new_negatives/sql/qwen2.5_dpo_after_sft_ep2_sql_ep1_withbadformat_bcoloss,Other
llama3-8b_sql,ft/def/new_negatives/sql/qwen2.5_dpo_after_sft_ep2_sql_ep1_withbadformat_bcoloss,5_has_all,,,,,ft/def/new_negatives/sql/qwen2.5_dpo_after_sft_ep2_sql_ep1_withbadformat_bcoloss,Other
llama3-8b_sql,ft/def/new_negatives/sql/qwen2.5_dpo_after_sft_ep2_sql_ep2_withbadformat_bcoloss,1_easy_no_join,,,,,ft/def/new_negatives/sql/qwen2.5_dpo_after_sft_ep2_sql_ep2_withbadformat_bcoloss,Other
llama3-8b_sql,ft/def/new_negatives/sql/qwen2.5_dpo_after_sft_ep2_sql_ep2_withbadformat_bcoloss,2_medium_join,,,,,ft/def/new_negatives/sql/qwen2.5_dpo_after_sft_ep2_sql_ep2_withbadformat_bcoloss,Other
llama3-8b_sql,ft/def/new_negatives/sql/qwen2.5_dpo_after_sft_ep2_sql_ep2_withbadformat_bcoloss,3_has_aggr,,,,,ft/def/new_negatives/sql/qwen2.5_dpo_after_sft_ep2_sql_ep2_withbadformat_bcoloss,Other
llama3-8b_sql,ft/def/new_negatives/sql/qwen2.5_dpo_after_sft_ep2_sql_ep2_withbadformat_bcoloss,4_has_union,,,,,ft/def/new_negatives/sql/qwen2.5_dpo_after_sft_ep2_sql_ep2_withbadformat_bcoloss,Other
llama3-8b_sql,ft/def/new_negatives/sql/qwen2.5_dpo_after_sft_ep2_sql_ep2_withbadformat_bcoloss,5_has_all,,,,,ft/def/new_negatives/sql/qwen2.5_dpo_after_sft_ep2_sql_ep2_withbadformat_bcoloss,Other
llama3-8b_sql,ft/def/new_negatives/sql/qwen2.5_sft_lora_chat_template_sql_ep1,1_easy_no_join,,,,,ft/def/new_negatives/sql/qwen2.5_sft_lora_chat_template_sql_ep1,Other
llama3-8b_sql,ft/def/new_negatives/sql/qwen2.5_sft_lora_chat_template_sql_ep1,2_medium_join,,,,,ft/def/new_negatives/sql/qwen2.5_sft_lora_chat_template_sql_ep1,Other
llama3-8b_sql,ft/def/new_negatives/sql/qwen2.5_sft_lora_chat_template_sql_ep1,3_has_aggr,,,,,ft/def/new_negatives/sql/qwen2.5_sft_lora_chat_template_sql_ep1,Other
llama3-8b_sql,ft/def/new_negatives/sql/qwen2.5_sft_lora_chat_template_sql_ep1,4_has_union,,,,,ft/def/new_negatives/sql/qwen2.5_sft_lora_chat_template_sql_ep1,Other
llama3-8b_sql,ft/def/new_negatives/sql/qwen2.5_sft_lora_chat_template_sql_ep1,5_has_all,,,,,ft/def/new_negatives/sql/qwen2.5_sft_lora_chat_template_sql_ep1,Other
llama3-8b_sql,ft/def/new_negatives/sql/qwen2.5_sft_lora_chat_template_sql_ep2,1_easy_no_join,,,,,ft/def/new_negatives/sql/qwen2.5_sft_lora_chat_template_sql_ep2,Other
llama3-8b_sql,ft/def/new_negatives/sql/qwen2.5_sft_lora_chat_template_sql_ep2,2_medium_join,,,,,ft/def/new_negatives/sql/qwen2.5_sft_lora_chat_template_sql_ep2,Other
llama3-8b_sql,ft/def/new_negatives/sql/qwen2.5_sft_lora_chat_template_sql_ep2,3_has_aggr,,,,,ft/def/new_negatives/sql/qwen2.5_sft_lora_chat_template_sql_ep2,Other
llama3-8b_sql,ft/def/new_negatives/sql/qwen2.5_sft_lora_chat_template_sql_ep2,4_has_union,,,,,ft/def/new_negatives/sql/qwen2.5_sft_lora_chat_template_sql_ep2,Other
llama3-8b_sql,ft/def/new_negatives/sql/qwen2.5_sft_lora_chat_template_sql_ep2,5_has_all,,,,,ft/def/new_negatives/sql/qwen2.5_sft_lora_chat_template_sql_ep2,Other
llama3-8b_sql,ft/new_negatives/nl/llama3_8b_dpo_after_sft_ep1_nl_ep1_withbadformat_bcoloss,1_easy_no_join,,,,,ft/new_negatives/nl/llama3_8b_dpo_after_sft_ep1_nl_ep1_withbadformat_bcoloss,Other
llama3-8b_sql,ft/new_negatives/nl/llama3_8b_dpo_after_sft_ep1_nl_ep1_withbadformat_bcoloss,2_medium_join,,,,,ft/new_negatives/nl/llama3_8b_dpo_after_sft_ep1_nl_ep1_withbadformat_bcoloss,Other
llama3-8b_sql,ft/new_negatives/nl/llama3_8b_dpo_after_sft_ep1_nl_ep1_withbadformat_bcoloss,3_has_aggr,,,,,ft/new_negatives/nl/llama3_8b_dpo_after_sft_ep1_nl_ep1_withbadformat_bcoloss,Other
llama3-8b_sql,ft/new_negatives/nl/llama3_8b_dpo_after_sft_ep1_nl_ep1_withbadformat_bcoloss,4_has_union,,,,,ft/new_negatives/nl/llama3_8b_dpo_after_sft_ep1_nl_ep1_withbadformat_bcoloss,Other
llama3-8b_sql,ft/new_negatives/nl/llama3_8b_dpo_after_sft_ep1_nl_ep1_withbadformat_bcoloss,5_has_all,,,,,ft/new_negatives/nl/llama3_8b_dpo_after_sft_ep1_nl_ep1_withbadformat_bcoloss,Other
llama3-8b_sql,ft/new_negatives/nl/llama3_8b_dpo_after_sft_ep1_nl_ep2_withbadformat_bcoloss,1_easy_no_join,,,,,ft/new_negatives/nl/llama3_8b_dpo_after_sft_ep1_nl_ep2_withbadformat_bcoloss,Other
llama3-8b_sql,ft/new_negatives/nl/llama3_8b_dpo_after_sft_ep1_nl_ep2_withbadformat_bcoloss,2_medium_join,,,,,ft/new_negatives/nl/llama3_8b_dpo_after_sft_ep1_nl_ep2_withbadformat_bcoloss,Other
llama3-8b_sql,ft/new_negatives/nl/llama3_8b_dpo_after_sft_ep1_nl_ep2_withbadformat_bcoloss,3_has_aggr,,,,,ft/new_negatives/nl/llama3_8b_dpo_after_sft_ep1_nl_ep2_withbadformat_bcoloss,Other
llama3-8b_sql,ft/new_negatives/nl/llama3_8b_dpo_after_sft_ep1_nl_ep2_withbadformat_bcoloss,4_has_union,,,,,ft/new_negatives/nl/llama3_8b_dpo_after_sft_ep1_nl_ep2_withbadformat_bcoloss,Other
llama3-8b_sql,ft/new_negatives/nl/llama3_8b_dpo_after_sft_ep1_nl_ep2_withbadformat_bcoloss,5_has_all,,,,,ft/new_negatives/nl/llama3_8b_dpo_after_sft_ep1_nl_ep2_withbadformat_bcoloss,Other
llama3-8b_sql,ft/new_negatives/nl/llama3_8b_dpo_after_sft_ep2_nl_ep1_withbadformat_bcoloss,1_easy_no_join,,,,,ft/new_negatives/nl/llama3_8b_dpo_after_sft_ep2_nl_ep1_withbadformat_bcoloss,Other
llama3-8b_sql,ft/new_negatives/nl/llama3_8b_dpo_after_sft_ep2_nl_ep1_withbadformat_bcoloss,2_medium_join,,,,,ft/new_negatives/nl/llama3_8b_dpo_after_sft_ep2_nl_ep1_withbadformat_bcoloss,Other
llama3-8b_sql,ft/new_negatives/nl/llama3_8b_dpo_after_sft_ep2_nl_ep1_withbadformat_bcoloss,3_has_aggr,,,,,ft/new_negatives/nl/llama3_8b_dpo_after_sft_ep2_nl_ep1_withbadformat_bcoloss,Other
llama3-8b_sql,ft/new_negatives/nl/llama3_8b_dpo_after_sft_ep2_nl_ep1_withbadformat_bcoloss,4_has_union,,,,,ft/new_negatives/nl/llama3_8b_dpo_after_sft_ep2_nl_ep1_withbadformat_bcoloss,Other
llama3-8b_sql,ft/new_negatives/nl/llama3_8b_dpo_after_sft_ep2_nl_ep1_withbadformat_bcoloss,5_has_all,,,,,ft/new_negatives/nl/llama3_8b_dpo_after_sft_ep2_nl_ep1_withbadformat_bcoloss,Other
llama3-8b_sql,ft/new_negatives/nl/llama3_8b_dpo_after_sft_ep2_nl_ep2_withbadformat_bcoloss,1_easy_no_join,,,,,ft/new_negatives/nl/llama3_8b_dpo_after_sft_ep2_nl_ep2_withbadformat_bcoloss,Other
llama3-8b_sql,ft/new_negatives/nl/llama3_8b_dpo_after_sft_ep2_nl_ep2_withbadformat_bcoloss,2_medium_join,,,,,ft/new_negatives/nl/llama3_8b_dpo_after_sft_ep2_nl_ep2_withbadformat_bcoloss,Other
llama3-8b_sql,ft/new_negatives/nl/llama3_8b_dpo_after_sft_ep2_nl_ep2_withbadformat_bcoloss,3_has_aggr,,,,,ft/new_negatives/nl/llama3_8b_dpo_after_sft_ep2_nl_ep2_withbadformat_bcoloss,Other
llama3-8b_sql,ft/new_negatives/nl/llama3_8b_dpo_after_sft_ep2_nl_ep2_withbadformat_bcoloss,4_has_union,,,,,ft/new_negatives/nl/llama3_8b_dpo_after_sft_ep2_nl_ep2_withbadformat_bcoloss,Other
llama3-8b_sql,ft/new_negatives/nl/llama3_8b_dpo_after_sft_ep2_nl_ep2_withbadformat_bcoloss,5_has_all,,,,,ft/new_negatives/nl/llama3_8b_dpo_after_sft_ep2_nl_ep2_withbadformat_bcoloss,Other
llama3-8b_sql,ft/new_negatives/nl/llama3_8b_sft_lora_chat_template_nl_ep1,1_easy_no_join,,,,,ft/new_negatives/nl/llama3_8b_sft_lora_chat_template_nl_ep1,Other
llama3-8b_sql,ft/new_negatives/nl/llama3_8b_sft_lora_chat_template_nl_ep1,2_medium_join,,,,,ft/new_negatives/nl/llama3_8b_sft_lora_chat_template_nl_ep1,Other
llama3-8b_sql,ft/new_negatives/nl/llama3_8b_sft_lora_chat_template_nl_ep1,3_has_aggr,,,,,ft/new_negatives/nl/llama3_8b_sft_lora_chat_template_nl_ep1,Other
llama3-8b_sql,ft/new_negatives/nl/llama3_8b_sft_lora_chat_template_nl_ep1,4_has_union,,,,,ft/new_negatives/nl/llama3_8b_sft_lora_chat_template_nl_ep1,Other
llama3-8b_sql,ft/new_negatives/nl/llama3_8b_sft_lora_chat_template_nl_ep1,5_has_all,,,,,ft/new_negatives/nl/llama3_8b_sft_lora_chat_template_nl_ep1,Other
llama3-8b_sql,ft/new_negatives/nl/llama3_8b_sft_lora_chat_template_nl_ep2,1_easy_no_join,,,,,ft/new_negatives/nl/llama3_8b_sft_lora_chat_template_nl_ep2,Other
llama3-8b_sql,ft/new_negatives/nl/llama3_8b_sft_lora_chat_template_nl_ep2,2_medium_join,,,,,ft/new_negatives/nl/llama3_8b_sft_lora_chat_template_nl_ep2,Other
llama3-8b_sql,ft/new_negatives/nl/llama3_8b_sft_lora_chat_template_nl_ep2,3_has_aggr,,,,,ft/new_negatives/nl/llama3_8b_sft_lora_chat_template_nl_ep2,Other
llama3-8b_sql,ft/new_negatives/nl/llama3_8b_sft_lora_chat_template_nl_ep2,4_has_union,,,,,ft/new_negatives/nl/llama3_8b_sft_lora_chat_template_nl_ep2,Other
llama3-8b_sql,ft/new_negatives/nl/llama3_8b_sft_lora_chat_template_nl_ep2,5_has_all,,,,,ft/new_negatives/nl/llama3_8b_sft_lora_chat_template_nl_ep2,Other
llama3-8b_sql,ft/new_negatives/sql/llama3_8b_dpo_after_sft_ep1_sql_ep1_withbadformat_bcoloss,1_easy_no_join,13.0,0.8947368421052632,0.8169014084507042,0.6493506493506495,DPO (SQL) ep1 SFT ep1,DPO
llama3-8b_sql,ft/new_negatives/sql/llama3_8b_dpo_after_sft_ep1_sql_ep1_withbadformat_bcoloss,2_medium_join,6.0,0.7692307692307693,0.2962962962962963,0.25,DPO (SQL) ep1 SFT ep1,DPO
llama3-8b_sql,ft/new_negatives/sql/llama3_8b_dpo_after_sft_ep1_sql_ep1_withbadformat_bcoloss,3_has_aggr,23.0,0.0,0.823529411764706,0.0,DPO (SQL) ep1 SFT ep1,DPO
llama3-8b_sql,ft/new_negatives/sql/llama3_8b_dpo_after_sft_ep1_sql_ep1_withbadformat_bcoloss,4_has_union,125.0,0.739652870493992,0.7336122733612274,0.6382978723404256,DPO (SQL) ep1 SFT ep1,DPO
llama3-8b_sql,ft/new_negatives/sql/llama3_8b_dpo_after_sft_ep1_sql_ep1_withbadformat_bcoloss,5_has_all,74.0,0.6490566037735849,0.6640624999999999,0.47940074906367036,DPO (SQL) ep1 SFT ep1,DPO
llama3-8b_sql,ft/new_negatives/sql/llama3_8b_dpo_after_sft_ep1_sql_ep2_withbadformat_bcoloss,1_easy_no_join,13.0,0.9736842105263158,0.9610389610389611,0.935064935064935,DPO (SQL) ep1 SFT ep2,DPO
llama3-8b_sql,ft/new_negatives/sql/llama3_8b_dpo_after_sft_ep1_sql_ep2_withbadformat_bcoloss,2_medium_join,6.0,0.9600000000000001,0.5128205128205129,0.4878048780487804,DPO (SQL) ep1 SFT ep2,DPO
llama3-8b_sql,ft/new_negatives/sql/llama3_8b_dpo_after_sft_ep1_sql_ep2_withbadformat_bcoloss,3_has_aggr,23.0,0.0,0.826923076923077,0.0,DPO (SQL) ep1 SFT ep2,DPO
llama3-8b_sql,ft/new_negatives/sql/llama3_8b_dpo_after_sft_ep1_sql_ep2_withbadformat_bcoloss,4_has_union,125.0,0.7218628719275549,0.7934782608695651,0.6494845360824743,DPO (SQL) ep1 SFT ep2,DPO
llama3-8b_sql,ft/new_negatives/sql/llama3_8b_dpo_after_sft_ep1_sql_ep2_withbadformat_bcoloss,5_has_all,74.0,0.6209386281588447,0.8394160583941606,0.5611510791366907,DPO (SQL) ep1 SFT ep2,DPO
llama3-8b_sql,ft/new_negatives/sql/llama3_8b_dpo_after_sft_ep2_sql_ep1_withbadformat_bcoloss,1_easy_no_join,13.0,0.8947368421052632,0.8169014084507042,0.6493506493506495,DPO (SQL) ep2 SFT ep1,DPO
llama3-8b_sql,ft/new_negatives/sql/llama3_8b_dpo_after_sft_ep2_sql_ep1_withbadformat_bcoloss,2_medium_join,6.0,0.7692307692307693,0.2962962962962963,0.25,DPO (SQL) ep2 SFT ep1,DPO
llama3-8b_sql,ft/new_negatives/sql/llama3_8b_dpo_after_sft_ep2_sql_ep1_withbadformat_bcoloss,3_has_aggr,23.0,0.0,0.823529411764706,0.0,DPO (SQL) ep2 SFT ep1,DPO
llama3-8b_sql,ft/new_negatives/sql/llama3_8b_dpo_after_sft_ep2_sql_ep1_withbadformat_bcoloss,4_has_union,125.0,0.7347480106100797,0.7348066298342542,0.6306068601583114,DPO (SQL) ep2 SFT ep1,DPO
llama3-8b_sql,ft/new_negatives/sql/llama3_8b_dpo_after_sft_ep2_sql_ep1_withbadformat_bcoloss,5_has_all,74.0,0.6315789473684211,0.6299212598425197,0.4328358208955224,DPO (SQL) ep2 SFT ep1,DPO
llama3-8b_sql,ft/new_negatives/sql/llama3_8b_dpo_after_sft_ep2_sql_ep2_withbadformat_bcoloss,1_easy_no_join,13.0,0.8947368421052632,0.9610389610389611,0.8571428571428572,DPO (SQL) ep2 SFT ep2,DPO
llama3-8b_sql,ft/new_negatives/sql/llama3_8b_dpo_after_sft_ep2_sql_ep2_withbadformat_bcoloss,2_medium_join,6.0,0.9600000000000001,0.34285714285714286,0.3243243243243243,DPO (SQL) ep2 SFT ep2,DPO
llama3-8b_sql,ft/new_negatives/sql/llama3_8b_dpo_after_sft_ep2_sql_ep2_withbadformat_bcoloss,3_has_aggr,23.0,0.0,0.8155339805825242,0.0,DPO (SQL) ep2 SFT ep2,DPO
llama3-8b_sql,ft/new_negatives/sql/llama3_8b_dpo_after_sft_ep2_sql_ep2_withbadformat_bcoloss,4_has_union,125.0,0.7294117647058823,0.7950819672131149,0.6571428571428571,DPO (SQL) ep2 SFT ep2,DPO
llama3-8b_sql,ft/new_negatives/sql/llama3_8b_dpo_after_sft_ep2_sql_ep2_withbadformat_bcoloss,5_has_all,74.0,0.6353790613718412,0.8394160583941606,0.5755395683453237,DPO (SQL) ep2 SFT ep2,DPO
llama3-8b_sql,ft/new_negatives/sql/llama3_8b_sft_lora_chat_template_sql_ep1,1_easy_no_join,13.0,0.8333333333333333,0.9315068493150686,0.8219178082191781,SFT (SQL) ep1,SFT
llama3-8b_sql,ft/new_negatives/sql/llama3_8b_sft_lora_chat_template_sql_ep1,2_medium_join,6.0,0.5517241379310344,0.43750000000000006,0.375,SFT (SQL) ep1,SFT
llama3-8b_sql,ft/new_negatives/sql/llama3_8b_sft_lora_chat_template_sql_ep1,3_has_aggr,23.0,0.0,0.3300970873786408,0.0,SFT (SQL) ep1,SFT
llama3-8b_sql,ft/new_negatives/sql/llama3_8b_sft_lora_chat_template_sql_ep1,4_has_union,125.0,0.718274111675127,0.6904458598726115,0.5952080706179067,SFT (SQL) ep1,SFT
llama3-8b_sql,ft/new_negatives/sql/llama3_8b_sft_lora_chat_template_sql_ep1,5_has_all,74.0,0.6937269372693727,0.6520146520146519,0.5547445255474454,SFT (SQL) ep1,SFT
llama3-8b_sql,ft/new_negatives/sql/llama3_8b_sft_lora_chat_template_sql_ep2,1_easy_no_join,13.0,1.0,0.9610389610389611,0.9610389610389611,SFT (SQL) ep2,SFT
llama3-8b_sql,ft/new_negatives/sql/llama3_8b_sft_lora_chat_template_sql_ep2,2_medium_join,6.0,0.303030303030303,0.34285714285714286,0.16666666666666666,SFT (SQL) ep2,SFT
llama3-8b_sql,ft/new_negatives/sql/llama3_8b_sft_lora_chat_template_sql_ep2,3_has_aggr,23.0,0.0,0.4175824175824176,0.0,SFT (SQL) ep2,SFT
llama3-8b_sql,ft/new_negatives/sql/llama3_8b_sft_lora_chat_template_sql_ep2,4_has_union,125.0,0.6727748691099477,0.7188703465982027,0.5717948717948719,SFT (SQL) ep2,SFT
llama3-8b_sql,ft/new_negatives/sql/llama3_8b_sft_lora_chat_template_sql_ep2,5_has_all,74.0,0.7797833935018051,0.7163120567375887,0.6382978723404255,SFT (SQL) ep2,SFT
qwen2.5-7b_nl,base/nl,1_easy_no_join,13.0,0.732394366197183,0.8,0.611111111111111,Base (NL),Base
qwen2.5-7b_nl,base/nl,2_medium_join,6.0,0.1,0.27272727272727276,0.0,Base (NL),Base
qwen2.5-7b_nl,base/nl,3_has_aggr,23.0,0.0,0.4266666666666667,0.0,Base (NL),Base
qwen2.5-7b_nl,base/nl,4_has_union,125.0,0.21654135338345865,0.415748031496063,0.1263157894736842,Base (NL),Base
qwen2.5-7b_nl,base/nl,5_has_all,74.0,0.17258883248730966,0.3061224489795918,0.14213197969543145,Base (NL),Base
qwen2.5-7b_nl,base/sql,1_easy_no_join,,,,,base/sql,Base
qwen2.5-7b_nl,base/sql,2_medium_join,,,,,base/sql,Base
qwen2.5-7b_nl,base/sql,3_has_aggr,,,,,base/sql,Base
qwen2.5-7b_nl,base/sql,4_has_union,,,,,base/sql,Base
qwen2.5-7b_nl,base/sql,5_has_all,,,,,base/sql,Base
qwen2.5-7b_nl,ft/def/new_negatives/nl/gemma7b_dpo_after_sft_ep1_nl_ep1_withbadformat_bcoloss,1_easy_no_join,,,,,ft/def/new_negatives/nl/gemma7b_dpo_after_sft_ep1_nl_ep1_withbadformat_bcoloss,Other
qwen2.5-7b_nl,ft/def/new_negatives/nl/gemma7b_dpo_after_sft_ep1_nl_ep1_withbadformat_bcoloss,2_medium_join,,,,,ft/def/new_negatives/nl/gemma7b_dpo_after_sft_ep1_nl_ep1_withbadformat_bcoloss,Other
qwen2.5-7b_nl,ft/def/new_negatives/nl/gemma7b_dpo_after_sft_ep1_nl_ep1_withbadformat_bcoloss,3_has_aggr,,,,,ft/def/new_negatives/nl/gemma7b_dpo_after_sft_ep1_nl_ep1_withbadformat_bcoloss,Other
qwen2.5-7b_nl,ft/def/new_negatives/nl/gemma7b_dpo_after_sft_ep1_nl_ep1_withbadformat_bcoloss,4_has_union,,,,,ft/def/new_negatives/nl/gemma7b_dpo_after_sft_ep1_nl_ep1_withbadformat_bcoloss,Other
qwen2.5-7b_nl,ft/def/new_negatives/nl/gemma7b_dpo_after_sft_ep1_nl_ep1_withbadformat_bcoloss,5_has_all,,,,,ft/def/new_negatives/nl/gemma7b_dpo_after_sft_ep1_nl_ep1_withbadformat_bcoloss,Other
qwen2.5-7b_nl,ft/def/new_negatives/nl/gemma7b_dpo_after_sft_ep1_nl_ep2_withbadformat_bcoloss,1_easy_no_join,,,,,ft/def/new_negatives/nl/gemma7b_dpo_after_sft_ep1_nl_ep2_withbadformat_bcoloss,Other
qwen2.5-7b_nl,ft/def/new_negatives/nl/gemma7b_dpo_after_sft_ep1_nl_ep2_withbadformat_bcoloss,2_medium_join,,,,,ft/def/new_negatives/nl/gemma7b_dpo_after_sft_ep1_nl_ep2_withbadformat_bcoloss,Other
qwen2.5-7b_nl,ft/def/new_negatives/nl/gemma7b_dpo_after_sft_ep1_nl_ep2_withbadformat_bcoloss,3_has_aggr,,,,,ft/def/new_negatives/nl/gemma7b_dpo_after_sft_ep1_nl_ep2_withbadformat_bcoloss,Other
qwen2.5-7b_nl,ft/def/new_negatives/nl/gemma7b_dpo_after_sft_ep1_nl_ep2_withbadformat_bcoloss,4_has_union,,,,,ft/def/new_negatives/nl/gemma7b_dpo_after_sft_ep1_nl_ep2_withbadformat_bcoloss,Other
qwen2.5-7b_nl,ft/def/new_negatives/nl/gemma7b_dpo_after_sft_ep1_nl_ep2_withbadformat_bcoloss,5_has_all,,,,,ft/def/new_negatives/nl/gemma7b_dpo_after_sft_ep1_nl_ep2_withbadformat_bcoloss,Other
qwen2.5-7b_nl,ft/def/new_negatives/nl/gemma7b_dpo_after_sft_ep2_nl_ep1_withbadformat_bcoloss,1_easy_no_join,,,,,ft/def/new_negatives/nl/gemma7b_dpo_after_sft_ep2_nl_ep1_withbadformat_bcoloss,Other
qwen2.5-7b_nl,ft/def/new_negatives/nl/gemma7b_dpo_after_sft_ep2_nl_ep1_withbadformat_bcoloss,2_medium_join,,,,,ft/def/new_negatives/nl/gemma7b_dpo_after_sft_ep2_nl_ep1_withbadformat_bcoloss,Other
qwen2.5-7b_nl,ft/def/new_negatives/nl/gemma7b_dpo_after_sft_ep2_nl_ep1_withbadformat_bcoloss,3_has_aggr,,,,,ft/def/new_negatives/nl/gemma7b_dpo_after_sft_ep2_nl_ep1_withbadformat_bcoloss,Other
qwen2.5-7b_nl,ft/def/new_negatives/nl/gemma7b_dpo_after_sft_ep2_nl_ep1_withbadformat_bcoloss,4_has_union,,,,,ft/def/new_negatives/nl/gemma7b_dpo_after_sft_ep2_nl_ep1_withbadformat_bcoloss,Other
qwen2.5-7b_nl,ft/def/new_negatives/nl/gemma7b_dpo_after_sft_ep2_nl_ep1_withbadformat_bcoloss,5_has_all,,,,,ft/def/new_negatives/nl/gemma7b_dpo_after_sft_ep2_nl_ep1_withbadformat_bcoloss,Other
qwen2.5-7b_nl,ft/def/new_negatives/nl/gemma7b_dpo_after_sft_ep2_nl_ep2_withbadformat_bcoloss,1_easy_no_join,,,,,ft/def/new_negatives/nl/gemma7b_dpo_after_sft_ep2_nl_ep2_withbadformat_bcoloss,Other
qwen2.5-7b_nl,ft/def/new_negatives/nl/gemma7b_dpo_after_sft_ep2_nl_ep2_withbadformat_bcoloss,2_medium_join,,,,,ft/def/new_negatives/nl/gemma7b_dpo_after_sft_ep2_nl_ep2_withbadformat_bcoloss,Other
qwen2.5-7b_nl,ft/def/new_negatives/nl/gemma7b_dpo_after_sft_ep2_nl_ep2_withbadformat_bcoloss,3_has_aggr,,,,,ft/def/new_negatives/nl/gemma7b_dpo_after_sft_ep2_nl_ep2_withbadformat_bcoloss,Other
qwen2.5-7b_nl,ft/def/new_negatives/nl/gemma7b_dpo_after_sft_ep2_nl_ep2_withbadformat_bcoloss,4_has_union,,,,,ft/def/new_negatives/nl/gemma7b_dpo_after_sft_ep2_nl_ep2_withbadformat_bcoloss,Other
qwen2.5-7b_nl,ft/def/new_negatives/nl/gemma7b_dpo_after_sft_ep2_nl_ep2_withbadformat_bcoloss,5_has_all,,,,,ft/def/new_negatives/nl/gemma7b_dpo_after_sft_ep2_nl_ep2_withbadformat_bcoloss,Other
qwen2.5-7b_nl,ft/def/new_negatives/nl/gemma7b_sft_lora_chat_template_nl_ep1,1_easy_no_join,,,,,ft/def/new_negatives/nl/gemma7b_sft_lora_chat_template_nl_ep1,Other
qwen2.5-7b_nl,ft/def/new_negatives/nl/gemma7b_sft_lora_chat_template_nl_ep1,2_medium_join,,,,,ft/def/new_negatives/nl/gemma7b_sft_lora_chat_template_nl_ep1,Other
qwen2.5-7b_nl,ft/def/new_negatives/nl/gemma7b_sft_lora_chat_template_nl_ep1,3_has_aggr,,,,,ft/def/new_negatives/nl/gemma7b_sft_lora_chat_template_nl_ep1,Other
qwen2.5-7b_nl,ft/def/new_negatives/nl/gemma7b_sft_lora_chat_template_nl_ep1,4_has_union,,,,,ft/def/new_negatives/nl/gemma7b_sft_lora_chat_template_nl_ep1,Other
qwen2.5-7b_nl,ft/def/new_negatives/nl/gemma7b_sft_lora_chat_template_nl_ep1,5_has_all,,,,,ft/def/new_negatives/nl/gemma7b_sft_lora_chat_template_nl_ep1,Other
qwen2.5-7b_nl,ft/def/new_negatives/nl/gemma7b_sft_lora_chat_template_nl_ep2,1_easy_no_join,,,,,ft/def/new_negatives/nl/gemma7b_sft_lora_chat_template_nl_ep2,Other
qwen2.5-7b_nl,ft/def/new_negatives/nl/gemma7b_sft_lora_chat_template_nl_ep2,2_medium_join,,,,,ft/def/new_negatives/nl/gemma7b_sft_lora_chat_template_nl_ep2,Other
qwen2.5-7b_nl,ft/def/new_negatives/nl/gemma7b_sft_lora_chat_template_nl_ep2,3_has_aggr,,,,,ft/def/new_negatives/nl/gemma7b_sft_lora_chat_template_nl_ep2,Other
qwen2.5-7b_nl,ft/def/new_negatives/nl/gemma7b_sft_lora_chat_template_nl_ep2,4_has_union,,,,,ft/def/new_negatives/nl/gemma7b_sft_lora_chat_template_nl_ep2,Other
qwen2.5-7b_nl,ft/def/new_negatives/nl/gemma7b_sft_lora_chat_template_nl_ep2,5_has_all,,,,,ft/def/new_negatives/nl/gemma7b_sft_lora_chat_template_nl_ep2,Other
qwen2.5-7b_nl,ft/def/new_negatives/nl/qwen2.5_dpo_after_sft_ep1_nl_ep1_withbadformat_bcoloss,1_easy_no_join,13.0,0.6376811594202899,0.8695652173913043,0.5428571428571428,DPO (NL) ep1 SFT ep1,DPO
qwen2.5-7b_nl,ft/def/new_negatives/nl/qwen2.5_dpo_after_sft_ep1_nl_ep1_withbadformat_bcoloss,2_medium_join,6.0,0.2,0.16666666666666666,0.0,DPO (NL) ep1 SFT ep1,DPO
qwen2.5-7b_nl,ft/def/new_negatives/nl/qwen2.5_dpo_after_sft_ep1_nl_ep1_withbadformat_bcoloss,3_has_aggr,23.0,0.0,0.5,0.0,DPO (NL) ep1 SFT ep1,DPO
qwen2.5-7b_nl,ft/def/new_negatives/nl/qwen2.5_dpo_after_sft_ep1_nl_ep1_withbadformat_bcoloss,4_has_union,125.0,0.2247191011235955,0.6704761904761904,0.20973782771535576,DPO (NL) ep1 SFT ep1,DPO
qwen2.5-7b_nl,ft/def/new_negatives/nl/qwen2.5_dpo_after_sft_ep1_nl_ep1_withbadformat_bcoloss,5_has_all,74.0,0.2403846153846154,0.6086956521739131,0.21153846153846154,DPO (NL) ep1 SFT ep1,DPO
qwen2.5-7b_nl,ft/def/new_negatives/nl/qwen2.5_dpo_after_sft_ep1_nl_ep2_withbadformat_bcoloss,1_easy_no_join,13.0,0.6301369863013698,0.9189189189189189,0.5945945945945945,DPO (NL) ep1 SFT ep2,DPO
qwen2.5-7b_nl,ft/def/new_negatives/nl/qwen2.5_dpo_after_sft_ep1_nl_ep2_withbadformat_bcoloss,2_medium_join,6.0,0.16666666666666666,0.30769230769230765,0.0,DPO (NL) ep1 SFT ep2,DPO
qwen2.5-7b_nl,ft/def/new_negatives/nl/qwen2.5_dpo_after_sft_ep1_nl_ep2_withbadformat_bcoloss,3_has_aggr,23.0,0.0,0.7384615384615384,0.0,DPO (NL) ep1 SFT ep2,DPO
qwen2.5-7b_nl,ft/def/new_negatives/nl/qwen2.5_dpo_after_sft_ep1_nl_ep2_withbadformat_bcoloss,4_has_union,125.0,0.23510971786833854,0.7925117004680187,0.22776911076443054,DPO (NL) ep1 SFT ep2,DPO
qwen2.5-7b_nl,ft/def/new_negatives/nl/qwen2.5_dpo_after_sft_ep1_nl_ep2_withbadformat_bcoloss,5_has_all,74.0,0.2362869198312236,0.7172995780590717,0.2109704641350211,DPO (NL) ep1 SFT ep2,DPO
qwen2.5-7b_nl,ft/def/new_negatives/nl/qwen2.5_dpo_after_sft_ep2_nl_ep1_withbadformat_bcoloss,1_easy_no_join,13.0,0.6031746031746033,0.90625,0.5625,DPO (NL) ep2 SFT ep1,DPO
qwen2.5-7b_nl,ft/def/new_negatives/nl/qwen2.5_dpo_after_sft_ep2_nl_ep1_withbadformat_bcoloss,2_medium_join,6.0,0.16666666666666666,0.14285714285714288,0.0,DPO (NL) ep2 SFT ep1,DPO
qwen2.5-7b_nl,ft/def/new_negatives/nl/qwen2.5_dpo_after_sft_ep2_nl_ep1_withbadformat_bcoloss,3_has_aggr,23.0,0.0,0.43636363636363634,0.0,DPO (NL) ep2 SFT ep1,DPO
qwen2.5-7b_nl,ft/def/new_negatives/nl/qwen2.5_dpo_after_sft_ep2_nl_ep1_withbadformat_bcoloss,4_has_union,125.0,0.2186878727634195,0.680161943319838,0.2067594433399602,DPO (NL) ep2 SFT ep1,DPO
qwen2.5-7b_nl,ft/def/new_negatives/nl/qwen2.5_dpo_after_sft_ep2_nl_ep1_withbadformat_bcoloss,5_has_all,74.0,0.24000000000000002,0.65,0.22000000000000003,DPO (NL) ep2 SFT ep1,DPO
qwen2.5-7b_nl,ft/def/new_negatives/nl/qwen2.5_dpo_after_sft_ep2_nl_ep2_withbadformat_bcoloss,1_easy_no_join,13.0,0.4776119402985075,0.911764705882353,0.4411764705882353,DPO (NL) ep2 SFT ep2,DPO
qwen2.5-7b_nl,ft/def/new_negatives/nl/qwen2.5_dpo_after_sft_ep2_nl_ep2_withbadformat_bcoloss,2_medium_join,6.0,0.16666666666666666,0.30769230769230765,0.0,DPO (NL) ep2 SFT ep2,DPO
qwen2.5-7b_nl,ft/def/new_negatives/nl/qwen2.5_dpo_after_sft_ep2_nl_ep2_withbadformat_bcoloss,3_has_aggr,23.0,0.0,0.7536231884057972,0.0,DPO (NL) ep2 SFT ep2,DPO
qwen2.5-7b_nl,ft/def/new_negatives/nl/qwen2.5_dpo_after_sft_ep2_nl_ep2_withbadformat_bcoloss,4_has_union,125.0,0.2,0.778501628664495,0.19512195121951217,DPO (NL) ep2 SFT ep2,DPO
qwen2.5-7b_nl,ft/def/new_negatives/nl/qwen2.5_dpo_after_sft_ep2_nl_ep2_withbadformat_bcoloss,5_has_all,74.0,0.2833333333333334,0.7333333333333334,0.25,DPO (NL) ep2 SFT ep2,DPO
qwen2.5-7b_nl,ft/def/new_negatives/nl/qwen2.5_sft_lora_chat_template_nl_ep1,1_easy_no_join,13.0,0.44776119402985076,0.7647058823529411,0.35294117647058826,SFT (NL) ep1,SFT
qwen2.5-7b_nl,ft/def/new_negatives/nl/qwen2.5_sft_lora_chat_template_nl_ep1,2_medium_join,6.0,0.09523809523809525,0.43478260869565216,0.0,SFT (NL) ep1,SFT
qwen2.5-7b_nl,ft/def/new_negatives/nl/qwen2.5_sft_lora_chat_template_nl_ep1,3_has_aggr,23.0,0.0,0.41558441558441556,0.0,SFT (NL) ep1,SFT
qwen2.5-7b_nl,ft/def/new_negatives/nl/qwen2.5_sft_lora_chat_template_nl_ep1,4_has_union,125.0,0.25685425685425683,0.4789156626506024,0.18181818181818182,SFT (NL) ep1,SFT
qwen2.5-7b_nl,ft/def/new_negatives/nl/qwen2.5_sft_lora_chat_template_nl_ep1,5_has_all,74.0,0.1643835616438356,0.47488584474885853,0.1095890410958904,SFT (NL) ep1,SFT
qwen2.5-7b_nl,ft/def/new_negatives/nl/qwen2.5_sft_lora_chat_template_nl_ep2,1_easy_no_join,13.0,0.7142857142857143,0.6956521739130435,0.5915492957746479,SFT (NL) ep2,SFT
qwen2.5-7b_nl,ft/def/new_negatives/nl/qwen2.5_sft_lora_chat_template_nl_ep2,2_medium_join,6.0,0.10526315789473684,0.09523809523809522,0.0,SFT (NL) ep2,SFT
qwen2.5-7b_nl,ft/def/new_negatives/nl/qwen2.5_sft_lora_chat_template_nl_ep2,3_has_aggr,23.0,0.0,0.45,0.0,SFT (NL) ep2,SFT
qwen2.5-7b_nl,ft/def/new_negatives/nl/qwen2.5_sft_lora_chat_template_nl_ep2,4_has_union,125.0,0.2441860465116279,0.6023391812865497,0.2238372093023256,SFT (NL) ep2,SFT
qwen2.5-7b_nl,ft/def/new_negatives/nl/qwen2.5_sft_lora_chat_template_nl_ep2,5_has_all,74.0,0.1896551724137931,0.47826086956521735,0.13793103448275862,SFT (NL) ep2,SFT
qwen2.5-7b_nl,ft/def/new_negatives/sql/gemma7b_dpo_after_sft_ep1_sql_ep1_withbadformat_bcoloss,1_easy_no_join,,,,,ft/def/new_negatives/sql/gemma7b_dpo_after_sft_ep1_sql_ep1_withbadformat_bcoloss,Other
qwen2.5-7b_nl,ft/def/new_negatives/sql/gemma7b_dpo_after_sft_ep1_sql_ep1_withbadformat_bcoloss,2_medium_join,,,,,ft/def/new_negatives/sql/gemma7b_dpo_after_sft_ep1_sql_ep1_withbadformat_bcoloss,Other
qwen2.5-7b_nl,ft/def/new_negatives/sql/gemma7b_dpo_after_sft_ep1_sql_ep1_withbadformat_bcoloss,3_has_aggr,,,,,ft/def/new_negatives/sql/gemma7b_dpo_after_sft_ep1_sql_ep1_withbadformat_bcoloss,Other
qwen2.5-7b_nl,ft/def/new_negatives/sql/gemma7b_dpo_after_sft_ep1_sql_ep1_withbadformat_bcoloss,4_has_union,,,,,ft/def/new_negatives/sql/gemma7b_dpo_after_sft_ep1_sql_ep1_withbadformat_bcoloss,Other
qwen2.5-7b_nl,ft/def/new_negatives/sql/gemma7b_dpo_after_sft_ep1_sql_ep1_withbadformat_bcoloss,5_has_all,,,,,ft/def/new_negatives/sql/gemma7b_dpo_after_sft_ep1_sql_ep1_withbadformat_bcoloss,Other
qwen2.5-7b_nl,ft/def/new_negatives/sql/gemma7b_dpo_after_sft_ep1_sql_ep2_withbadformat_bcoloss,1_easy_no_join,,,,,ft/def/new_negatives/sql/gemma7b_dpo_after_sft_ep1_sql_ep2_withbadformat_bcoloss,Other
qwen2.5-7b_nl,ft/def/new_negatives/sql/gemma7b_dpo_after_sft_ep1_sql_ep2_withbadformat_bcoloss,2_medium_join,,,,,ft/def/new_negatives/sql/gemma7b_dpo_after_sft_ep1_sql_ep2_withbadformat_bcoloss,Other
qwen2.5-7b_nl,ft/def/new_negatives/sql/gemma7b_dpo_after_sft_ep1_sql_ep2_withbadformat_bcoloss,3_has_aggr,,,,,ft/def/new_negatives/sql/gemma7b_dpo_after_sft_ep1_sql_ep2_withbadformat_bcoloss,Other
qwen2.5-7b_nl,ft/def/new_negatives/sql/gemma7b_dpo_after_sft_ep1_sql_ep2_withbadformat_bcoloss,4_has_union,,,,,ft/def/new_negatives/sql/gemma7b_dpo_after_sft_ep1_sql_ep2_withbadformat_bcoloss,Other
qwen2.5-7b_nl,ft/def/new_negatives/sql/gemma7b_dpo_after_sft_ep1_sql_ep2_withbadformat_bcoloss,5_has_all,,,,,ft/def/new_negatives/sql/gemma7b_dpo_after_sft_ep1_sql_ep2_withbadformat_bcoloss,Other
qwen2.5-7b_nl,ft/def/new_negatives/sql/gemma7b_dpo_after_sft_ep2_sql_ep1_withbadformat_bcoloss,1_easy_no_join,,,,,ft/def/new_negatives/sql/gemma7b_dpo_after_sft_ep2_sql_ep1_withbadformat_bcoloss,Other
qwen2.5-7b_nl,ft/def/new_negatives/sql/gemma7b_dpo_after_sft_ep2_sql_ep1_withbadformat_bcoloss,2_medium_join,,,,,ft/def/new_negatives/sql/gemma7b_dpo_after_sft_ep2_sql_ep1_withbadformat_bcoloss,Other
qwen2.5-7b_nl,ft/def/new_negatives/sql/gemma7b_dpo_after_sft_ep2_sql_ep1_withbadformat_bcoloss,3_has_aggr,,,,,ft/def/new_negatives/sql/gemma7b_dpo_after_sft_ep2_sql_ep1_withbadformat_bcoloss,Other
qwen2.5-7b_nl,ft/def/new_negatives/sql/gemma7b_dpo_after_sft_ep2_sql_ep1_withbadformat_bcoloss,4_has_union,,,,,ft/def/new_negatives/sql/gemma7b_dpo_after_sft_ep2_sql_ep1_withbadformat_bcoloss,Other
qwen2.5-7b_nl,ft/def/new_negatives/sql/gemma7b_dpo_after_sft_ep2_sql_ep1_withbadformat_bcoloss,5_has_all,,,,,ft/def/new_negatives/sql/gemma7b_dpo_after_sft_ep2_sql_ep1_withbadformat_bcoloss,Other
qwen2.5-7b_nl,ft/def/new_negatives/sql/gemma7b_dpo_after_sft_ep2_sql_ep2_withbadformat_bcoloss,1_easy_no_join,,,,,ft/def/new_negatives/sql/gemma7b_dpo_after_sft_ep2_sql_ep2_withbadformat_bcoloss,Other
qwen2.5-7b_nl,ft/def/new_negatives/sql/gemma7b_dpo_after_sft_ep2_sql_ep2_withbadformat_bcoloss,2_medium_join,,,,,ft/def/new_negatives/sql/gemma7b_dpo_after_sft_ep2_sql_ep2_withbadformat_bcoloss,Other
qwen2.5-7b_nl,ft/def/new_negatives/sql/gemma7b_dpo_after_sft_ep2_sql_ep2_withbadformat_bcoloss,3_has_aggr,,,,,ft/def/new_negatives/sql/gemma7b_dpo_after_sft_ep2_sql_ep2_withbadformat_bcoloss,Other
qwen2.5-7b_nl,ft/def/new_negatives/sql/gemma7b_dpo_after_sft_ep2_sql_ep2_withbadformat_bcoloss,4_has_union,,,,,ft/def/new_negatives/sql/gemma7b_dpo_after_sft_ep2_sql_ep2_withbadformat_bcoloss,Other
qwen2.5-7b_nl,ft/def/new_negatives/sql/gemma7b_dpo_after_sft_ep2_sql_ep2_withbadformat_bcoloss,5_has_all,,,,,ft/def/new_negatives/sql/gemma7b_dpo_after_sft_ep2_sql_ep2_withbadformat_bcoloss,Other
qwen2.5-7b_nl,ft/def/new_negatives/sql/gemma7b_sft_lora_chat_template_sql_ep1,1_easy_no_join,,,,,ft/def/new_negatives/sql/gemma7b_sft_lora_chat_template_sql_ep1,Other
qwen2.5-7b_nl,ft/def/new_negatives/sql/gemma7b_sft_lora_chat_template_sql_ep1,2_medium_join,,,,,ft/def/new_negatives/sql/gemma7b_sft_lora_chat_template_sql_ep1,Other
qwen2.5-7b_nl,ft/def/new_negatives/sql/gemma7b_sft_lora_chat_template_sql_ep1,3_has_aggr,,,,,ft/def/new_negatives/sql/gemma7b_sft_lora_chat_template_sql_ep1,Other
qwen2.5-7b_nl,ft/def/new_negatives/sql/gemma7b_sft_lora_chat_template_sql_ep1,4_has_union,,,,,ft/def/new_negatives/sql/gemma7b_sft_lora_chat_template_sql_ep1,Other
qwen2.5-7b_nl,ft/def/new_negatives/sql/gemma7b_sft_lora_chat_template_sql_ep1,5_has_all,,,,,ft/def/new_negatives/sql/gemma7b_sft_lora_chat_template_sql_ep1,Other
qwen2.5-7b_nl,ft/def/new_negatives/sql/gemma7b_sft_lora_chat_template_sql_ep2,1_easy_no_join,,,,,ft/def/new_negatives/sql/gemma7b_sft_lora_chat_template_sql_ep2,Other
qwen2.5-7b_nl,ft/def/new_negatives/sql/gemma7b_sft_lora_chat_template_sql_ep2,2_medium_join,,,,,ft/def/new_negatives/sql/gemma7b_sft_lora_chat_template_sql_ep2,Other
qwen2.5-7b_nl,ft/def/new_negatives/sql/gemma7b_sft_lora_chat_template_sql_ep2,3_has_aggr,,,,,ft/def/new_negatives/sql/gemma7b_sft_lora_chat_template_sql_ep2,Other
qwen2.5-7b_nl,ft/def/new_negatives/sql/gemma7b_sft_lora_chat_template_sql_ep2,4_has_union,,,,,ft/def/new_negatives/sql/gemma7b_sft_lora_chat_template_sql_ep2,Other
qwen2.5-7b_nl,ft/def/new_negatives/sql/gemma7b_sft_lora_chat_template_sql_ep2,5_has_all,,,,,ft/def/new_negatives/sql/gemma7b_sft_lora_chat_template_sql_ep2,Other
qwen2.5-7b_nl,ft/def/new_negatives/sql/qwen2.5_dpo_after_sft_ep1_sql_ep1_withbadformat_bcoloss,1_easy_no_join,,,,,ft/def/new_negatives/sql/qwen2.5_dpo_after_sft_ep1_sql_ep1_withbadformat_bcoloss,Other
qwen2.5-7b_nl,ft/def/new_negatives/sql/qwen2.5_dpo_after_sft_ep1_sql_ep1_withbadformat_bcoloss,2_medium_join,,,,,ft/def/new_negatives/sql/qwen2.5_dpo_after_sft_ep1_sql_ep1_withbadformat_bcoloss,Other
qwen2.5-7b_nl,ft/def/new_negatives/sql/qwen2.5_dpo_after_sft_ep1_sql_ep1_withbadformat_bcoloss,3_has_aggr,,,,,ft/def/new_negatives/sql/qwen2.5_dpo_after_sft_ep1_sql_ep1_withbadformat_bcoloss,Other
qwen2.5-7b_nl,ft/def/new_negatives/sql/qwen2.5_dpo_after_sft_ep1_sql_ep1_withbadformat_bcoloss,4_has_union,,,,,ft/def/new_negatives/sql/qwen2.5_dpo_after_sft_ep1_sql_ep1_withbadformat_bcoloss,Other
qwen2.5-7b_nl,ft/def/new_negatives/sql/qwen2.5_dpo_after_sft_ep1_sql_ep1_withbadformat_bcoloss,5_has_all,,,,,ft/def/new_negatives/sql/qwen2.5_dpo_after_sft_ep1_sql_ep1_withbadformat_bcoloss,Other
qwen2.5-7b_nl,ft/def/new_negatives/sql/qwen2.5_dpo_after_sft_ep1_sql_ep2_withbadformat_bcoloss,1_easy_no_join,,,,,ft/def/new_negatives/sql/qwen2.5_dpo_after_sft_ep1_sql_ep2_withbadformat_bcoloss,Other
qwen2.5-7b_nl,ft/def/new_negatives/sql/qwen2.5_dpo_after_sft_ep1_sql_ep2_withbadformat_bcoloss,2_medium_join,,,,,ft/def/new_negatives/sql/qwen2.5_dpo_after_sft_ep1_sql_ep2_withbadformat_bcoloss,Other
qwen2.5-7b_nl,ft/def/new_negatives/sql/qwen2.5_dpo_after_sft_ep1_sql_ep2_withbadformat_bcoloss,3_has_aggr,,,,,ft/def/new_negatives/sql/qwen2.5_dpo_after_sft_ep1_sql_ep2_withbadformat_bcoloss,Other
qwen2.5-7b_nl,ft/def/new_negatives/sql/qwen2.5_dpo_after_sft_ep1_sql_ep2_withbadformat_bcoloss,4_has_union,,,,,ft/def/new_negatives/sql/qwen2.5_dpo_after_sft_ep1_sql_ep2_withbadformat_bcoloss,Other
qwen2.5-7b_nl,ft/def/new_negatives/sql/qwen2.5_dpo_after_sft_ep1_sql_ep2_withbadformat_bcoloss,5_has_all,,,,,ft/def/new_negatives/sql/qwen2.5_dpo_after_sft_ep1_sql_ep2_withbadformat_bcoloss,Other
qwen2.5-7b_nl,ft/def/new_negatives/sql/qwen2.5_dpo_after_sft_ep2_sql_ep1_withbadformat_bcoloss,1_easy_no_join,,,,,ft/def/new_negatives/sql/qwen2.5_dpo_after_sft_ep2_sql_ep1_withbadformat_bcoloss,Other
qwen2.5-7b_nl,ft/def/new_negatives/sql/qwen2.5_dpo_after_sft_ep2_sql_ep1_withbadformat_bcoloss,2_medium_join,,,,,ft/def/new_negatives/sql/qwen2.5_dpo_after_sft_ep2_sql_ep1_withbadformat_bcoloss,Other
qwen2.5-7b_nl,ft/def/new_negatives/sql/qwen2.5_dpo_after_sft_ep2_sql_ep1_withbadformat_bcoloss,3_has_aggr,,,,,ft/def/new_negatives/sql/qwen2.5_dpo_after_sft_ep2_sql_ep1_withbadformat_bcoloss,Other
qwen2.5-7b_nl,ft/def/new_negatives/sql/qwen2.5_dpo_after_sft_ep2_sql_ep1_withbadformat_bcoloss,4_has_union,,,,,ft/def/new_negatives/sql/qwen2.5_dpo_after_sft_ep2_sql_ep1_withbadformat_bcoloss,Other
qwen2.5-7b_nl,ft/def/new_negatives/sql/qwen2.5_dpo_after_sft_ep2_sql_ep1_withbadformat_bcoloss,5_has_all,,,,,ft/def/new_negatives/sql/qwen2.5_dpo_after_sft_ep2_sql_ep1_withbadformat_bcoloss,Other
qwen2.5-7b_nl,ft/def/new_negatives/sql/qwen2.5_dpo_after_sft_ep2_sql_ep2_withbadformat_bcoloss,1_easy_no_join,,,,,ft/def/new_negatives/sql/qwen2.5_dpo_after_sft_ep2_sql_ep2_withbadformat_bcoloss,Other
qwen2.5-7b_nl,ft/def/new_negatives/sql/qwen2.5_dpo_after_sft_ep2_sql_ep2_withbadformat_bcoloss,2_medium_join,,,,,ft/def/new_negatives/sql/qwen2.5_dpo_after_sft_ep2_sql_ep2_withbadformat_bcoloss,Other
qwen2.5-7b_nl,ft/def/new_negatives/sql/qwen2.5_dpo_after_sft_ep2_sql_ep2_withbadformat_bcoloss,3_has_aggr,,,,,ft/def/new_negatives/sql/qwen2.5_dpo_after_sft_ep2_sql_ep2_withbadformat_bcoloss,Other
qwen2.5-7b_nl,ft/def/new_negatives/sql/qwen2.5_dpo_after_sft_ep2_sql_ep2_withbadformat_bcoloss,4_has_union,,,,,ft/def/new_negatives/sql/qwen2.5_dpo_after_sft_ep2_sql_ep2_withbadformat_bcoloss,Other
qwen2.5-7b_nl,ft/def/new_negatives/sql/qwen2.5_dpo_after_sft_ep2_sql_ep2_withbadformat_bcoloss,5_has_all,,,,,ft/def/new_negatives/sql/qwen2.5_dpo_after_sft_ep2_sql_ep2_withbadformat_bcoloss,Other
qwen2.5-7b_nl,ft/def/new_negatives/sql/qwen2.5_sft_lora_chat_template_sql_ep1,1_easy_no_join,,,,,ft/def/new_negatives/sql/qwen2.5_sft_lora_chat_template_sql_ep1,Other
qwen2.5-7b_nl,ft/def/new_negatives/sql/qwen2.5_sft_lora_chat_template_sql_ep1,2_medium_join,,,,,ft/def/new_negatives/sql/qwen2.5_sft_lora_chat_template_sql_ep1,Other
qwen2.5-7b_nl,ft/def/new_negatives/sql/qwen2.5_sft_lora_chat_template_sql_ep1,3_has_aggr,,,,,ft/def/new_negatives/sql/qwen2.5_sft_lora_chat_template_sql_ep1,Other
qwen2.5-7b_nl,ft/def/new_negatives/sql/qwen2.5_sft_lora_chat_template_sql_ep1,4_has_union,,,,,ft/def/new_negatives/sql/qwen2.5_sft_lora_chat_template_sql_ep1,Other
qwen2.5-7b_nl,ft/def/new_negatives/sql/qwen2.5_sft_lora_chat_template_sql_ep1,5_has_all,,,,,ft/def/new_negatives/sql/qwen2.5_sft_lora_chat_template_sql_ep1,Other
qwen2.5-7b_nl,ft/def/new_negatives/sql/qwen2.5_sft_lora_chat_template_sql_ep2,1_easy_no_join,,,,,ft/def/new_negatives/sql/qwen2.5_sft_lora_chat_template_sql_ep2,Other
qwen2.5-7b_nl,ft/def/new_negatives/sql/qwen2.5_sft_lora_chat_template_sql_ep2,2_medium_join,,,,,ft/def/new_negatives/sql/qwen2.5_sft_lora_chat_template_sql_ep2,Other
qwen2.5-7b_nl,ft/def/new_negatives/sql/qwen2.5_sft_lora_chat_template_sql_ep2,3_has_aggr,,,,,ft/def/new_negatives/sql/qwen2.5_sft_lora_chat_template_sql_ep2,Other
qwen2.5-7b_nl,ft/def/new_negatives/sql/qwen2.5_sft_lora_chat_template_sql_ep2,4_has_union,,,,,ft/def/new_negatives/sql/qwen2.5_sft_lora_chat_template_sql_ep2,Other
qwen2.5-7b_nl,ft/def/new_negatives/sql/qwen2.5_sft_lora_chat_template_sql_ep2,5_has_all,,,,,ft/def/new_negatives/sql/qwen2.5_sft_lora_chat_template_sql_ep2,Other
qwen2.5-7b_nl,ft/new_negatives/nl/llama3_8b_dpo_after_sft_ep1_nl_ep1_withbadformat_bcoloss,1_easy_no_join,,,,,ft/new_negatives/nl/llama3_8b_dpo_after_sft_ep1_nl_ep1_withbadformat_bcoloss,Other
qwen2.5-7b_nl,ft/new_negatives/nl/llama3_8b_dpo_after_sft_ep1_nl_ep1_withbadformat_bcoloss,2_medium_join,,,,,ft/new_negatives/nl/llama3_8b_dpo_after_sft_ep1_nl_ep1_withbadformat_bcoloss,Other
qwen2.5-7b_nl,ft/new_negatives/nl/llama3_8b_dpo_after_sft_ep1_nl_ep1_withbadformat_bcoloss,3_has_aggr,,,,,ft/new_negatives/nl/llama3_8b_dpo_after_sft_ep1_nl_ep1_withbadformat_bcoloss,Other
qwen2.5-7b_nl,ft/new_negatives/nl/llama3_8b_dpo_after_sft_ep1_nl_ep1_withbadformat_bcoloss,4_has_union,,,,,ft/new_negatives/nl/llama3_8b_dpo_after_sft_ep1_nl_ep1_withbadformat_bcoloss,Other
qwen2.5-7b_nl,ft/new_negatives/nl/llama3_8b_dpo_after_sft_ep1_nl_ep1_withbadformat_bcoloss,5_has_all,,,,,ft/new_negatives/nl/llama3_8b_dpo_after_sft_ep1_nl_ep1_withbadformat_bcoloss,Other
qwen2.5-7b_nl,ft/new_negatives/nl/llama3_8b_dpo_after_sft_ep1_nl_ep2_withbadformat_bcoloss,1_easy_no_join,,,,,ft/new_negatives/nl/llama3_8b_dpo_after_sft_ep1_nl_ep2_withbadformat_bcoloss,Other
qwen2.5-7b_nl,ft/new_negatives/nl/llama3_8b_dpo_after_sft_ep1_nl_ep2_withbadformat_bcoloss,2_medium_join,,,,,ft/new_negatives/nl/llama3_8b_dpo_after_sft_ep1_nl_ep2_withbadformat_bcoloss,Other
qwen2.5-7b_nl,ft/new_negatives/nl/llama3_8b_dpo_after_sft_ep1_nl_ep2_withbadformat_bcoloss,3_has_aggr,,,,,ft/new_negatives/nl/llama3_8b_dpo_after_sft_ep1_nl_ep2_withbadformat_bcoloss,Other
qwen2.5-7b_nl,ft/new_negatives/nl/llama3_8b_dpo_after_sft_ep1_nl_ep2_withbadformat_bcoloss,4_has_union,,,,,ft/new_negatives/nl/llama3_8b_dpo_after_sft_ep1_nl_ep2_withbadformat_bcoloss,Other
qwen2.5-7b_nl,ft/new_negatives/nl/llama3_8b_dpo_after_sft_ep1_nl_ep2_withbadformat_bcoloss,5_has_all,,,,,ft/new_negatives/nl/llama3_8b_dpo_after_sft_ep1_nl_ep2_withbadformat_bcoloss,Other
qwen2.5-7b_nl,ft/new_negatives/nl/llama3_8b_dpo_after_sft_ep2_nl_ep1_withbadformat_bcoloss,1_easy_no_join,,,,,ft/new_negatives/nl/llama3_8b_dpo_after_sft_ep2_nl_ep1_withbadformat_bcoloss,Other
qwen2.5-7b_nl,ft/new_negatives/nl/llama3_8b_dpo_after_sft_ep2_nl_ep1_withbadformat_bcoloss,2_medium_join,,,,,ft/new_negatives/nl/llama3_8b_dpo_after_sft_ep2_nl_ep1_withbadformat_bcoloss,Other
qwen2.5-7b_nl,ft/new_negatives/nl/llama3_8b_dpo_after_sft_ep2_nl_ep1_withbadformat_bcoloss,3_has_aggr,,,,,ft/new_negatives/nl/llama3_8b_dpo_after_sft_ep2_nl_ep1_withbadformat_bcoloss,Other
qwen2.5-7b_nl,ft/new_negatives/nl/llama3_8b_dpo_after_sft_ep2_nl_ep1_withbadformat_bcoloss,4_has_union,,,,,ft/new_negatives/nl/llama3_8b_dpo_after_sft_ep2_nl_ep1_withbadformat_bcoloss,Other
qwen2.5-7b_nl,ft/new_negatives/nl/llama3_8b_dpo_after_sft_ep2_nl_ep1_withbadformat_bcoloss,5_has_all,,,,,ft/new_negatives/nl/llama3_8b_dpo_after_sft_ep2_nl_ep1_withbadformat_bcoloss,Other
qwen2.5-7b_nl,ft/new_negatives/nl/llama3_8b_dpo_after_sft_ep2_nl_ep2_withbadformat_bcoloss,1_easy_no_join,,,,,ft/new_negatives/nl/llama3_8b_dpo_after_sft_ep2_nl_ep2_withbadformat_bcoloss,Other
qwen2.5-7b_nl,ft/new_negatives/nl/llama3_8b_dpo_after_sft_ep2_nl_ep2_withbadformat_bcoloss,2_medium_join,,,,,ft/new_negatives/nl/llama3_8b_dpo_after_sft_ep2_nl_ep2_withbadformat_bcoloss,Other
qwen2.5-7b_nl,ft/new_negatives/nl/llama3_8b_dpo_after_sft_ep2_nl_ep2_withbadformat_bcoloss,3_has_aggr,,,,,ft/new_negatives/nl/llama3_8b_dpo_after_sft_ep2_nl_ep2_withbadformat_bcoloss,Other
qwen2.5-7b_nl,ft/new_negatives/nl/llama3_8b_dpo_after_sft_ep2_nl_ep2_withbadformat_bcoloss,4_has_union,,,,,ft/new_negatives/nl/llama3_8b_dpo_after_sft_ep2_nl_ep2_withbadformat_bcoloss,Other
qwen2.5-7b_nl,ft/new_negatives/nl/llama3_8b_dpo_after_sft_ep2_nl_ep2_withbadformat_bcoloss,5_has_all,,,,,ft/new_negatives/nl/llama3_8b_dpo_after_sft_ep2_nl_ep2_withbadformat_bcoloss,Other
qwen2.5-7b_nl,ft/new_negatives/nl/llama3_8b_sft_lora_chat_template_nl_ep1,1_easy_no_join,,,,,ft/new_negatives/nl/llama3_8b_sft_lora_chat_template_nl_ep1,Other
qwen2.5-7b_nl,ft/new_negatives/nl/llama3_8b_sft_lora_chat_template_nl_ep1,2_medium_join,,,,,ft/new_negatives/nl/llama3_8b_sft_lora_chat_template_nl_ep1,Other
qwen2.5-7b_nl,ft/new_negatives/nl/llama3_8b_sft_lora_chat_template_nl_ep1,3_has_aggr,,,,,ft/new_negatives/nl/llama3_8b_sft_lora_chat_template_nl_ep1,Other
qwen2.5-7b_nl,ft/new_negatives/nl/llama3_8b_sft_lora_chat_template_nl_ep1,4_has_union,,,,,ft/new_negatives/nl/llama3_8b_sft_lora_chat_template_nl_ep1,Other
qwen2.5-7b_nl,ft/new_negatives/nl/llama3_8b_sft_lora_chat_template_nl_ep1,5_has_all,,,,,ft/new_negatives/nl/llama3_8b_sft_lora_chat_template_nl_ep1,Other
qwen2.5-7b_nl,ft/new_negatives/nl/llama3_8b_sft_lora_chat_template_nl_ep2,1_easy_no_join,,,,,ft/new_negatives/nl/llama3_8b_sft_lora_chat_template_nl_ep2,Other
qwen2.5-7b_nl,ft/new_negatives/nl/llama3_8b_sft_lora_chat_template_nl_ep2,2_medium_join,,,,,ft/new_negatives/nl/llama3_8b_sft_lora_chat_template_nl_ep2,Other
qwen2.5-7b_nl,ft/new_negatives/nl/llama3_8b_sft_lora_chat_template_nl_ep2,3_has_aggr,,,,,ft/new_negatives/nl/llama3_8b_sft_lora_chat_template_nl_ep2,Other
qwen2.5-7b_nl,ft/new_negatives/nl/llama3_8b_sft_lora_chat_template_nl_ep2,4_has_union,,,,,ft/new_negatives/nl/llama3_8b_sft_lora_chat_template_nl_ep2,Other
qwen2.5-7b_nl,ft/new_negatives/nl/llama3_8b_sft_lora_chat_template_nl_ep2,5_has_all,,,,,ft/new_negatives/nl/llama3_8b_sft_lora_chat_template_nl_ep2,Other
qwen2.5-7b_nl,ft/new_negatives/sql/llama3_8b_dpo_after_sft_ep1_sql_ep1_withbadformat_bcoloss,1_easy_no_join,,,,,ft/new_negatives/sql/llama3_8b_dpo_after_sft_ep1_sql_ep1_withbadformat_bcoloss,Other
qwen2.5-7b_nl,ft/new_negatives/sql/llama3_8b_dpo_after_sft_ep1_sql_ep1_withbadformat_bcoloss,2_medium_join,,,,,ft/new_negatives/sql/llama3_8b_dpo_after_sft_ep1_sql_ep1_withbadformat_bcoloss,Other
qwen2.5-7b_nl,ft/new_negatives/sql/llama3_8b_dpo_after_sft_ep1_sql_ep1_withbadformat_bcoloss,3_has_aggr,,,,,ft/new_negatives/sql/llama3_8b_dpo_after_sft_ep1_sql_ep1_withbadformat_bcoloss,Other
qwen2.5-7b_nl,ft/new_negatives/sql/llama3_8b_dpo_after_sft_ep1_sql_ep1_withbadformat_bcoloss,4_has_union,,,,,ft/new_negatives/sql/llama3_8b_dpo_after_sft_ep1_sql_ep1_withbadformat_bcoloss,Other
qwen2.5-7b_nl,ft/new_negatives/sql/llama3_8b_dpo_after_sft_ep1_sql_ep1_withbadformat_bcoloss,5_has_all,,,,,ft/new_negatives/sql/llama3_8b_dpo_after_sft_ep1_sql_ep1_withbadformat_bcoloss,Other
qwen2.5-7b_nl,ft/new_negatives/sql/llama3_8b_dpo_after_sft_ep1_sql_ep2_withbadformat_bcoloss,1_easy_no_join,,,,,ft/new_negatives/sql/llama3_8b_dpo_after_sft_ep1_sql_ep2_withbadformat_bcoloss,Other
qwen2.5-7b_nl,ft/new_negatives/sql/llama3_8b_dpo_after_sft_ep1_sql_ep2_withbadformat_bcoloss,2_medium_join,,,,,ft/new_negatives/sql/llama3_8b_dpo_after_sft_ep1_sql_ep2_withbadformat_bcoloss,Other
qwen2.5-7b_nl,ft/new_negatives/sql/llama3_8b_dpo_after_sft_ep1_sql_ep2_withbadformat_bcoloss,3_has_aggr,,,,,ft/new_negatives/sql/llama3_8b_dpo_after_sft_ep1_sql_ep2_withbadformat_bcoloss,Other
qwen2.5-7b_nl,ft/new_negatives/sql/llama3_8b_dpo_after_sft_ep1_sql_ep2_withbadformat_bcoloss,4_has_union,,,,,ft/new_negatives/sql/llama3_8b_dpo_after_sft_ep1_sql_ep2_withbadformat_bcoloss,Other
qwen2.5-7b_nl,ft/new_negatives/sql/llama3_8b_dpo_after_sft_ep1_sql_ep2_withbadformat_bcoloss,5_has_all,,,,,ft/new_negatives/sql/llama3_8b_dpo_after_sft_ep1_sql_ep2_withbadformat_bcoloss,Other
qwen2.5-7b_nl,ft/new_negatives/sql/llama3_8b_dpo_after_sft_ep2_sql_ep1_withbadformat_bcoloss,1_easy_no_join,,,,,ft/new_negatives/sql/llama3_8b_dpo_after_sft_ep2_sql_ep1_withbadformat_bcoloss,Other
qwen2.5-7b_nl,ft/new_negatives/sql/llama3_8b_dpo_after_sft_ep2_sql_ep1_withbadformat_bcoloss,2_medium_join,,,,,ft/new_negatives/sql/llama3_8b_dpo_after_sft_ep2_sql_ep1_withbadformat_bcoloss,Other
qwen2.5-7b_nl,ft/new_negatives/sql/llama3_8b_dpo_after_sft_ep2_sql_ep1_withbadformat_bcoloss,3_has_aggr,,,,,ft/new_negatives/sql/llama3_8b_dpo_after_sft_ep2_sql_ep1_withbadformat_bcoloss,Other
qwen2.5-7b_nl,ft/new_negatives/sql/llama3_8b_dpo_after_sft_ep2_sql_ep1_withbadformat_bcoloss,4_has_union,,,,,ft/new_negatives/sql/llama3_8b_dpo_after_sft_ep2_sql_ep1_withbadformat_bcoloss,Other
qwen2.5-7b_nl,ft/new_negatives/sql/llama3_8b_dpo_after_sft_ep2_sql_ep1_withbadformat_bcoloss,5_has_all,,,,,ft/new_negatives/sql/llama3_8b_dpo_after_sft_ep2_sql_ep1_withbadformat_bcoloss,Other
qwen2.5-7b_nl,ft/new_negatives/sql/llama3_8b_dpo_after_sft_ep2_sql_ep2_withbadformat_bcoloss,1_easy_no_join,,,,,ft/new_negatives/sql/llama3_8b_dpo_after_sft_ep2_sql_ep2_withbadformat_bcoloss,Other
qwen2.5-7b_nl,ft/new_negatives/sql/llama3_8b_dpo_after_sft_ep2_sql_ep2_withbadformat_bcoloss,2_medium_join,,,,,ft/new_negatives/sql/llama3_8b_dpo_after_sft_ep2_sql_ep2_withbadformat_bcoloss,Other
qwen2.5-7b_nl,ft/new_negatives/sql/llama3_8b_dpo_after_sft_ep2_sql_ep2_withbadformat_bcoloss,3_has_aggr,,,,,ft/new_negatives/sql/llama3_8b_dpo_after_sft_ep2_sql_ep2_withbadformat_bcoloss,Other
qwen2.5-7b_nl,ft/new_negatives/sql/llama3_8b_dpo_after_sft_ep2_sql_ep2_withbadformat_bcoloss,4_has_union,,,,,ft/new_negatives/sql/llama3_8b_dpo_after_sft_ep2_sql_ep2_withbadformat_bcoloss,Other
qwen2.5-7b_nl,ft/new_negatives/sql/llama3_8b_dpo_after_sft_ep2_sql_ep2_withbadformat_bcoloss,5_has_all,,,,,ft/new_negatives/sql/llama3_8b_dpo_after_sft_ep2_sql_ep2_withbadformat_bcoloss,Other
qwen2.5-7b_nl,ft/new_negatives/sql/llama3_8b_sft_lora_chat_template_sql_ep1,1_easy_no_join,,,,,ft/new_negatives/sql/llama3_8b_sft_lora_chat_template_sql_ep1,Other
qwen2.5-7b_nl,ft/new_negatives/sql/llama3_8b_sft_lora_chat_template_sql_ep1,2_medium_join,,,,,ft/new_negatives/sql/llama3_8b_sft_lora_chat_template_sql_ep1,Other
qwen2.5-7b_nl,ft/new_negatives/sql/llama3_8b_sft_lora_chat_template_sql_ep1,3_has_aggr,,,,,ft/new_negatives/sql/llama3_8b_sft_lora_chat_template_sql_ep1,Other
qwen2.5-7b_nl,ft/new_negatives/sql/llama3_8b_sft_lora_chat_template_sql_ep1,4_has_union,,,,,ft/new_negatives/sql/llama3_8b_sft_lora_chat_template_sql_ep1,Other
qwen2.5-7b_nl,ft/new_negatives/sql/llama3_8b_sft_lora_chat_template_sql_ep1,5_has_all,,,,,ft/new_negatives/sql/llama3_8b_sft_lora_chat_template_sql_ep1,Other
qwen2.5-7b_nl,ft/new_negatives/sql/llama3_8b_sft_lora_chat_template_sql_ep2,1_easy_no_join,,,,,ft/new_negatives/sql/llama3_8b_sft_lora_chat_template_sql_ep2,Other
qwen2.5-7b_nl,ft/new_negatives/sql/llama3_8b_sft_lora_chat_template_sql_ep2,2_medium_join,,,,,ft/new_negatives/sql/llama3_8b_sft_lora_chat_template_sql_ep2,Other
qwen2.5-7b_nl,ft/new_negatives/sql/llama3_8b_sft_lora_chat_template_sql_ep2,3_has_aggr,,,,,ft/new_negatives/sql/llama3_8b_sft_lora_chat_template_sql_ep2,Other
qwen2.5-7b_nl,ft/new_negatives/sql/llama3_8b_sft_lora_chat_template_sql_ep2,4_has_union,,,,,ft/new_negatives/sql/llama3_8b_sft_lora_chat_template_sql_ep2,Other
qwen2.5-7b_nl,ft/new_negatives/sql/llama3_8b_sft_lora_chat_template_sql_ep2,5_has_all,,,,,ft/new_negatives/sql/llama3_8b_sft_lora_chat_template_sql_ep2,Other
qwen2.5-7b_sql,base/nl,1_easy_no_join,,,,,base/nl,Base
qwen2.5-7b_sql,base/nl,2_medium_join,,,,,base/nl,Base
qwen2.5-7b_sql,base/nl,3_has_aggr,,,,,base/nl,Base
qwen2.5-7b_sql,base/nl,4_has_union,,,,,base/nl,Base
qwen2.5-7b_sql,base/nl,5_has_all,,,,,base/nl,Base
qwen2.5-7b_sql,base/sql,1_easy_no_join,13.0,0.48387096774193544,0.5901639344262295,0.25,Base (SQL),Base
qwen2.5-7b_sql,base/sql,2_medium_join,6.0,0.2,0.09090909090909091,0.09090909090909091,Base (SQL),Base
qwen2.5-7b_sql,base/sql,3_has_aggr,23.0,0.0,0.36363636363636365,0.0,Base (SQL),Base
qwen2.5-7b_sql,base/sql,4_has_union,125.0,0.7044776119402986,0.4334470989761092,0.32344213649851633,Base (SQL),Base
qwen2.5-7b_sql,base/sql,5_has_all,74.0,0.34375,0.21875,0.16666666666666666,Base (SQL),Base
qwen2.5-7b_sql,ft/def/new_negatives/nl/gemma7b_dpo_after_sft_ep1_nl_ep1_withbadformat_bcoloss,1_easy_no_join,,,,,ft/def/new_negatives/nl/gemma7b_dpo_after_sft_ep1_nl_ep1_withbadformat_bcoloss,Other
qwen2.5-7b_sql,ft/def/new_negatives/nl/gemma7b_dpo_after_sft_ep1_nl_ep1_withbadformat_bcoloss,2_medium_join,,,,,ft/def/new_negatives/nl/gemma7b_dpo_after_sft_ep1_nl_ep1_withbadformat_bcoloss,Other
qwen2.5-7b_sql,ft/def/new_negatives/nl/gemma7b_dpo_after_sft_ep1_nl_ep1_withbadformat_bcoloss,3_has_aggr,,,,,ft/def/new_negatives/nl/gemma7b_dpo_after_sft_ep1_nl_ep1_withbadformat_bcoloss,Other
qwen2.5-7b_sql,ft/def/new_negatives/nl/gemma7b_dpo_after_sft_ep1_nl_ep1_withbadformat_bcoloss,4_has_union,,,,,ft/def/new_negatives/nl/gemma7b_dpo_after_sft_ep1_nl_ep1_withbadformat_bcoloss,Other
qwen2.5-7b_sql,ft/def/new_negatives/nl/gemma7b_dpo_after_sft_ep1_nl_ep1_withbadformat_bcoloss,5_has_all,,,,,ft/def/new_negatives/nl/gemma7b_dpo_after_sft_ep1_nl_ep1_withbadformat_bcoloss,Other
qwen2.5-7b_sql,ft/def/new_negatives/nl/gemma7b_dpo_after_sft_ep1_nl_ep2_withbadformat_bcoloss,1_easy_no_join,,,,,ft/def/new_negatives/nl/gemma7b_dpo_after_sft_ep1_nl_ep2_withbadformat_bcoloss,Other
qwen2.5-7b_sql,ft/def/new_negatives/nl/gemma7b_dpo_after_sft_ep1_nl_ep2_withbadformat_bcoloss,2_medium_join,,,,,ft/def/new_negatives/nl/gemma7b_dpo_after_sft_ep1_nl_ep2_withbadformat_bcoloss,Other
qwen2.5-7b_sql,ft/def/new_negatives/nl/gemma7b_dpo_after_sft_ep1_nl_ep2_withbadformat_bcoloss,3_has_aggr,,,,,ft/def/new_negatives/nl/gemma7b_dpo_after_sft_ep1_nl_ep2_withbadformat_bcoloss,Other
qwen2.5-7b_sql,ft/def/new_negatives/nl/gemma7b_dpo_after_sft_ep1_nl_ep2_withbadformat_bcoloss,4_has_union,,,,,ft/def/new_negatives/nl/gemma7b_dpo_after_sft_ep1_nl_ep2_withbadformat_bcoloss,Other
qwen2.5-7b_sql,ft/def/new_negatives/nl/gemma7b_dpo_after_sft_ep1_nl_ep2_withbadformat_bcoloss,5_has_all,,,,,ft/def/new_negatives/nl/gemma7b_dpo_after_sft_ep1_nl_ep2_withbadformat_bcoloss,Other
qwen2.5-7b_sql,ft/def/new_negatives/nl/gemma7b_dpo_after_sft_ep2_nl_ep1_withbadformat_bcoloss,1_easy_no_join,,,,,ft/def/new_negatives/nl/gemma7b_dpo_after_sft_ep2_nl_ep1_withbadformat_bcoloss,Other
qwen2.5-7b_sql,ft/def/new_negatives/nl/gemma7b_dpo_after_sft_ep2_nl_ep1_withbadformat_bcoloss,2_medium_join,,,,,ft/def/new_negatives/nl/gemma7b_dpo_after_sft_ep2_nl_ep1_withbadformat_bcoloss,Other
qwen2.5-7b_sql,ft/def/new_negatives/nl/gemma7b_dpo_after_sft_ep2_nl_ep1_withbadformat_bcoloss,3_has_aggr,,,,,ft/def/new_negatives/nl/gemma7b_dpo_after_sft_ep2_nl_ep1_withbadformat_bcoloss,Other
qwen2.5-7b_sql,ft/def/new_negatives/nl/gemma7b_dpo_after_sft_ep2_nl_ep1_withbadformat_bcoloss,4_has_union,,,,,ft/def/new_negatives/nl/gemma7b_dpo_after_sft_ep2_nl_ep1_withbadformat_bcoloss,Other
qwen2.5-7b_sql,ft/def/new_negatives/nl/gemma7b_dpo_after_sft_ep2_nl_ep1_withbadformat_bcoloss,5_has_all,,,,,ft/def/new_negatives/nl/gemma7b_dpo_after_sft_ep2_nl_ep1_withbadformat_bcoloss,Other
qwen2.5-7b_sql,ft/def/new_negatives/nl/gemma7b_dpo_after_sft_ep2_nl_ep2_withbadformat_bcoloss,1_easy_no_join,,,,,ft/def/new_negatives/nl/gemma7b_dpo_after_sft_ep2_nl_ep2_withbadformat_bcoloss,Other
qwen2.5-7b_sql,ft/def/new_negatives/nl/gemma7b_dpo_after_sft_ep2_nl_ep2_withbadformat_bcoloss,2_medium_join,,,,,ft/def/new_negatives/nl/gemma7b_dpo_after_sft_ep2_nl_ep2_withbadformat_bcoloss,Other
qwen2.5-7b_sql,ft/def/new_negatives/nl/gemma7b_dpo_after_sft_ep2_nl_ep2_withbadformat_bcoloss,3_has_aggr,,,,,ft/def/new_negatives/nl/gemma7b_dpo_after_sft_ep2_nl_ep2_withbadformat_bcoloss,Other
qwen2.5-7b_sql,ft/def/new_negatives/nl/gemma7b_dpo_after_sft_ep2_nl_ep2_withbadformat_bcoloss,4_has_union,,,,,ft/def/new_negatives/nl/gemma7b_dpo_after_sft_ep2_nl_ep2_withbadformat_bcoloss,Other
qwen2.5-7b_sql,ft/def/new_negatives/nl/gemma7b_dpo_after_sft_ep2_nl_ep2_withbadformat_bcoloss,5_has_all,,,,,ft/def/new_negatives/nl/gemma7b_dpo_after_sft_ep2_nl_ep2_withbadformat_bcoloss,Other
qwen2.5-7b_sql,ft/def/new_negatives/nl/gemma7b_sft_lora_chat_template_nl_ep1,1_easy_no_join,,,,,ft/def/new_negatives/nl/gemma7b_sft_lora_chat_template_nl_ep1,Other
qwen2.5-7b_sql,ft/def/new_negatives/nl/gemma7b_sft_lora_chat_template_nl_ep1,2_medium_join,,,,,ft/def/new_negatives/nl/gemma7b_sft_lora_chat_template_nl_ep1,Other
qwen2.5-7b_sql,ft/def/new_negatives/nl/gemma7b_sft_lora_chat_template_nl_ep1,3_has_aggr,,,,,ft/def/new_negatives/nl/gemma7b_sft_lora_chat_template_nl_ep1,Other
qwen2.5-7b_sql,ft/def/new_negatives/nl/gemma7b_sft_lora_chat_template_nl_ep1,4_has_union,,,,,ft/def/new_negatives/nl/gemma7b_sft_lora_chat_template_nl_ep1,Other
qwen2.5-7b_sql,ft/def/new_negatives/nl/gemma7b_sft_lora_chat_template_nl_ep1,5_has_all,,,,,ft/def/new_negatives/nl/gemma7b_sft_lora_chat_template_nl_ep1,Other
qwen2.5-7b_sql,ft/def/new_negatives/nl/gemma7b_sft_lora_chat_template_nl_ep2,1_easy_no_join,,,,,ft/def/new_negatives/nl/gemma7b_sft_lora_chat_template_nl_ep2,Other
qwen2.5-7b_sql,ft/def/new_negatives/nl/gemma7b_sft_lora_chat_template_nl_ep2,2_medium_join,,,,,ft/def/new_negatives/nl/gemma7b_sft_lora_chat_template_nl_ep2,Other
qwen2.5-7b_sql,ft/def/new_negatives/nl/gemma7b_sft_lora_chat_template_nl_ep2,3_has_aggr,,,,,ft/def/new_negatives/nl/gemma7b_sft_lora_chat_template_nl_ep2,Other
qwen2.5-7b_sql,ft/def/new_negatives/nl/gemma7b_sft_lora_chat_template_nl_ep2,4_has_union,,,,,ft/def/new_negatives/nl/gemma7b_sft_lora_chat_template_nl_ep2,Other
qwen2.5-7b_sql,ft/def/new_negatives/nl/gemma7b_sft_lora_chat_template_nl_ep2,5_has_all,,,,,ft/def/new_negatives/nl/gemma7b_sft_lora_chat_template_nl_ep2,Other
qwen2.5-7b_sql,ft/def/new_negatives/nl/qwen2.5_dpo_after_sft_ep1_nl_ep1_withbadformat_bcoloss,1_easy_no_join,,,,,ft/def/new_negatives/nl/qwen2.5_dpo_after_sft_ep1_nl_ep1_withbadformat_bcoloss,Other
qwen2.5-7b_sql,ft/def/new_negatives/nl/qwen2.5_dpo_after_sft_ep1_nl_ep1_withbadformat_bcoloss,2_medium_join,,,,,ft/def/new_negatives/nl/qwen2.5_dpo_after_sft_ep1_nl_ep1_withbadformat_bcoloss,Other
qwen2.5-7b_sql,ft/def/new_negatives/nl/qwen2.5_dpo_after_sft_ep1_nl_ep1_withbadformat_bcoloss,3_has_aggr,,,,,ft/def/new_negatives/nl/qwen2.5_dpo_after_sft_ep1_nl_ep1_withbadformat_bcoloss,Other
qwen2.5-7b_sql,ft/def/new_negatives/nl/qwen2.5_dpo_after_sft_ep1_nl_ep1_withbadformat_bcoloss,4_has_union,,,,,ft/def/new_negatives/nl/qwen2.5_dpo_after_sft_ep1_nl_ep1_withbadformat_bcoloss,Other
qwen2.5-7b_sql,ft/def/new_negatives/nl/qwen2.5_dpo_after_sft_ep1_nl_ep1_withbadformat_bcoloss,5_has_all,,,,,ft/def/new_negatives/nl/qwen2.5_dpo_after_sft_ep1_nl_ep1_withbadformat_bcoloss,Other
qwen2.5-7b_sql,ft/def/new_negatives/nl/qwen2.5_dpo_after_sft_ep1_nl_ep2_withbadformat_bcoloss,1_easy_no_join,,,,,ft/def/new_negatives/nl/qwen2.5_dpo_after_sft_ep1_nl_ep2_withbadformat_bcoloss,Other
qwen2.5-7b_sql,ft/def/new_negatives/nl/qwen2.5_dpo_after_sft_ep1_nl_ep2_withbadformat_bcoloss,2_medium_join,,,,,ft/def/new_negatives/nl/qwen2.5_dpo_after_sft_ep1_nl_ep2_withbadformat_bcoloss,Other
qwen2.5-7b_sql,ft/def/new_negatives/nl/qwen2.5_dpo_after_sft_ep1_nl_ep2_withbadformat_bcoloss,3_has_aggr,,,,,ft/def/new_negatives/nl/qwen2.5_dpo_after_sft_ep1_nl_ep2_withbadformat_bcoloss,Other
qwen2.5-7b_sql,ft/def/new_negatives/nl/qwen2.5_dpo_after_sft_ep1_nl_ep2_withbadformat_bcoloss,4_has_union,,,,,ft/def/new_negatives/nl/qwen2.5_dpo_after_sft_ep1_nl_ep2_withbadformat_bcoloss,Other
qwen2.5-7b_sql,ft/def/new_negatives/nl/qwen2.5_dpo_after_sft_ep1_nl_ep2_withbadformat_bcoloss,5_has_all,,,,,ft/def/new_negatives/nl/qwen2.5_dpo_after_sft_ep1_nl_ep2_withbadformat_bcoloss,Other
qwen2.5-7b_sql,ft/def/new_negatives/nl/qwen2.5_dpo_after_sft_ep2_nl_ep1_withbadformat_bcoloss,1_easy_no_join,,,,,ft/def/new_negatives/nl/qwen2.5_dpo_after_sft_ep2_nl_ep1_withbadformat_bcoloss,Other
qwen2.5-7b_sql,ft/def/new_negatives/nl/qwen2.5_dpo_after_sft_ep2_nl_ep1_withbadformat_bcoloss,2_medium_join,,,,,ft/def/new_negatives/nl/qwen2.5_dpo_after_sft_ep2_nl_ep1_withbadformat_bcoloss,Other
qwen2.5-7b_sql,ft/def/new_negatives/nl/qwen2.5_dpo_after_sft_ep2_nl_ep1_withbadformat_bcoloss,3_has_aggr,,,,,ft/def/new_negatives/nl/qwen2.5_dpo_after_sft_ep2_nl_ep1_withbadformat_bcoloss,Other
qwen2.5-7b_sql,ft/def/new_negatives/nl/qwen2.5_dpo_after_sft_ep2_nl_ep1_withbadformat_bcoloss,4_has_union,,,,,ft/def/new_negatives/nl/qwen2.5_dpo_after_sft_ep2_nl_ep1_withbadformat_bcoloss,Other
qwen2.5-7b_sql,ft/def/new_negatives/nl/qwen2.5_dpo_after_sft_ep2_nl_ep1_withbadformat_bcoloss,5_has_all,,,,,ft/def/new_negatives/nl/qwen2.5_dpo_after_sft_ep2_nl_ep1_withbadformat_bcoloss,Other
qwen2.5-7b_sql,ft/def/new_negatives/nl/qwen2.5_dpo_after_sft_ep2_nl_ep2_withbadformat_bcoloss,1_easy_no_join,,,,,ft/def/new_negatives/nl/qwen2.5_dpo_after_sft_ep2_nl_ep2_withbadformat_bcoloss,Other
qwen2.5-7b_sql,ft/def/new_negatives/nl/qwen2.5_dpo_after_sft_ep2_nl_ep2_withbadformat_bcoloss,2_medium_join,,,,,ft/def/new_negatives/nl/qwen2.5_dpo_after_sft_ep2_nl_ep2_withbadformat_bcoloss,Other
qwen2.5-7b_sql,ft/def/new_negatives/nl/qwen2.5_dpo_after_sft_ep2_nl_ep2_withbadformat_bcoloss,3_has_aggr,,,,,ft/def/new_negatives/nl/qwen2.5_dpo_after_sft_ep2_nl_ep2_withbadformat_bcoloss,Other
qwen2.5-7b_sql,ft/def/new_negatives/nl/qwen2.5_dpo_after_sft_ep2_nl_ep2_withbadformat_bcoloss,4_has_union,,,,,ft/def/new_negatives/nl/qwen2.5_dpo_after_sft_ep2_nl_ep2_withbadformat_bcoloss,Other
qwen2.5-7b_sql,ft/def/new_negatives/nl/qwen2.5_dpo_after_sft_ep2_nl_ep2_withbadformat_bcoloss,5_has_all,,,,,ft/def/new_negatives/nl/qwen2.5_dpo_after_sft_ep2_nl_ep2_withbadformat_bcoloss,Other
qwen2.5-7b_sql,ft/def/new_negatives/nl/qwen2.5_sft_lora_chat_template_nl_ep1,1_easy_no_join,,,,,ft/def/new_negatives/nl/qwen2.5_sft_lora_chat_template_nl_ep1,Other
qwen2.5-7b_sql,ft/def/new_negatives/nl/qwen2.5_sft_lora_chat_template_nl_ep1,2_medium_join,,,,,ft/def/new_negatives/nl/qwen2.5_sft_lora_chat_template_nl_ep1,Other
qwen2.5-7b_sql,ft/def/new_negatives/nl/qwen2.5_sft_lora_chat_template_nl_ep1,3_has_aggr,,,,,ft/def/new_negatives/nl/qwen2.5_sft_lora_chat_template_nl_ep1,Other
qwen2.5-7b_sql,ft/def/new_negatives/nl/qwen2.5_sft_lora_chat_template_nl_ep1,4_has_union,,,,,ft/def/new_negatives/nl/qwen2.5_sft_lora_chat_template_nl_ep1,Other
qwen2.5-7b_sql,ft/def/new_negatives/nl/qwen2.5_sft_lora_chat_template_nl_ep1,5_has_all,,,,,ft/def/new_negatives/nl/qwen2.5_sft_lora_chat_template_nl_ep1,Other
qwen2.5-7b_sql,ft/def/new_negatives/nl/qwen2.5_sft_lora_chat_template_nl_ep2,1_easy_no_join,,,,,ft/def/new_negatives/nl/qwen2.5_sft_lora_chat_template_nl_ep2,Other
qwen2.5-7b_sql,ft/def/new_negatives/nl/qwen2.5_sft_lora_chat_template_nl_ep2,2_medium_join,,,,,ft/def/new_negatives/nl/qwen2.5_sft_lora_chat_template_nl_ep2,Other
qwen2.5-7b_sql,ft/def/new_negatives/nl/qwen2.5_sft_lora_chat_template_nl_ep2,3_has_aggr,,,,,ft/def/new_negatives/nl/qwen2.5_sft_lora_chat_template_nl_ep2,Other
qwen2.5-7b_sql,ft/def/new_negatives/nl/qwen2.5_sft_lora_chat_template_nl_ep2,4_has_union,,,,,ft/def/new_negatives/nl/qwen2.5_sft_lora_chat_template_nl_ep2,Other
qwen2.5-7b_sql,ft/def/new_negatives/nl/qwen2.5_sft_lora_chat_template_nl_ep2,5_has_all,,,,,ft/def/new_negatives/nl/qwen2.5_sft_lora_chat_template_nl_ep2,Other
qwen2.5-7b_sql,ft/def/new_negatives/sql/gemma7b_dpo_after_sft_ep1_sql_ep1_withbadformat_bcoloss,1_easy_no_join,,,,,ft/def/new_negatives/sql/gemma7b_dpo_after_sft_ep1_sql_ep1_withbadformat_bcoloss,Other
qwen2.5-7b_sql,ft/def/new_negatives/sql/gemma7b_dpo_after_sft_ep1_sql_ep1_withbadformat_bcoloss,2_medium_join,,,,,ft/def/new_negatives/sql/gemma7b_dpo_after_sft_ep1_sql_ep1_withbadformat_bcoloss,Other
qwen2.5-7b_sql,ft/def/new_negatives/sql/gemma7b_dpo_after_sft_ep1_sql_ep1_withbadformat_bcoloss,3_has_aggr,,,,,ft/def/new_negatives/sql/gemma7b_dpo_after_sft_ep1_sql_ep1_withbadformat_bcoloss,Other
qwen2.5-7b_sql,ft/def/new_negatives/sql/gemma7b_dpo_after_sft_ep1_sql_ep1_withbadformat_bcoloss,4_has_union,,,,,ft/def/new_negatives/sql/gemma7b_dpo_after_sft_ep1_sql_ep1_withbadformat_bcoloss,Other
qwen2.5-7b_sql,ft/def/new_negatives/sql/gemma7b_dpo_after_sft_ep1_sql_ep1_withbadformat_bcoloss,5_has_all,,,,,ft/def/new_negatives/sql/gemma7b_dpo_after_sft_ep1_sql_ep1_withbadformat_bcoloss,Other
qwen2.5-7b_sql,ft/def/new_negatives/sql/gemma7b_dpo_after_sft_ep1_sql_ep2_withbadformat_bcoloss,1_easy_no_join,,,,,ft/def/new_negatives/sql/gemma7b_dpo_after_sft_ep1_sql_ep2_withbadformat_bcoloss,Other
qwen2.5-7b_sql,ft/def/new_negatives/sql/gemma7b_dpo_after_sft_ep1_sql_ep2_withbadformat_bcoloss,2_medium_join,,,,,ft/def/new_negatives/sql/gemma7b_dpo_after_sft_ep1_sql_ep2_withbadformat_bcoloss,Other
qwen2.5-7b_sql,ft/def/new_negatives/sql/gemma7b_dpo_after_sft_ep1_sql_ep2_withbadformat_bcoloss,3_has_aggr,,,,,ft/def/new_negatives/sql/gemma7b_dpo_after_sft_ep1_sql_ep2_withbadformat_bcoloss,Other
qwen2.5-7b_sql,ft/def/new_negatives/sql/gemma7b_dpo_after_sft_ep1_sql_ep2_withbadformat_bcoloss,4_has_union,,,,,ft/def/new_negatives/sql/gemma7b_dpo_after_sft_ep1_sql_ep2_withbadformat_bcoloss,Other
qwen2.5-7b_sql,ft/def/new_negatives/sql/gemma7b_dpo_after_sft_ep1_sql_ep2_withbadformat_bcoloss,5_has_all,,,,,ft/def/new_negatives/sql/gemma7b_dpo_after_sft_ep1_sql_ep2_withbadformat_bcoloss,Other
qwen2.5-7b_sql,ft/def/new_negatives/sql/gemma7b_dpo_after_sft_ep2_sql_ep1_withbadformat_bcoloss,1_easy_no_join,,,,,ft/def/new_negatives/sql/gemma7b_dpo_after_sft_ep2_sql_ep1_withbadformat_bcoloss,Other
qwen2.5-7b_sql,ft/def/new_negatives/sql/gemma7b_dpo_after_sft_ep2_sql_ep1_withbadformat_bcoloss,2_medium_join,,,,,ft/def/new_negatives/sql/gemma7b_dpo_after_sft_ep2_sql_ep1_withbadformat_bcoloss,Other
qwen2.5-7b_sql,ft/def/new_negatives/sql/gemma7b_dpo_after_sft_ep2_sql_ep1_withbadformat_bcoloss,3_has_aggr,,,,,ft/def/new_negatives/sql/gemma7b_dpo_after_sft_ep2_sql_ep1_withbadformat_bcoloss,Other
qwen2.5-7b_sql,ft/def/new_negatives/sql/gemma7b_dpo_after_sft_ep2_sql_ep1_withbadformat_bcoloss,4_has_union,,,,,ft/def/new_negatives/sql/gemma7b_dpo_after_sft_ep2_sql_ep1_withbadformat_bcoloss,Other
qwen2.5-7b_sql,ft/def/new_negatives/sql/gemma7b_dpo_after_sft_ep2_sql_ep1_withbadformat_bcoloss,5_has_all,,,,,ft/def/new_negatives/sql/gemma7b_dpo_after_sft_ep2_sql_ep1_withbadformat_bcoloss,Other
qwen2.5-7b_sql,ft/def/new_negatives/sql/gemma7b_dpo_after_sft_ep2_sql_ep2_withbadformat_bcoloss,1_easy_no_join,,,,,ft/def/new_negatives/sql/gemma7b_dpo_after_sft_ep2_sql_ep2_withbadformat_bcoloss,Other
qwen2.5-7b_sql,ft/def/new_negatives/sql/gemma7b_dpo_after_sft_ep2_sql_ep2_withbadformat_bcoloss,2_medium_join,,,,,ft/def/new_negatives/sql/gemma7b_dpo_after_sft_ep2_sql_ep2_withbadformat_bcoloss,Other
qwen2.5-7b_sql,ft/def/new_negatives/sql/gemma7b_dpo_after_sft_ep2_sql_ep2_withbadformat_bcoloss,3_has_aggr,,,,,ft/def/new_negatives/sql/gemma7b_dpo_after_sft_ep2_sql_ep2_withbadformat_bcoloss,Other
qwen2.5-7b_sql,ft/def/new_negatives/sql/gemma7b_dpo_after_sft_ep2_sql_ep2_withbadformat_bcoloss,4_has_union,,,,,ft/def/new_negatives/sql/gemma7b_dpo_after_sft_ep2_sql_ep2_withbadformat_bcoloss,Other
qwen2.5-7b_sql,ft/def/new_negatives/sql/gemma7b_dpo_after_sft_ep2_sql_ep2_withbadformat_bcoloss,5_has_all,,,,,ft/def/new_negatives/sql/gemma7b_dpo_after_sft_ep2_sql_ep2_withbadformat_bcoloss,Other
qwen2.5-7b_sql,ft/def/new_negatives/sql/gemma7b_sft_lora_chat_template_sql_ep1,1_easy_no_join,,,,,ft/def/new_negatives/sql/gemma7b_sft_lora_chat_template_sql_ep1,Other
qwen2.5-7b_sql,ft/def/new_negatives/sql/gemma7b_sft_lora_chat_template_sql_ep1,2_medium_join,,,,,ft/def/new_negatives/sql/gemma7b_sft_lora_chat_template_sql_ep1,Other
qwen2.5-7b_sql,ft/def/new_negatives/sql/gemma7b_sft_lora_chat_template_sql_ep1,3_has_aggr,,,,,ft/def/new_negatives/sql/gemma7b_sft_lora_chat_template_sql_ep1,Other
qwen2.5-7b_sql,ft/def/new_negatives/sql/gemma7b_sft_lora_chat_template_sql_ep1,4_has_union,,,,,ft/def/new_negatives/sql/gemma7b_sft_lora_chat_template_sql_ep1,Other
qwen2.5-7b_sql,ft/def/new_negatives/sql/gemma7b_sft_lora_chat_template_sql_ep1,5_has_all,,,,,ft/def/new_negatives/sql/gemma7b_sft_lora_chat_template_sql_ep1,Other
qwen2.5-7b_sql,ft/def/new_negatives/sql/gemma7b_sft_lora_chat_template_sql_ep2,1_easy_no_join,,,,,ft/def/new_negatives/sql/gemma7b_sft_lora_chat_template_sql_ep2,Other
qwen2.5-7b_sql,ft/def/new_negatives/sql/gemma7b_sft_lora_chat_template_sql_ep2,2_medium_join,,,,,ft/def/new_negatives/sql/gemma7b_sft_lora_chat_template_sql_ep2,Other
qwen2.5-7b_sql,ft/def/new_negatives/sql/gemma7b_sft_lora_chat_template_sql_ep2,3_has_aggr,,,,,ft/def/new_negatives/sql/gemma7b_sft_lora_chat_template_sql_ep2,Other
qwen2.5-7b_sql,ft/def/new_negatives/sql/gemma7b_sft_lora_chat_template_sql_ep2,4_has_union,,,,,ft/def/new_negatives/sql/gemma7b_sft_lora_chat_template_sql_ep2,Other
qwen2.5-7b_sql,ft/def/new_negatives/sql/gemma7b_sft_lora_chat_template_sql_ep2,5_has_all,,,,,ft/def/new_negatives/sql/gemma7b_sft_lora_chat_template_sql_ep2,Other
qwen2.5-7b_sql,ft/def/new_negatives/sql/qwen2.5_dpo_after_sft_ep1_sql_ep1_withbadformat_bcoloss,1_easy_no_join,13.0,0.5806451612903226,0.5666666666666667,0.380952380952381,DPO (SQL) ep1 SFT ep1,DPO
qwen2.5-7b_sql,ft/def/new_negatives/sql/qwen2.5_dpo_after_sft_ep1_sql_ep1_withbadformat_bcoloss,2_medium_join,6.0,0.35294117647058826,0.10526315789473682,0.10526315789473682,DPO (SQL) ep1 SFT ep1,DPO
qwen2.5-7b_sql,ft/def/new_negatives/sql/qwen2.5_dpo_after_sft_ep1_sql_ep1_withbadformat_bcoloss,3_has_aggr,23.0,0.0,0.4166666666666667,0.0,DPO (SQL) ep1 SFT ep1,DPO
qwen2.5-7b_sql,ft/def/new_negatives/sql/qwen2.5_dpo_after_sft_ep1_sql_ep1_withbadformat_bcoloss,4_has_union,125.0,0.730210016155089,0.7344262295081967,0.6336,DPO (SQL) ep1 SFT ep1,DPO
qwen2.5-7b_sql,ft/def/new_negatives/sql/qwen2.5_dpo_after_sft_ep1_sql_ep1_withbadformat_bcoloss,5_has_all,74.0,0.5157894736842106,0.568421052631579,0.48421052631578954,DPO (SQL) ep1 SFT ep1,DPO
qwen2.5-7b_sql,ft/def/new_negatives/sql/qwen2.5_dpo_after_sft_ep1_sql_ep2_withbadformat_bcoloss,1_easy_no_join,13.0,0.9599999999999999,0.9473684210526315,0.9210526315789475,DPO (SQL) ep1 SFT ep2,DPO
qwen2.5-7b_sql,ft/def/new_negatives/sql/qwen2.5_dpo_after_sft_ep1_sql_ep2_withbadformat_bcoloss,2_medium_join,6.0,0.42105263157894735,0.19047619047619044,0.19047619047619044,DPO (SQL) ep1 SFT ep2,DPO
qwen2.5-7b_sql,ft/def/new_negatives/sql/qwen2.5_dpo_after_sft_ep1_sql_ep2_withbadformat_bcoloss,3_has_aggr,23.0,0.0,0.5853658536585367,0.0,DPO (SQL) ep1 SFT ep2,DPO
qwen2.5-7b_sql,ft/def/new_negatives/sql/qwen2.5_dpo_after_sft_ep1_sql_ep2_withbadformat_bcoloss,4_has_union,125.0,0.7547169811320755,0.8301886792452831,0.6859623733719248,DPO (SQL) ep1 SFT ep2,DPO
qwen2.5-7b_sql,ft/def/new_negatives/sql/qwen2.5_dpo_after_sft_ep1_sql_ep2_withbadformat_bcoloss,5_has_all,74.0,0.6899563318777292,0.7947598253275109,0.6637554585152838,DPO (SQL) ep1 SFT ep2,DPO
qwen2.5-7b_sql,ft/def/new_negatives/sql/qwen2.5_dpo_after_sft_ep2_sql_ep1_withbadformat_bcoloss,1_easy_no_join,13.0,0.5806451612903226,0.5666666666666667,0.380952380952381,DPO (SQL) ep2 SFT ep1,DPO
qwen2.5-7b_sql,ft/def/new_negatives/sql/qwen2.5_dpo_after_sft_ep2_sql_ep1_withbadformat_bcoloss,2_medium_join,6.0,0.35294117647058826,0.10526315789473682,0.10526315789473682,DPO (SQL) ep2 SFT ep1,DPO
qwen2.5-7b_sql,ft/def/new_negatives/sql/qwen2.5_dpo_after_sft_ep2_sql_ep1_withbadformat_bcoloss,3_has_aggr,23.0,0.0,0.46376811594202894,0.0,DPO (SQL) ep2 SFT ep1,DPO
qwen2.5-7b_sql,ft/def/new_negatives/sql/qwen2.5_dpo_after_sft_ep2_sql_ep1_withbadformat_bcoloss,4_has_union,125.0,0.7272727272727273,0.7053140096618358,0.593167701863354,DPO (SQL) ep2 SFT ep1,DPO
qwen2.5-7b_sql,ft/def/new_negatives/sql/qwen2.5_dpo_after_sft_ep2_sql_ep1_withbadformat_bcoloss,5_has_all,74.0,0.5654450261780105,0.6073298429319371,0.5340314136125655,DPO (SQL) ep2 SFT ep1,DPO
qwen2.5-7b_sql,ft/def/new_negatives/sql/qwen2.5_dpo_after_sft_ep2_sql_ep2_withbadformat_bcoloss,1_easy_no_join,13.0,0.9599999999999999,0.9473684210526315,0.9210526315789475,DPO (SQL) ep2 SFT ep2,DPO
qwen2.5-7b_sql,ft/def/new_negatives/sql/qwen2.5_dpo_after_sft_ep2_sql_ep2_withbadformat_bcoloss,2_medium_join,6.0,0.5714285714285714,0.3478260869565218,0.3478260869565218,DPO (SQL) ep2 SFT ep2,DPO
qwen2.5-7b_sql,ft/def/new_negatives/sql/qwen2.5_dpo_after_sft_ep2_sql_ep2_withbadformat_bcoloss,3_has_aggr,23.0,0.0,0.6341463414634146,0.0,DPO (SQL) ep2 SFT ep2,DPO
qwen2.5-7b_sql,ft/def/new_negatives/sql/qwen2.5_dpo_after_sft_ep2_sql_ep2_withbadformat_bcoloss,4_has_union,125.0,0.7463556851311953,0.8221574344023324,0.6783114992721979,DPO (SQL) ep2 SFT ep2,DPO
qwen2.5-7b_sql,ft/def/new_negatives/sql/qwen2.5_dpo_after_sft_ep2_sql_ep2_withbadformat_bcoloss,5_has_all,74.0,0.7000000000000001,0.7873303167420815,0.6696832579185521,DPO (SQL) ep2 SFT ep2,DPO
qwen2.5-7b_sql,ft/def/new_negatives/sql/qwen2.5_sft_lora_chat_template_sql_ep1,1_easy_no_join,13.0,0.6031746031746031,0.6562499999999999,0.53125,SFT (SQL) ep1,SFT
qwen2.5-7b_sql,ft/def/new_negatives/sql/qwen2.5_sft_lora_chat_template_sql_ep1,2_medium_join,6.0,0.4761904761904762,0.08695652173913045,0.08695652173913045,SFT (SQL) ep1,SFT
qwen2.5-7b_sql,ft/def/new_negatives/sql/qwen2.5_sft_lora_chat_template_sql_ep1,3_has_aggr,23.0,0.0,0.3235294117647059,0.0,SFT (SQL) ep1,SFT
qwen2.5-7b_sql,ft/def/new_negatives/sql/qwen2.5_sft_lora_chat_template_sql_ep1,4_has_union,125.0,0.7439759036144579,0.6012861736334405,0.5074626865671641,SFT (SQL) ep1,SFT
qwen2.5-7b_sql,ft/def/new_negatives/sql/qwen2.5_sft_lora_chat_template_sql_ep1,5_has_all,74.0,0.4067796610169491,0.192090395480226,0.1807909604519774,SFT (SQL) ep1,SFT
qwen2.5-7b_sql,ft/def/new_negatives/sql/qwen2.5_sft_lora_chat_template_sql_ep2,1_easy_no_join,13.0,0.5671641791044776,0.6461538461538461,0.4411764705882353,SFT (SQL) ep2,SFT
qwen2.5-7b_sql,ft/def/new_negatives/sql/qwen2.5_sft_lora_chat_template_sql_ep2,2_medium_join,6.0,0.4761904761904762,0.08695652173913045,0.08695652173913045,SFT (SQL) ep2,SFT
qwen2.5-7b_sql,ft/def/new_negatives/sql/qwen2.5_sft_lora_chat_template_sql_ep2,3_has_aggr,23.0,0.0,0.4210526315789474,0.0,SFT (SQL) ep2,SFT
qwen2.5-7b_sql,ft/def/new_negatives/sql/qwen2.5_sft_lora_chat_template_sql_ep2,4_has_union,125.0,0.7023809523809524,0.6270928462709284,0.528023598820059,SFT (SQL) ep2,SFT
qwen2.5-7b_sql,ft/def/new_negatives/sql/qwen2.5_sft_lora_chat_template_sql_ep2,5_has_all,74.0,0.5482233502538072,0.3756345177664974,0.3248730964467005,SFT (SQL) ep2,SFT
qwen2.5-7b_sql,ft/new_negatives/nl/llama3_8b_dpo_after_sft_ep1_nl_ep1_withbadformat_bcoloss,1_easy_no_join,,,,,ft/new_negatives/nl/llama3_8b_dpo_after_sft_ep1_nl_ep1_withbadformat_bcoloss,Other
qwen2.5-7b_sql,ft/new_negatives/nl/llama3_8b_dpo_after_sft_ep1_nl_ep1_withbadformat_bcoloss,2_medium_join,,,,,ft/new_negatives/nl/llama3_8b_dpo_after_sft_ep1_nl_ep1_withbadformat_bcoloss,Other
qwen2.5-7b_sql,ft/new_negatives/nl/llama3_8b_dpo_after_sft_ep1_nl_ep1_withbadformat_bcoloss,3_has_aggr,,,,,ft/new_negatives/nl/llama3_8b_dpo_after_sft_ep1_nl_ep1_withbadformat_bcoloss,Other
qwen2.5-7b_sql,ft/new_negatives/nl/llama3_8b_dpo_after_sft_ep1_nl_ep1_withbadformat_bcoloss,4_has_union,,,,,ft/new_negatives/nl/llama3_8b_dpo_after_sft_ep1_nl_ep1_withbadformat_bcoloss,Other
qwen2.5-7b_sql,ft/new_negatives/nl/llama3_8b_dpo_after_sft_ep1_nl_ep1_withbadformat_bcoloss,5_has_all,,,,,ft/new_negatives/nl/llama3_8b_dpo_after_sft_ep1_nl_ep1_withbadformat_bcoloss,Other
qwen2.5-7b_sql,ft/new_negatives/nl/llama3_8b_dpo_after_sft_ep1_nl_ep2_withbadformat_bcoloss,1_easy_no_join,,,,,ft/new_negatives/nl/llama3_8b_dpo_after_sft_ep1_nl_ep2_withbadformat_bcoloss,Other
qwen2.5-7b_sql,ft/new_negatives/nl/llama3_8b_dpo_after_sft_ep1_nl_ep2_withbadformat_bcoloss,2_medium_join,,,,,ft/new_negatives/nl/llama3_8b_dpo_after_sft_ep1_nl_ep2_withbadformat_bcoloss,Other
qwen2.5-7b_sql,ft/new_negatives/nl/llama3_8b_dpo_after_sft_ep1_nl_ep2_withbadformat_bcoloss,3_has_aggr,,,,,ft/new_negatives/nl/llama3_8b_dpo_after_sft_ep1_nl_ep2_withbadformat_bcoloss,Other
qwen2.5-7b_sql,ft/new_negatives/nl/llama3_8b_dpo_after_sft_ep1_nl_ep2_withbadformat_bcoloss,4_has_union,,,,,ft/new_negatives/nl/llama3_8b_dpo_after_sft_ep1_nl_ep2_withbadformat_bcoloss,Other
qwen2.5-7b_sql,ft/new_negatives/nl/llama3_8b_dpo_after_sft_ep1_nl_ep2_withbadformat_bcoloss,5_has_all,,,,,ft/new_negatives/nl/llama3_8b_dpo_after_sft_ep1_nl_ep2_withbadformat_bcoloss,Other
qwen2.5-7b_sql,ft/new_negatives/nl/llama3_8b_dpo_after_sft_ep2_nl_ep1_withbadformat_bcoloss,1_easy_no_join,,,,,ft/new_negatives/nl/llama3_8b_dpo_after_sft_ep2_nl_ep1_withbadformat_bcoloss,Other
qwen2.5-7b_sql,ft/new_negatives/nl/llama3_8b_dpo_after_sft_ep2_nl_ep1_withbadformat_bcoloss,2_medium_join,,,,,ft/new_negatives/nl/llama3_8b_dpo_after_sft_ep2_nl_ep1_withbadformat_bcoloss,Other
qwen2.5-7b_sql,ft/new_negatives/nl/llama3_8b_dpo_after_sft_ep2_nl_ep1_withbadformat_bcoloss,3_has_aggr,,,,,ft/new_negatives/nl/llama3_8b_dpo_after_sft_ep2_nl_ep1_withbadformat_bcoloss,Other
qwen2.5-7b_sql,ft/new_negatives/nl/llama3_8b_dpo_after_sft_ep2_nl_ep1_withbadformat_bcoloss,4_has_union,,,,,ft/new_negatives/nl/llama3_8b_dpo_after_sft_ep2_nl_ep1_withbadformat_bcoloss,Other
qwen2.5-7b_sql,ft/new_negatives/nl/llama3_8b_dpo_after_sft_ep2_nl_ep1_withbadformat_bcoloss,5_has_all,,,,,ft/new_negatives/nl/llama3_8b_dpo_after_sft_ep2_nl_ep1_withbadformat_bcoloss,Other
qwen2.5-7b_sql,ft/new_negatives/nl/llama3_8b_dpo_after_sft_ep2_nl_ep2_withbadformat_bcoloss,1_easy_no_join,,,,,ft/new_negatives/nl/llama3_8b_dpo_after_sft_ep2_nl_ep2_withbadformat_bcoloss,Other
qwen2.5-7b_sql,ft/new_negatives/nl/llama3_8b_dpo_after_sft_ep2_nl_ep2_withbadformat_bcoloss,2_medium_join,,,,,ft/new_negatives/nl/llama3_8b_dpo_after_sft_ep2_nl_ep2_withbadformat_bcoloss,Other
qwen2.5-7b_sql,ft/new_negatives/nl/llama3_8b_dpo_after_sft_ep2_nl_ep2_withbadformat_bcoloss,3_has_aggr,,,,,ft/new_negatives/nl/llama3_8b_dpo_after_sft_ep2_nl_ep2_withbadformat_bcoloss,Other
qwen2.5-7b_sql,ft/new_negatives/nl/llama3_8b_dpo_after_sft_ep2_nl_ep2_withbadformat_bcoloss,4_has_union,,,,,ft/new_negatives/nl/llama3_8b_dpo_after_sft_ep2_nl_ep2_withbadformat_bcoloss,Other
qwen2.5-7b_sql,ft/new_negatives/nl/llama3_8b_dpo_after_sft_ep2_nl_ep2_withbadformat_bcoloss,5_has_all,,,,,ft/new_negatives/nl/llama3_8b_dpo_after_sft_ep2_nl_ep2_withbadformat_bcoloss,Other
qwen2.5-7b_sql,ft/new_negatives/nl/llama3_8b_sft_lora_chat_template_nl_ep1,1_easy_no_join,,,,,ft/new_negatives/nl/llama3_8b_sft_lora_chat_template_nl_ep1,Other
qwen2.5-7b_sql,ft/new_negatives/nl/llama3_8b_sft_lora_chat_template_nl_ep1,2_medium_join,,,,,ft/new_negatives/nl/llama3_8b_sft_lora_chat_template_nl_ep1,Other
qwen2.5-7b_sql,ft/new_negatives/nl/llama3_8b_sft_lora_chat_template_nl_ep1,3_has_aggr,,,,,ft/new_negatives/nl/llama3_8b_sft_lora_chat_template_nl_ep1,Other
qwen2.5-7b_sql,ft/new_negatives/nl/llama3_8b_sft_lora_chat_template_nl_ep1,4_has_union,,,,,ft/new_negatives/nl/llama3_8b_sft_lora_chat_template_nl_ep1,Other
qwen2.5-7b_sql,ft/new_negatives/nl/llama3_8b_sft_lora_chat_template_nl_ep1,5_has_all,,,,,ft/new_negatives/nl/llama3_8b_sft_lora_chat_template_nl_ep1,Other
qwen2.5-7b_sql,ft/new_negatives/nl/llama3_8b_sft_lora_chat_template_nl_ep2,1_easy_no_join,,,,,ft/new_negatives/nl/llama3_8b_sft_lora_chat_template_nl_ep2,Other
qwen2.5-7b_sql,ft/new_negatives/nl/llama3_8b_sft_lora_chat_template_nl_ep2,2_medium_join,,,,,ft/new_negatives/nl/llama3_8b_sft_lora_chat_template_nl_ep2,Other
qwen2.5-7b_sql,ft/new_negatives/nl/llama3_8b_sft_lora_chat_template_nl_ep2,3_has_aggr,,,,,ft/new_negatives/nl/llama3_8b_sft_lora_chat_template_nl_ep2,Other
qwen2.5-7b_sql,ft/new_negatives/nl/llama3_8b_sft_lora_chat_template_nl_ep2,4_has_union,,,,,ft/new_negatives/nl/llama3_8b_sft_lora_chat_template_nl_ep2,Other
qwen2.5-7b_sql,ft/new_negatives/nl/llama3_8b_sft_lora_chat_template_nl_ep2,5_has_all,,,,,ft/new_negatives/nl/llama3_8b_sft_lora_chat_template_nl_ep2,Other
qwen2.5-7b_sql,ft/new_negatives/sql/llama3_8b_dpo_after_sft_ep1_sql_ep1_withbadformat_bcoloss,1_easy_no_join,,,,,ft/new_negatives/sql/llama3_8b_dpo_after_sft_ep1_sql_ep1_withbadformat_bcoloss,Other
qwen2.5-7b_sql,ft/new_negatives/sql/llama3_8b_dpo_after_sft_ep1_sql_ep1_withbadformat_bcoloss,2_medium_join,,,,,ft/new_negatives/sql/llama3_8b_dpo_after_sft_ep1_sql_ep1_withbadformat_bcoloss,Other
qwen2.5-7b_sql,ft/new_negatives/sql/llama3_8b_dpo_after_sft_ep1_sql_ep1_withbadformat_bcoloss,3_has_aggr,,,,,ft/new_negatives/sql/llama3_8b_dpo_after_sft_ep1_sql_ep1_withbadformat_bcoloss,Other
qwen2.5-7b_sql,ft/new_negatives/sql/llama3_8b_dpo_after_sft_ep1_sql_ep1_withbadformat_bcoloss,4_has_union,,,,,ft/new_negatives/sql/llama3_8b_dpo_after_sft_ep1_sql_ep1_withbadformat_bcoloss,Other
qwen2.5-7b_sql,ft/new_negatives/sql/llama3_8b_dpo_after_sft_ep1_sql_ep1_withbadformat_bcoloss,5_has_all,,,,,ft/new_negatives/sql/llama3_8b_dpo_after_sft_ep1_sql_ep1_withbadformat_bcoloss,Other
qwen2.5-7b_sql,ft/new_negatives/sql/llama3_8b_dpo_after_sft_ep1_sql_ep2_withbadformat_bcoloss,1_easy_no_join,,,,,ft/new_negatives/sql/llama3_8b_dpo_after_sft_ep1_sql_ep2_withbadformat_bcoloss,Other
qwen2.5-7b_sql,ft/new_negatives/sql/llama3_8b_dpo_after_sft_ep1_sql_ep2_withbadformat_bcoloss,2_medium_join,,,,,ft/new_negatives/sql/llama3_8b_dpo_after_sft_ep1_sql_ep2_withbadformat_bcoloss,Other
qwen2.5-7b_sql,ft/new_negatives/sql/llama3_8b_dpo_after_sft_ep1_sql_ep2_withbadformat_bcoloss,3_has_aggr,,,,,ft/new_negatives/sql/llama3_8b_dpo_after_sft_ep1_sql_ep2_withbadformat_bcoloss,Other
qwen2.5-7b_sql,ft/new_negatives/sql/llama3_8b_dpo_after_sft_ep1_sql_ep2_withbadformat_bcoloss,4_has_union,,,,,ft/new_negatives/sql/llama3_8b_dpo_after_sft_ep1_sql_ep2_withbadformat_bcoloss,Other
qwen2.5-7b_sql,ft/new_negatives/sql/llama3_8b_dpo_after_sft_ep1_sql_ep2_withbadformat_bcoloss,5_has_all,,,,,ft/new_negatives/sql/llama3_8b_dpo_after_sft_ep1_sql_ep2_withbadformat_bcoloss,Other
qwen2.5-7b_sql,ft/new_negatives/sql/llama3_8b_dpo_after_sft_ep2_sql_ep1_withbadformat_bcoloss,1_easy_no_join,,,,,ft/new_negatives/sql/llama3_8b_dpo_after_sft_ep2_sql_ep1_withbadformat_bcoloss,Other
qwen2.5-7b_sql,ft/new_negatives/sql/llama3_8b_dpo_after_sft_ep2_sql_ep1_withbadformat_bcoloss,2_medium_join,,,,,ft/new_negatives/sql/llama3_8b_dpo_after_sft_ep2_sql_ep1_withbadformat_bcoloss,Other
qwen2.5-7b_sql,ft/new_negatives/sql/llama3_8b_dpo_after_sft_ep2_sql_ep1_withbadformat_bcoloss,3_has_aggr,,,,,ft/new_negatives/sql/llama3_8b_dpo_after_sft_ep2_sql_ep1_withbadformat_bcoloss,Other
qwen2.5-7b_sql,ft/new_negatives/sql/llama3_8b_dpo_after_sft_ep2_sql_ep1_withbadformat_bcoloss,4_has_union,,,,,ft/new_negatives/sql/llama3_8b_dpo_after_sft_ep2_sql_ep1_withbadformat_bcoloss,Other
qwen2.5-7b_sql,ft/new_negatives/sql/llama3_8b_dpo_after_sft_ep2_sql_ep1_withbadformat_bcoloss,5_has_all,,,,,ft/new_negatives/sql/llama3_8b_dpo_after_sft_ep2_sql_ep1_withbadformat_bcoloss,Other
qwen2.5-7b_sql,ft/new_negatives/sql/llama3_8b_dpo_after_sft_ep2_sql_ep2_withbadformat_bcoloss,1_easy_no_join,,,,,ft/new_negatives/sql/llama3_8b_dpo_after_sft_ep2_sql_ep2_withbadformat_bcoloss,Other
qwen2.5-7b_sql,ft/new_negatives/sql/llama3_8b_dpo_after_sft_ep2_sql_ep2_withbadformat_bcoloss,2_medium_join,,,,,ft/new_negatives/sql/llama3_8b_dpo_after_sft_ep2_sql_ep2_withbadformat_bcoloss,Other
qwen2.5-7b_sql,ft/new_negatives/sql/llama3_8b_dpo_after_sft_ep2_sql_ep2_withbadformat_bcoloss,3_has_aggr,,,,,ft/new_negatives/sql/llama3_8b_dpo_after_sft_ep2_sql_ep2_withbadformat_bcoloss,Other
qwen2.5-7b_sql,ft/new_negatives/sql/llama3_8b_dpo_after_sft_ep2_sql_ep2_withbadformat_bcoloss,4_has_union,,,,,ft/new_negatives/sql/llama3_8b_dpo_after_sft_ep2_sql_ep2_withbadformat_bcoloss,Other
qwen2.5-7b_sql,ft/new_negatives/sql/llama3_8b_dpo_after_sft_ep2_sql_ep2_withbadformat_bcoloss,5_has_all,,,,,ft/new_negatives/sql/llama3_8b_dpo_after_sft_ep2_sql_ep2_withbadformat_bcoloss,Other
qwen2.5-7b_sql,ft/new_negatives/sql/llama3_8b_sft_lora_chat_template_sql_ep1,1_easy_no_join,,,,,ft/new_negatives/sql/llama3_8b_sft_lora_chat_template_sql_ep1,Other
qwen2.5-7b_sql,ft/new_negatives/sql/llama3_8b_sft_lora_chat_template_sql_ep1,2_medium_join,,,,,ft/new_negatives/sql/llama3_8b_sft_lora_chat_template_sql_ep1,Other
qwen2.5-7b_sql,ft/new_negatives/sql/llama3_8b_sft_lora_chat_template_sql_ep1,3_has_aggr,,,,,ft/new_negatives/sql/llama3_8b_sft_lora_chat_template_sql_ep1,Other
qwen2.5-7b_sql,ft/new_negatives/sql/llama3_8b_sft_lora_chat_template_sql_ep1,4_has_union,,,,,ft/new_negatives/sql/llama3_8b_sft_lora_chat_template_sql_ep1,Other
qwen2.5-7b_sql,ft/new_negatives/sql/llama3_8b_sft_lora_chat_template_sql_ep1,5_has_all,,,,,ft/new_negatives/sql/llama3_8b_sft_lora_chat_template_sql_ep1,Other
qwen2.5-7b_sql,ft/new_negatives/sql/llama3_8b_sft_lora_chat_template_sql_ep2,1_easy_no_join,,,,,ft/new_negatives/sql/llama3_8b_sft_lora_chat_template_sql_ep2,Other
qwen2.5-7b_sql,ft/new_negatives/sql/llama3_8b_sft_lora_chat_template_sql_ep2,2_medium_join,,,,,ft/new_negatives/sql/llama3_8b_sft_lora_chat_template_sql_ep2,Other
qwen2.5-7b_sql,ft/new_negatives/sql/llama3_8b_sft_lora_chat_template_sql_ep2,3_has_aggr,,,,,ft/new_negatives/sql/llama3_8b_sft_lora_chat_template_sql_ep2,Other
qwen2.5-7b_sql,ft/new_negatives/sql/llama3_8b_sft_lora_chat_template_sql_ep2,4_has_union,,,,,ft/new_negatives/sql/llama3_8b_sft_lora_chat_template_sql_ep2,Other
qwen2.5-7b_sql,ft/new_negatives/sql/llama3_8b_sft_lora_chat_template_sql_ep2,5_has_all,,,,,ft/new_negatives/sql/llama3_8b_sft_lora_chat_template_sql_ep2,Other
